age,gender,race,pred,s,agegroup,gender_female,gender_male,race_20170109142408075.jpg.chip.jpg,race_Asian,race_Black,race_Indian,race_Others,race_White,agegroup_0-4,agegroup_5-17,agegroup_18-24,agegroup_25-34,agegroup_35-44,agegroup_45-64,agegroup_65-84,agegroup_85-99,agegroup_100-119
39,female,White,28.200042724609375,10.799957275390625,35-44,True,False,False,False,False,False,False,True,False,False,False,False,True,False,False,False,False
53,female,Indian,34.90876770019531,18.091232299804688,45-64,True,False,False,False,False,True,False,False,False,False,False,False,False,True,False,False,False
36,female,Indian,44.994102478027344,8.994102478027344,35-44,True,False,False,False,False,True,False,False,False,False,False,False,True,False,False,False,False
25,female,White,38.25348663330078,13.253486633300781,25-34,True,False,False,False,False,False,False,True,False,False,False,True,False,False,False,False,False
63,female,White,49.546539306640625,13.453460693359375,45-64,True,False,False,False,False,False,False,True,False,False,False,False,False,True,False,False,False
26,female,Others,32.917808532714844,6.917808532714844,25-34,True,False,False,False,False,False,True,False,False,False,False,True,False,False,False,False,False
26,male,White,30.779296875,4.779296875,25-34,False,True,False,False,False,False,False,True,False,False,False,True,False,False,False,False,False
24,female,Others,22.346654891967773,1.6533451080322266,18-24,True,False,False,False,False,False,True,False,False,False,True,False,False,False,False,False,False
25,female,Indian,19.156103134155273,5.843896865844727,25-34,True,False,False,False,False,True,False,False,False,False,False,True,False,False,False,False,False
29,female,White,26.568025588989258,2.431974411010742,25-34,True,False,False,False,False,False,False,True,False,False,False,True,False,False,False,False,False
61,male,Indian,43.876930236816406,17.123069763183594,45-64,False,True,False,False,False,True,False,False,False,False,False,False,False,True,False,False,False
17,female,White,19.980382919311523,2.9803829193115234,5-17,True,False,False,False,False,False,False,True,False,True,False,False,False,False,False,False,False
55,male,Black,54.68971633911133,0.3102836608886719,45-64,False,True,False,False,True,False,False,False,False,False,False,False,False,True,False,False,False
34,male,White,29.398183822631836,4.601816177368164,25-34,False,True,False,False,False,False,False,True,False,False,False,True,False,False,False,False,False
17,female,White,28.198749542236328,11.198749542236328,5-17,True,False,False,False,False,False,False,True,False,True,False,False,False,False,False,False,False
26,female,Black,25.08347511291504,0.9165248870849609,25-34,True,False,False,False,True,False,False,False,False,False,False,True,False,False,False,False,False
63,female,White,52.92638397216797,10.073616027832031,45-64,True,False,False,False,False,False,False,True,False,False,False,False,False,True,False,False,False
26,female,Black,24.603422164916992,1.3965778350830078,25-34,True,False,False,False,True,False,False,False,False,False,False,True,False,False,False,False,False
1,male,Asian,0.04236334562301636,0.9576366543769836,0-4,False,True,False,True,False,False,False,False,True,False,False,False,False,False,False,False,False
16,male,White,21.1291561126709,5.129156112670898,5-17,False,True,False,False,False,False,False,True,False,True,False,False,False,False,False,False,False
16,female,White,16.521818161010742,0.5218181610107422,5-17,True,False,False,False,False,False,False,True,False,True,False,False,False,False,False,False,False
25,male,Black,21.5832462310791,3.4167537689208984,25-34,False,True,False,False,True,False,False,False,False,False,False,True,False,False,False,False,False
26,male,White,29.53252601623535,3.5325260162353516,25-34,False,True,False,False,False,False,False,True,False,False,False,True,False,False,False,False,False
7,female,White,4.844929218292236,2.1550707817077637,5-17,True,False,False,False,False,False,False,True,False,True,False,False,False,False,False,False,False
41,male,Black,43.829864501953125,2.829864501953125,35-44,False,True,False,False,True,False,False,False,False,False,False,False,True,False,False,False,False
17,female,Others,18.31978416442871,1.319784164428711,5-17,True,False,False,False,False,False,True,False,False,True,False,False,False,False,False,False,False
28,male,White,31.781328201293945,3.7813282012939453,25-34,False,True,False,False,False,False,False,True,False,False,False,True,False,False,False,False,False
24,male,Asian,25.55992317199707,1.5599231719970703,18-24,False,True,False,True,False,False,False,False,False,False,True,False,False,False,False,False,False
1,female,White,-0.5765913128852844,1.5765913128852844,0-4,True,False,False,False,False,False,False,True,True,False,False,False,False,False,False,False,False
73,male,White,60.83253860473633,12.167461395263672,65-84,False,True,False,False,False,False,False,True,False,False,False,False,False,False,True,False,False
35,male,White,30.43801498413086,4.561985015869141,35-44,False,True,False,False,False,False,False,True,False,False,False,False,True,False,False,False,False
22,female,Indian,30.47002601623535,8.470026016235352,18-24,True,False,False,False,False,True,False,False,False,False,True,False,False,False,False,False,False
29,male,Indian,30.791494369506836,1.791494369506836,25-34,False,True,False,False,False,True,False,False,False,False,False,True,False,False,False,False,False
57,male,White,62.55242156982422,5.552421569824219,45-64,False,True,False,False,False,False,False,True,False,False,False,False,False,True,False,False,False
24,female,Others,20.15418243408203,3.8458175659179688,18-24,True,False,False,False,False,False,True,False,False,False,True,False,False,False,False,False,False
55,male,White,37.898460388183594,17.101539611816406,45-64,False,True,False,False,False,False,False,True,False,False,False,False,False,True,False,False,False
23,male,Asian,29.36216163635254,6.362161636352539,18-24,False,True,False,True,False,False,False,False,False,False,True,False,False,False,False,False,False
24,female,Asian,22.566566467285156,1.4334335327148438,18-24,True,False,False,True,False,False,False,False,False,False,True,False,False,False,False,False,False
21,female,Black,25.506181716918945,4.506181716918945,18-24,True,False,False,False,True,False,False,False,False,False,True,False,False,False,False,False,False
54,female,Asian,30.67447853088379,23.32552146911621,45-64,True,False,False,True,False,False,False,False,False,False,False,False,False,True,False,False,False
12,female,White,15.090177536010742,3.090177536010742,5-17,True,False,False,False,False,False,False,True,False,True,False,False,False,False,False,False,False
23,female,White,23.734220504760742,0.7342205047607422,18-24,True,False,False,False,False,False,False,True,False,False,True,False,False,False,False,False,False
36,female,Black,38.118896484375,2.118896484375,35-44,True,False,False,False,True,False,False,False,False,False,False,False,True,False,False,False,False
26,male,White,31.371761322021484,5.371761322021484,25-34,False,True,False,False,False,False,False,True,False,False,False,True,False,False,False,False,False
26,female,Asian,19.850549697875977,6.149450302124023,25-34,True,False,False,True,False,False,False,False,False,False,False,True,False,False,False,False,False
1,female,Others,1.588346242904663,0.5883462429046631,0-4,True,False,False,False,False,False,True,False,True,False,False,False,False,False,False,False,False
78,female,Asian,55.26103973388672,22.73896026611328,65-84,True,False,False,True,False,False,False,False,False,False,False,False,False,False,True,False,False
26,female,Black,36.90599060058594,10.905990600585938,25-34,True,False,False,False,True,False,False,False,False,False,False,True,False,False,False,False,False
34,male,Indian,43.53292465209961,9.53292465209961,25-34,False,True,False,False,False,True,False,False,False,False,False,True,False,False,False,False,False
18,female,White,22.835514068603516,4.835514068603516,18-24,True,False,False,False,False,False,False,True,False,False,True,False,False,False,False,False,False
30,female,Asian,27.345108032226562,2.6548919677734375,25-34,True,False,False,True,False,False,False,False,False,False,False,True,False,False,False,False,False
26,male,White,24.623247146606445,1.3767528533935547,25-34,False,True,False,False,False,False,False,True,False,False,False,True,False,False,False,False,False
26,male,Indian,35.296504974365234,9.296504974365234,25-34,False,True,False,False,False,True,False,False,False,False,False,True,False,False,False,False,False
33,female,White,38.019020080566406,5.019020080566406,25-34,True,False,False,False,False,False,False,True,False,False,False,True,False,False,False,False,False
27,male,Others,30.511661529541016,3.5116615295410156,25-34,False,True,False,False,False,False,True,False,False,False,False,True,False,False,False,False,False
49,male,Others,45.77452850341797,3.2254714965820312,45-64,False,True,False,False,False,False,True,False,False,False,False,False,False,True,False,False,False
4,male,Indian,2.4536681175231934,1.5463318824768066,0-4,False,True,False,False,False,True,False,False,True,False,False,False,False,False,False,False,False
12,female,Asian,16.89635467529297,4.896354675292969,5-17,True,False,False,True,False,False,False,False,False,True,False,False,False,False,False,False,False
35,male,Indian,29.08677101135254,5.913228988647461,35-44,False,True,False,False,False,True,False,False,False,False,False,False,True,False,False,False,False
73,male,Indian,62.328880310058594,10.671119689941406,65-84,False,True,False,False,False,True,False,False,False,False,False,False,False,False,True,False,False
21,female,Others,20.281816482543945,0.7181835174560547,18-24,True,False,False,False,False,False,True,False,False,False,True,False,False,False,False,False,False
26,female,Asian,20.878786087036133,5.121213912963867,25-34,True,False,False,True,False,False,False,False,False,False,False,True,False,False,False,False,False
24,male,Black,21.798917770385742,2.201082229614258,18-24,False,True,False,False,True,False,False,False,False,False,True,False,False,False,False,False,False
40,male,Asian,28.20845603942871,11.791543960571289,35-44,False,True,False,True,False,False,False,False,False,False,False,False,True,False,False,False,False
12,female,White,19.15764808654785,7.157648086547852,5-17,True,False,False,False,False,False,False,True,False,True,False,False,False,False,False,False,False
37,female,White,46.240699768066406,9.240699768066406,35-44,True,False,False,False,False,False,False,True,False,False,False,False,True,False,False,False,False
60,male,Black,61.44892501831055,1.4489250183105469,45-64,False,True,False,False,True,False,False,False,False,False,False,False,False,True,False,False,False
99,female,White,71.0485610961914,27.951438903808594,85-99,True,False,False,False,False,False,False,True,False,False,False,False,False,False,False,True,False
2,male,Asian,3.0493602752685547,1.0493602752685547,0-4,False,True,False,True,False,False,False,False,True,False,False,False,False,False,False,False,False
21,female,Black,31.695730209350586,10.695730209350586,18-24,True,False,False,False,True,False,False,False,False,False,True,False,False,False,False,False,False
32,male,Asian,28.851465225219727,3.1485347747802734,25-34,False,True,False,True,False,False,False,False,False,False,False,True,False,False,False,False,False
25,female,White,26.388044357299805,1.3880443572998047,25-34,True,False,False,False,False,False,False,True,False,False,False,True,False,False,False,False,False
5,female,Others,14.45797061920166,9.45797061920166,5-17,True,False,False,False,False,False,True,False,False,True,False,False,False,False,False,False,False
34,female,Black,30.790924072265625,3.209075927734375,25-34,True,False,False,False,True,False,False,False,False,False,False,True,False,False,False,False,False
12,female,Black,26.619712829589844,14.619712829589844,5-17,True,False,False,False,True,False,False,False,False,True,False,False,False,False,False,False,False
45,female,White,42.21095275878906,2.7890472412109375,45-64,True,False,False,False,False,False,False,True,False,False,False,False,False,True,False,False,False
39,male,White,50.27538299560547,11.275382995605469,35-44,False,True,False,False,False,False,False,True,False,False,False,False,True,False,False,False,False
30,male,Others,35.4801025390625,5.4801025390625,25-34,False,True,False,False,False,False,True,False,False,False,False,True,False,False,False,False,False
18,female,Indian,24.062402725219727,6.062402725219727,18-24,True,False,False,False,False,True,False,False,False,False,True,False,False,False,False,False,False
20,male,White,23.241491317749023,3.2414913177490234,18-24,False,True,False,False,False,False,False,True,False,False,True,False,False,False,False,False,False
26,female,Indian,23.622072219848633,2.377927780151367,25-34,True,False,False,False,False,True,False,False,False,False,False,True,False,False,False,False,False
35,male,Black,41.37897491455078,6.378974914550781,35-44,False,True,False,False,True,False,False,False,False,False,False,False,True,False,False,False,False
7,female,Others,4.00766134262085,2.9923386573791504,5-17,True,False,False,False,False,False,True,False,False,True,False,False,False,False,False,False,False
56,male,Black,50.064697265625,5.935302734375,45-64,False,True,False,False,True,False,False,False,False,False,False,False,False,True,False,False,False
54,male,Black,49.89024353027344,4.1097564697265625,45-64,False,True,False,False,True,False,False,False,False,False,False,False,False,True,False,False,False
22,female,Asian,33.528717041015625,11.528717041015625,18-24,True,False,False,True,False,False,False,False,False,False,True,False,False,False,False,False,False
30,male,White,32.30078125,2.30078125,25-34,False,True,False,False,False,False,False,True,False,False,False,True,False,False,False,False,False
42,male,Asian,39.39009475708008,2.609905242919922,35-44,False,True,False,True,False,False,False,False,False,False,False,False,True,False,False,False,False
26,female,Indian,28.202028274536133,2.202028274536133,25-34,True,False,False,False,False,True,False,False,False,False,False,True,False,False,False,False,False
9,male,White,7.619367599487305,1.3806324005126953,5-17,False,True,False,False,False,False,False,True,False,True,False,False,False,False,False,False,False
3,female,White,3.4943103790283203,0.4943103790283203,0-4,True,False,False,False,False,False,False,True,True,False,False,False,False,False,False,False,False
16,female,White,24.787933349609375,8.787933349609375,5-17,True,False,False,False,False,False,False,True,False,True,False,False,False,False,False,False,False
28,male,Asian,25.803752899169922,2.196247100830078,25-34,False,True,False,True,False,False,False,False,False,False,False,True,False,False,False,False,False
56,female,Black,32.70147705078125,23.29852294921875,45-64,True,False,False,False,True,False,False,False,False,False,False,False,False,True,False,False,False
3,male,Asian,3.0197489261627197,0.019748926162719727,0-4,False,True,False,True,False,False,False,False,True,False,False,False,False,False,False,False,False
84,female,Asian,78.01752471923828,5.982475280761719,65-84,True,False,False,True,False,False,False,False,False,False,False,False,False,False,True,False,False
24,female,Indian,23.99882698059082,0.0011730194091796875,18-24,True,False,False,False,False,True,False,False,False,False,True,False,False,False,False,False,False
25,male,Indian,22.91705322265625,2.08294677734375,25-34,False,True,False,False,False,True,False,False,False,False,False,True,False,False,False,False,False
56,male,White,61.792938232421875,5.792938232421875,45-64,False,True,False,False,False,False,False,True,False,False,False,False,False,True,False,False,False
40,male,White,38.14690399169922,1.8530960083007812,35-44,False,True,False,False,False,False,False,True,False,False,False,False,True,False,False,False,False
22,female,Asian,20.159217834472656,1.8407821655273438,18-24,True,False,False,True,False,False,False,False,False,False,True,False,False,False,False,False,False
1,female,Asian,2.0475716590881348,1.0475716590881348,0-4,True,False,False,True,False,False,False,False,True,False,False,False,False,False,False,False,False
50,male,Black,58.9897346496582,8.989734649658203,45-64,False,True,False,False,True,False,False,False,False,False,False,False,False,True,False,False,False
26,female,Asian,35.91545486450195,9.915454864501953,25-34,True,False,False,True,False,False,False,False,False,False,False,True,False,False,False,False,False
24,female,Indian,16.586708068847656,7.413291931152344,18-24,True,False,False,False,False,True,False,False,False,False,True,False,False,False,False,False,False
1,male,Others,1.4147952795028687,0.41479527950286865,0-4,False,True,False,False,False,False,True,False,True,False,False,False,False,False,False,False,False
65,male,White,52.837032318115234,12.162967681884766,65-84,False,True,False,False,False,False,False,True,False,False,False,False,False,False,True,False,False
35,male,White,36.80535125732422,1.8053512573242188,35-44,False,True,False,False,False,False,False,True,False,False,False,False,True,False,False,False,False
12,female,White,18.44312858581543,6.44312858581543,5-17,True,False,False,False,False,False,False,True,False,True,False,False,False,False,False,False,False
35,male,Others,39.955604553222656,4.955604553222656,35-44,False,True,False,False,False,False,True,False,False,False,False,False,True,False,False,False,False
30,female,Asian,24.50139617919922,5.498603820800781,25-34,True,False,False,True,False,False,False,False,False,False,False,True,False,False,False,False,False
27,male,Black,32.77869415283203,5.778694152832031,25-34,False,True,False,False,True,False,False,False,False,False,False,True,False,False,False,False,False
6,female,Asian,6.526942253112793,0.526942253112793,5-17,True,False,False,True,False,False,False,False,False,True,False,False,False,False,False,False,False
22,female,Others,22.320837020874023,0.32083702087402344,18-24,True,False,False,False,False,False,True,False,False,False,True,False,False,False,False,False,False
2,male,Asian,1.796761155128479,0.203238844871521,0-4,False,True,False,True,False,False,False,False,True,False,False,False,False,False,False,False,False
52,female,White,64.58369445800781,12.583694458007812,45-64,True,False,False,False,False,False,False,True,False,False,False,False,False,True,False,False,False
27,female,Indian,26.667823791503906,0.33217620849609375,25-34,True,False,False,False,False,True,False,False,False,False,False,True,False,False,False,False,False
2,male,Indian,6.871249198913574,4.871249198913574,0-4,False,True,False,False,False,True,False,False,True,False,False,False,False,False,False,False,False
28,female,Black,21.13449478149414,6.865505218505859,25-34,True,False,False,False,True,False,False,False,False,False,False,True,False,False,False,False,False
26,male,Others,36.72873306274414,10.72873306274414,25-34,False,True,False,False,False,False,True,False,False,False,False,True,False,False,False,False,False
26,male,Black,29.305631637573242,3.305631637573242,25-34,False,True,False,False,True,False,False,False,False,False,False,True,False,False,False,False,False
1,female,Others,1.0625195503234863,0.06251955032348633,0-4,True,False,False,False,False,False,True,False,True,False,False,False,False,False,False,False,False
25,female,Asian,24.28464698791504,0.7153530120849609,25-34,True,False,False,True,False,False,False,False,False,False,False,True,False,False,False,False,False
14,female,White,16.028932571411133,2.028932571411133,5-17,True,False,False,False,False,False,False,True,False,True,False,False,False,False,False,False,False
35,male,Indian,32.58717346191406,2.4128265380859375,35-44,False,True,False,False,False,True,False,False,False,False,False,False,True,False,False,False,False
38,male,White,35.56163024902344,2.4383697509765625,35-44,False,True,False,False,False,False,False,True,False,False,False,False,True,False,False,False,False
26,female,Black,32.529781341552734,6.529781341552734,25-34,True,False,False,False,True,False,False,False,False,False,False,True,False,False,False,False,False
30,female,Black,19.28617286682129,10.713827133178711,25-34,True,False,False,False,True,False,False,False,False,False,False,True,False,False,False,False,False
18,male,White,17.96685218811035,0.03314781188964844,18-24,False,True,False,False,False,False,False,True,False,False,True,False,False,False,False,False,False
19,female,White,14.029366493225098,4.970633506774902,18-24,True,False,False,False,False,False,False,True,False,False,True,False,False,False,False,False,False
36,male,White,43.392242431640625,7.392242431640625,35-44,False,True,False,False,False,False,False,True,False,False,False,False,True,False,False,False,False
18,female,White,11.35927963256836,6.640720367431641,18-24,True,False,False,False,False,False,False,True,False,False,True,False,False,False,False,False,False
54,female,Black,29.8819522857666,24.1180477142334,45-64,True,False,False,False,True,False,False,False,False,False,False,False,False,True,False,False,False
85,male,White,82.70213317871094,2.2978668212890625,85-99,False,True,False,False,False,False,False,True,False,False,False,False,False,False,False,True,False
1,male,Indian,7.619708061218262,6.619708061218262,0-4,False,True,False,False,False,True,False,False,True,False,False,False,False,False,False,False,False
24,female,Indian,33.85149383544922,9.851493835449219,18-24,True,False,False,False,False,True,False,False,False,False,True,False,False,False,False,False,False
26,female,Others,17.10325813293457,8.89674186706543,25-34,True,False,False,False,False,False,True,False,False,False,False,True,False,False,False,False,False
26,male,Indian,22.808387756347656,3.1916122436523438,25-34,False,True,False,False,False,True,False,False,False,False,False,True,False,False,False,False,False
26,female,Others,30.55191421508789,4.551914215087891,25-34,True,False,False,False,False,False,True,False,False,False,False,True,False,False,False,False,False
25,male,Black,29.258893966674805,4.258893966674805,25-34,False,True,False,False,True,False,False,False,False,False,False,True,False,False,False,False,False
51,male,White,48.56175231933594,2.4382476806640625,45-64,False,True,False,False,False,False,False,True,False,False,False,False,False,True,False,False,False
35,female,White,27.457672119140625,7.542327880859375,35-44,True,False,False,False,False,False,False,True,False,False,False,False,True,False,False,False,False
47,female,Indian,26.962005615234375,20.037994384765625,45-64,True,False,False,False,False,True,False,False,False,False,False,False,False,True,False,False,False
28,male,Black,28.330263137817383,0.3302631378173828,25-34,False,True,False,False,True,False,False,False,False,False,False,True,False,False,False,False,False
62,male,Asian,52.06114196777344,9.938858032226562,45-64,False,True,False,True,False,False,False,False,False,False,False,False,False,True,False,False,False
35,female,White,45.433868408203125,10.433868408203125,35-44,True,False,False,False,False,False,False,True,False,False,False,False,True,False,False,False,False
61,female,20170109142408075.jpg.chip.jpg,51.47969436645508,9.520305633544922,45-64,True,False,True,False,False,False,False,False,False,False,False,False,False,True,False,False,False
31,male,Black,35.25517272949219,4.2551727294921875,25-34,False,True,False,False,True,False,False,False,False,False,False,True,False,False,False,False,False
47,male,White,56.94683837890625,9.94683837890625,45-64,False,True,False,False,False,False,False,True,False,False,False,False,False,True,False,False,False
23,male,Black,21.811248779296875,1.188751220703125,18-24,False,True,False,False,True,False,False,False,False,False,True,False,False,False,False,False,False
2,female,Others,8.973955154418945,6.973955154418945,0-4,True,False,False,False,False,False,True,False,True,False,False,False,False,False,False,False,False
70,female,White,62.383548736572266,7.616451263427734,65-84,True,False,False,False,False,False,False,True,False,False,False,False,False,False,True,False,False
48,male,Others,51.91303253173828,3.9130325317382812,45-64,False,True,False,False,False,False,True,False,False,False,False,False,False,True,False,False,False
37,female,White,42.67821502685547,5.678215026855469,35-44,True,False,False,False,False,False,False,True,False,False,False,False,True,False,False,False,False
2,female,Asian,0.8637786507606506,1.1362213492393494,0-4,True,False,False,True,False,False,False,False,True,False,False,False,False,False,False,False,False
15,male,White,16.90098762512207,1.9009876251220703,5-17,False,True,False,False,False,False,False,True,False,True,False,False,False,False,False,False,False
24,male,Black,25.335676193237305,1.3356761932373047,18-24,False,True,False,False,True,False,False,False,False,False,True,False,False,False,False,False,False
21,female,Indian,25.080629348754883,4.080629348754883,18-24,True,False,False,False,False,True,False,False,False,False,True,False,False,False,False,False,False
35,male,White,33.36305618286133,1.6369438171386719,35-44,False,True,False,False,False,False,False,True,False,False,False,False,True,False,False,False,False
73,female,White,79.96720886230469,6.9672088623046875,65-84,True,False,False,False,False,False,False,True,False,False,False,False,False,False,True,False,False
15,female,White,24.691545486450195,9.691545486450195,5-17,True,False,False,False,False,False,False,True,False,True,False,False,False,False,False,False,False
26,male,White,30.64177131652832,4.64177131652832,25-34,False,True,False,False,False,False,False,True,False,False,False,True,False,False,False,False,False
30,female,Indian,26.17740249633789,3.8225975036621094,25-34,True,False,False,False,False,True,False,False,False,False,False,True,False,False,False,False,False
26,male,Black,24.468698501586914,1.531301498413086,25-34,False,True,False,False,True,False,False,False,False,False,False,True,False,False,False,False,False
27,female,White,28.672861099243164,1.672861099243164,25-34,True,False,False,False,False,False,False,True,False,False,False,True,False,False,False,False,False
26,female,White,26.348323822021484,0.3483238220214844,25-34,True,False,False,False,False,False,False,True,False,False,False,True,False,False,False,False,False
9,male,Black,16.445505142211914,7.445505142211914,5-17,False,True,False,False,True,False,False,False,False,True,False,False,False,False,False,False,False
15,female,Black,33.08058166503906,18.080581665039062,5-17,True,False,False,False,True,False,False,False,False,True,False,False,False,False,False,False,False
28,male,White,27.143774032592773,0.8562259674072266,25-34,False,True,False,False,False,False,False,True,False,False,False,True,False,False,False,False,False
39,female,White,38.4218864440918,0.5781135559082031,35-44,True,False,False,False,False,False,False,True,False,False,False,False,True,False,False,False,False
30,female,Black,31.339731216430664,1.339731216430664,25-34,True,False,False,False,True,False,False,False,False,False,False,True,False,False,False,False,False
32,female,White,24.11540412902832,7.88459587097168,25-34,True,False,False,False,False,False,False,True,False,False,False,True,False,False,False,False,False
26,female,Others,29.88629722595215,3.8862972259521484,25-34,True,False,False,False,False,False,True,False,False,False,False,True,False,False,False,False,False
25,female,Indian,26.13713264465332,1.1371326446533203,25-34,True,False,False,False,False,True,False,False,False,False,False,True,False,False,False,False,False
26,male,Black,28.550283432006836,2.550283432006836,25-34,False,True,False,False,True,False,False,False,False,False,False,True,False,False,False,False,False
16,female,White,21.29134750366211,5.291347503662109,5-17,True,False,False,False,False,False,False,True,False,True,False,False,False,False,False,False,False
43,male,White,37.253746032714844,5.746253967285156,35-44,False,True,False,False,False,False,False,True,False,False,False,False,True,False,False,False,False
26,male,White,33.40851593017578,7.408515930175781,25-34,False,True,False,False,False,False,False,True,False,False,False,True,False,False,False,False,False
82,male,Asian,71.84002685546875,10.15997314453125,65-84,False,True,False,True,False,False,False,False,False,False,False,False,False,False,True,False,False
33,male,Indian,27.047300338745117,5.952699661254883,25-34,False,True,False,False,False,True,False,False,False,False,False,True,False,False,False,False,False
47,female,White,49.0845832824707,2.084583282470703,45-64,True,False,False,False,False,False,False,True,False,False,False,False,False,True,False,False,False
54,male,Indian,25.844833374023438,28.155166625976562,45-64,False,True,False,False,False,True,False,False,False,False,False,False,False,True,False,False,False
31,female,White,31.08635139465332,0.08635139465332031,25-34,True,False,False,False,False,False,False,True,False,False,False,True,False,False,False,False,False
52,female,White,51.33393859863281,0.6660614013671875,45-64,True,False,False,False,False,False,False,True,False,False,False,False,False,True,False,False,False
65,male,Indian,58.559654235839844,6.440345764160156,65-84,False,True,False,False,False,True,False,False,False,False,False,False,False,False,True,False,False
40,male,Indian,35.06065368652344,4.9393463134765625,35-44,False,True,False,False,False,True,False,False,False,False,False,False,True,False,False,False,False
26,female,Asian,23.87656593322754,2.123434066772461,25-34,True,False,False,True,False,False,False,False,False,False,False,True,False,False,False,False,False
27,male,White,40.43462371826172,13.434623718261719,25-34,False,True,False,False,False,False,False,True,False,False,False,True,False,False,False,False,False
50,male,White,47.44866180419922,2.5513381958007812,45-64,False,True,False,False,False,False,False,True,False,False,False,False,False,True,False,False,False
1,male,Asian,1.6491941213607788,0.6491941213607788,0-4,False,True,False,True,False,False,False,False,True,False,False,False,False,False,False,False,False
39,male,Black,38.290992736816406,0.7090072631835938,35-44,False,True,False,False,True,False,False,False,False,False,False,False,True,False,False,False,False
53,male,White,39.461524963378906,13.538475036621094,45-64,False,True,False,False,False,False,False,True,False,False,False,False,False,True,False,False,False
28,male,Indian,28.193140029907227,0.19314002990722656,25-34,False,True,False,False,False,True,False,False,False,False,False,True,False,False,False,False,False
36,female,White,41.38625717163086,5.386257171630859,35-44,True,False,False,False,False,False,False,True,False,False,False,False,True,False,False,False,False
60,female,Indian,49.99238204956055,10.007617950439453,45-64,True,False,False,False,False,True,False,False,False,False,False,False,False,True,False,False,False
31,female,White,29.754484176635742,1.2455158233642578,25-34,True,False,False,False,False,False,False,True,False,False,False,True,False,False,False,False,False
32,male,Indian,27.546945571899414,4.453054428100586,25-34,False,True,False,False,False,True,False,False,False,False,False,True,False,False,False,False,False
10,male,White,8.334424018859863,1.6655759811401367,5-17,False,True,False,False,False,False,False,True,False,True,False,False,False,False,False,False,False
31,male,Black,30.5342960357666,0.46570396423339844,25-34,False,True,False,False,True,False,False,False,False,False,False,True,False,False,False,False,False
79,female,White,65.15553283691406,13.844467163085938,65-84,True,False,False,False,False,False,False,True,False,False,False,False,False,False,True,False,False
46,male,Black,31.66240119934082,14.33759880065918,45-64,False,True,False,False,True,False,False,False,False,False,False,False,False,True,False,False,False
26,male,Indian,30.22511863708496,4.225118637084961,25-34,False,True,False,False,False,True,False,False,False,False,False,True,False,False,False,False,False
26,male,Indian,26.07474708557129,0.07474708557128906,25-34,False,True,False,False,False,True,False,False,False,False,False,True,False,False,False,False,False
25,male,Asian,32.069698333740234,7.069698333740234,25-34,False,True,False,True,False,False,False,False,False,False,False,True,False,False,False,False,False
48,male,White,47.678016662597656,0.32198333740234375,45-64,False,True,False,False,False,False,False,True,False,False,False,False,False,True,False,False,False
39,male,Indian,33.67350769042969,5.3264923095703125,35-44,False,True,False,False,False,True,False,False,False,False,False,False,True,False,False,False,False
38,male,Others,29.14881706237793,8.85118293762207,35-44,False,True,False,False,False,False,True,False,False,False,False,False,True,False,False,False,False
23,female,Others,25.348831176757812,2.3488311767578125,18-24,True,False,False,False,False,False,True,False,False,False,True,False,False,False,False,False,False
23,female,White,25.921884536743164,2.921884536743164,18-24,True,False,False,False,False,False,False,True,False,False,True,False,False,False,False,False,False
58,male,White,60.27165222167969,2.2716522216796875,45-64,False,True,False,False,False,False,False,True,False,False,False,False,False,True,False,False,False
56,male,Black,48.34922409057617,7.650775909423828,45-64,False,True,False,False,True,False,False,False,False,False,False,False,False,True,False,False,False
26,male,White,34.001033782958984,8.001033782958984,25-34,False,True,False,False,False,False,False,True,False,False,False,True,False,False,False,False,False
25,female,Others,22.339860916137695,2.6601390838623047,25-34,True,False,False,False,False,False,True,False,False,False,False,True,False,False,False,False,False
72,male,White,76.24079895019531,4.2407989501953125,65-84,False,True,False,False,False,False,False,True,False,False,False,False,False,False,True,False,False
30,female,White,24.95522689819336,5.044773101806641,25-34,True,False,False,False,False,False,False,True,False,False,False,True,False,False,False,False,False
26,female,Black,34.70824432373047,8.708244323730469,25-34,True,False,False,False,True,False,False,False,False,False,False,True,False,False,False,False,False
47,male,White,49.33636474609375,2.33636474609375,45-64,False,True,False,False,False,False,False,True,False,False,False,False,False,True,False,False,False
31,female,Black,24.03636360168457,6.96363639831543,25-34,True,False,False,False,True,False,False,False,False,False,False,True,False,False,False,False,False
50,female,Black,32.55186462402344,17.448135375976562,45-64,True,False,False,False,True,False,False,False,False,False,False,False,False,True,False,False,False
26,female,Black,32.73701858520508,6.737018585205078,25-34,True,False,False,False,True,False,False,False,False,False,False,True,False,False,False,False,False
26,male,Indian,24.706743240356445,1.2932567596435547,25-34,False,True,False,False,False,True,False,False,False,False,False,True,False,False,False,False,False
14,male,Others,19.256298065185547,5.256298065185547,5-17,False,True,False,False,False,False,True,False,False,True,False,False,False,False,False,False,False
43,male,Black,43.752891540527344,0.7528915405273438,35-44,False,True,False,False,True,False,False,False,False,False,False,False,True,False,False,False,False
26,female,Asian,19.7426700592041,6.257329940795898,25-34,True,False,False,True,False,False,False,False,False,False,False,True,False,False,False,False,False
30,male,Black,33.791969299316406,3.7919692993164062,25-34,False,True,False,False,True,False,False,False,False,False,False,True,False,False,False,False,False
18,male,White,24.37232780456543,6.37232780456543,18-24,False,True,False,False,False,False,False,True,False,False,True,False,False,False,False,False,False
28,female,Indian,37.92198944091797,9.921989440917969,25-34,True,False,False,False,False,True,False,False,False,False,False,True,False,False,False,False,False
28,female,Indian,29.98374366760254,1.983743667602539,25-34,True,False,False,False,False,True,False,False,False,False,False,True,False,False,False,False,False
43,male,Asian,35.34917449951172,7.650825500488281,35-44,False,True,False,True,False,False,False,False,False,False,False,False,True,False,False,False,False
65,male,White,68.44678497314453,3.4467849731445312,65-84,False,True,False,False,False,False,False,True,False,False,False,False,False,False,True,False,False
48,male,White,53.85169982910156,5.8516998291015625,45-64,False,True,False,False,False,False,False,True,False,False,False,False,False,True,False,False,False
28,female,Indian,27.191659927368164,0.8083400726318359,25-34,True,False,False,False,False,True,False,False,False,False,False,True,False,False,False,False,False
34,male,Black,24.94895362854004,9.051046371459961,25-34,False,True,False,False,True,False,False,False,False,False,False,True,False,False,False,False,False
1,female,White,0.7436882853507996,0.25631171464920044,0-4,True,False,False,False,False,False,False,True,True,False,False,False,False,False,False,False,False
8,female,White,14.031564712524414,6.031564712524414,5-17,True,False,False,False,False,False,False,True,False,True,False,False,False,False,False,False,False
32,female,Asian,28.01759910583496,3.982400894165039,25-34,True,False,False,True,False,False,False,False,False,False,False,True,False,False,False,False,False
30,female,White,24.90146255493164,5.098537445068359,25-34,True,False,False,False,False,False,False,True,False,False,False,True,False,False,False,False,False
61,male,Indian,58.04591369628906,2.9540863037109375,45-64,False,True,False,False,False,True,False,False,False,False,False,False,False,True,False,False,False
14,male,Indian,24.385744094848633,10.385744094848633,5-17,False,True,False,False,False,True,False,False,False,True,False,False,False,False,False,False,False
68,male,White,55.001216888427734,12.998783111572266,65-84,False,True,False,False,False,False,False,True,False,False,False,False,False,False,True,False,False
40,male,Indian,34.71271514892578,5.287284851074219,35-44,False,True,False,False,False,True,False,False,False,False,False,False,True,False,False,False,False
75,male,White,73.16366577148438,1.836334228515625,65-84,False,True,False,False,False,False,False,True,False,False,False,False,False,False,True,False,False
61,male,White,51.98358917236328,9.016410827636719,45-64,False,True,False,False,False,False,False,True,False,False,False,False,False,True,False,False,False
26,male,Indian,35.38392639160156,9.383926391601562,25-34,False,True,False,False,False,True,False,False,False,False,False,True,False,False,False,False,False
50,female,Indian,27.170595169067383,22.829404830932617,45-64,True,False,False,False,False,True,False,False,False,False,False,False,False,True,False,False,False
28,male,Black,30.27659797668457,2.2765979766845703,25-34,False,True,False,False,True,False,False,False,False,False,False,True,False,False,False,False,False
16,female,Others,14.649215698242188,1.3507843017578125,5-17,True,False,False,False,False,False,True,False,False,True,False,False,False,False,False,False,False
15,male,White,14.804679870605469,0.19532012939453125,5-17,False,True,False,False,False,False,False,True,False,True,False,False,False,False,False,False,False
35,male,White,32.54438781738281,2.4556121826171875,35-44,False,True,False,False,False,False,False,True,False,False,False,False,True,False,False,False,False
32,male,White,42.36711883544922,10.367118835449219,25-34,False,True,False,False,False,False,False,True,False,False,False,True,False,False,False,False,False
27,female,White,25.51559066772461,1.4844093322753906,25-34,True,False,False,False,False,False,False,True,False,False,False,True,False,False,False,False,False
60,female,White,42.25178527832031,17.748214721679688,45-64,True,False,False,False,False,False,False,True,False,False,False,False,False,True,False,False,False
2,female,Indian,1.891015887260437,0.10898411273956299,0-4,True,False,False,False,False,True,False,False,True,False,False,False,False,False,False,False,False
35,male,Black,36.8961296081543,1.8961296081542969,35-44,False,True,False,False,True,False,False,False,False,False,False,False,True,False,False,False,False
36,male,Indian,44.08916473388672,8.089164733886719,35-44,False,True,False,False,False,True,False,False,False,False,False,False,True,False,False,False,False
75,female,White,57.863304138183594,17.136695861816406,65-84,True,False,False,False,False,False,False,True,False,False,False,False,False,False,True,False,False
45,female,Black,28.99558448791504,16.00441551208496,45-64,True,False,False,False,True,False,False,False,False,False,False,False,False,True,False,False,False
26,male,White,38.341339111328125,12.341339111328125,25-34,False,True,False,False,False,False,False,True,False,False,False,True,False,False,False,False,False
35,male,White,30.3955135345459,4.604486465454102,35-44,False,True,False,False,False,False,False,True,False,False,False,False,True,False,False,False,False
3,female,Others,3.069366216659546,0.0693662166595459,0-4,True,False,False,False,False,False,True,False,True,False,False,False,False,False,False,False,False
27,male,Asian,38.60434341430664,11.60434341430664,25-34,False,True,False,True,False,False,False,False,False,False,False,True,False,False,False,False,False
60,male,White,25.07216453552246,34.92783546447754,45-64,False,True,False,False,False,False,False,True,False,False,False,False,False,True,False,False,False
38,female,Asian,25.346975326538086,12.653024673461914,35-44,True,False,False,True,False,False,False,False,False,False,False,False,True,False,False,False,False
1,male,Indian,2.579561710357666,1.579561710357666,0-4,False,True,False,False,False,True,False,False,True,False,False,False,False,False,False,False,False
42,male,White,51.60382080078125,9.60382080078125,35-44,False,True,False,False,False,False,False,True,False,False,False,False,True,False,False,False,False
40,male,Black,31.817956924438477,8.182043075561523,35-44,False,True,False,False,True,False,False,False,False,False,False,False,True,False,False,False,False
1,male,White,0.4996817409992218,0.5003182590007782,0-4,False,True,False,False,False,False,False,True,True,False,False,False,False,False,False,False,False
24,male,Others,32.101043701171875,8.101043701171875,18-24,False,True,False,False,False,False,True,False,False,False,True,False,False,False,False,False,False
54,male,White,38.56085205078125,15.43914794921875,45-64,False,True,False,False,False,False,False,True,False,False,False,False,False,True,False,False,False
25,female,Asian,32.85053253173828,7.850532531738281,25-34,True,False,False,True,False,False,False,False,False,False,False,True,False,False,False,False,False
26,female,Black,22.027006149291992,3.972993850708008,25-34,True,False,False,False,True,False,False,False,False,False,False,True,False,False,False,False,False
34,male,Black,27.280729293823242,6.719270706176758,25-34,False,True,False,False,True,False,False,False,False,False,False,True,False,False,False,False,False
20,male,Indian,29.29499053955078,9.294990539550781,18-24,False,True,False,False,False,True,False,False,False,False,True,False,False,False,False,False,False
45,male,White,37.823631286621094,7.176368713378906,45-64,False,True,False,False,False,False,False,True,False,False,False,False,False,True,False,False,False
27,male,Asian,27.938669204711914,0.9386692047119141,25-34,False,True,False,True,False,False,False,False,False,False,False,True,False,False,False,False,False
23,female,Asian,23.409774780273438,0.4097747802734375,18-24,True,False,False,True,False,False,False,False,False,False,True,False,False,False,False,False,False
1,male,Others,0.3954235315322876,0.6045764684677124,0-4,False,True,False,False,False,False,True,False,True,False,False,False,False,False,False,False,False
43,female,Others,27.616121292114258,15.383878707885742,35-44,True,False,False,False,False,False,True,False,False,False,False,False,True,False,False,False,False
25,female,White,26.158538818359375,1.158538818359375,25-34,True,False,False,False,False,False,False,True,False,False,False,True,False,False,False,False,False
28,male,Indian,27.71262550354004,0.28737449645996094,25-34,False,True,False,False,False,True,False,False,False,False,False,True,False,False,False,False,False
1,male,Asian,1.177695393562317,0.1776953935623169,0-4,False,True,False,True,False,False,False,False,True,False,False,False,False,False,False,False,False
26,female,White,30.535369873046875,4.535369873046875,25-34,True,False,False,False,False,False,False,True,False,False,False,True,False,False,False,False,False
26,female,Others,23.204133987426758,2.795866012573242,25-34,True,False,False,False,False,False,True,False,False,False,False,True,False,False,False,False,False
32,female,White,30.3980770111084,1.6019229888916016,25-34,True,False,False,False,False,False,False,True,False,False,False,True,False,False,False,False,False
20,female,White,22.4035587310791,2.4035587310791016,18-24,True,False,False,False,False,False,False,True,False,False,True,False,False,False,False,False,False
1,male,Others,0.5084596276283264,0.4915403723716736,0-4,False,True,False,False,False,False,True,False,True,False,False,False,False,False,False,False,False
21,female,Indian,20.303424835205078,0.6965751647949219,18-24,True,False,False,False,False,True,False,False,False,False,True,False,False,False,False,False,False
68,female,White,55.0579833984375,12.9420166015625,65-84,True,False,False,False,False,False,False,True,False,False,False,False,False,False,True,False,False
22,female,Indian,28.059572219848633,6.059572219848633,18-24,True,False,False,False,False,True,False,False,False,False,True,False,False,False,False,False,False
48,male,White,58.9395637512207,10.939563751220703,45-64,False,True,False,False,False,False,False,True,False,False,False,False,False,True,False,False,False
76,male,Asian,59.13208770751953,16.86791229248047,65-84,False,True,False,True,False,False,False,False,False,False,False,False,False,False,True,False,False
2,female,Others,5.2297749519348145,3.2297749519348145,0-4,True,False,False,False,False,False,True,False,True,False,False,False,False,False,False,False,False
24,female,Asian,24.314298629760742,0.3142986297607422,18-24,True,False,False,True,False,False,False,False,False,False,True,False,False,False,False,False,False
29,female,White,43.326141357421875,14.326141357421875,25-34,True,False,False,False,False,False,False,True,False,False,False,True,False,False,False,False,False
42,male,Indian,38.33804702758789,3.6619529724121094,35-44,False,True,False,False,False,True,False,False,False,False,False,False,True,False,False,False,False
17,male,White,24.282594680786133,7.282594680786133,5-17,False,True,False,False,False,False,False,True,False,True,False,False,False,False,False,False,False
48,male,White,47.96435546875,0.03564453125,45-64,False,True,False,False,False,False,False,True,False,False,False,False,False,True,False,False,False
1,female,Indian,1.1273388862609863,0.12733888626098633,0-4,True,False,False,False,False,True,False,False,True,False,False,False,False,False,False,False,False
35,male,White,30.401996612548828,4.598003387451172,35-44,False,True,False,False,False,False,False,True,False,False,False,False,True,False,False,False,False
14,male,White,17.749866485595703,3.749866485595703,5-17,False,True,False,False,False,False,False,True,False,True,False,False,False,False,False,False,False
28,male,White,29.783559799194336,1.783559799194336,25-34,False,True,False,False,False,False,False,True,False,False,False,True,False,False,False,False,False
25,male,Indian,31.519926071166992,6.519926071166992,25-34,False,True,False,False,False,True,False,False,False,False,False,True,False,False,False,False,False
35,female,Asian,23.638458251953125,11.361541748046875,35-44,True,False,False,True,False,False,False,False,False,False,False,False,True,False,False,False,False
54,male,Black,45.67494583129883,8.325054168701172,45-64,False,True,False,False,True,False,False,False,False,False,False,False,False,True,False,False,False
45,female,White,54.743316650390625,9.743316650390625,45-64,True,False,False,False,False,False,False,True,False,False,False,False,False,True,False,False,False
61,female,White,26.365095138549805,34.634904861450195,45-64,True,False,False,False,False,False,False,True,False,False,False,False,False,True,False,False,False
30,female,Asian,29.711915969848633,0.2880840301513672,25-34,True,False,False,True,False,False,False,False,False,False,False,True,False,False,False,False,False
33,male,White,28.32538414001465,4.674615859985352,25-34,False,True,False,False,False,False,False,True,False,False,False,True,False,False,False,False,False
30,male,White,46.688636779785156,16.688636779785156,25-34,False,True,False,False,False,False,False,True,False,False,False,True,False,False,False,False,False
26,female,Black,36.98871612548828,10.988716125488281,25-34,True,False,False,False,True,False,False,False,False,False,False,True,False,False,False,False,False
39,female,Black,35.84949493408203,3.1505050659179688,35-44,True,False,False,False,True,False,False,False,False,False,False,False,True,False,False,False,False
26,male,Others,26.020917892456055,0.020917892456054688,25-34,False,True,False,False,False,False,True,False,False,False,False,True,False,False,False,False,False
37,male,White,24.180749893188477,12.819250106811523,35-44,False,True,False,False,False,False,False,True,False,False,False,False,True,False,False,False,False
22,female,Asian,28.01897621154785,6.018976211547852,18-24,True,False,False,True,False,False,False,False,False,False,True,False,False,False,False,False,False
35,female,White,25.055021286010742,9.944978713989258,35-44,True,False,False,False,False,False,False,True,False,False,False,False,True,False,False,False,False
50,male,White,57.75542449951172,7.755424499511719,45-64,False,True,False,False,False,False,False,True,False,False,False,False,False,True,False,False,False
5,male,Asian,3.855649471282959,1.144350528717041,5-17,False,True,False,True,False,False,False,False,False,True,False,False,False,False,False,False,False
26,male,White,30.580217361450195,4.580217361450195,25-34,False,True,False,False,False,False,False,True,False,False,False,True,False,False,False,False,False
41,female,White,52.97829055786133,11.978290557861328,35-44,True,False,False,False,False,False,False,True,False,False,False,False,True,False,False,False,False
23,male,Black,26.661909103393555,3.6619091033935547,18-24,False,True,False,False,True,False,False,False,False,False,True,False,False,False,False,False,False
35,male,Asian,44.33369827270508,9.333698272705078,35-44,False,True,False,True,False,False,False,False,False,False,False,False,True,False,False,False,False
35,female,Black,19.745277404785156,15.254722595214844,35-44,True,False,False,False,True,False,False,False,False,False,False,False,True,False,False,False,False
53,male,White,49.496150970458984,3.5038490295410156,45-64,False,True,False,False,False,False,False,True,False,False,False,False,False,True,False,False,False
25,female,White,21.142805099487305,3.8571949005126953,25-34,True,False,False,False,False,False,False,True,False,False,False,True,False,False,False,False,False
33,female,Asian,30.577390670776367,2.422609329223633,25-34,True,False,False,True,False,False,False,False,False,False,False,True,False,False,False,False,False
4,female,Others,19.386091232299805,15.386091232299805,0-4,True,False,False,False,False,False,True,False,True,False,False,False,False,False,False,False,False
33,female,Indian,27.98628044128418,5.01371955871582,25-34,True,False,False,False,False,True,False,False,False,False,False,True,False,False,False,False,False
48,male,Indian,31.47749137878418,16.52250862121582,45-64,False,True,False,False,False,True,False,False,False,False,False,False,False,True,False,False,False
30,female,Others,22.250715255737305,7.749284744262695,25-34,True,False,False,False,False,False,True,False,False,False,False,True,False,False,False,False,False
25,male,Asian,29.59751319885254,4.597513198852539,25-34,False,True,False,True,False,False,False,False,False,False,False,True,False,False,False,False,False
17,female,Indian,13.966495513916016,3.0335044860839844,5-17,True,False,False,False,False,True,False,False,False,True,False,False,False,False,False,False,False
44,female,Indian,38.09613037109375,5.90386962890625,35-44,True,False,False,False,False,True,False,False,False,False,False,False,True,False,False,False,False
26,female,Black,31.71532440185547,5.715324401855469,25-34,True,False,False,False,True,False,False,False,False,False,False,True,False,False,False,False,False
32,male,White,26.8074893951416,5.192510604858398,25-34,False,True,False,False,False,False,False,True,False,False,False,True,False,False,False,False,False
34,male,White,56.12544250488281,22.125442504882812,25-34,False,True,False,False,False,False,False,True,False,False,False,True,False,False,False,False,False
10,male,White,18.230371475219727,8.230371475219727,5-17,False,True,False,False,False,False,False,True,False,True,False,False,False,False,False,False,False
18,female,Black,28.566608428955078,10.566608428955078,18-24,True,False,False,False,True,False,False,False,False,False,True,False,False,False,False,False,False
4,female,Indian,5.801369667053223,1.8013696670532227,0-4,True,False,False,False,False,True,False,False,True,False,False,False,False,False,False,False,False
1,male,Asian,0.42741668224334717,0.5725833177566528,0-4,False,True,False,True,False,False,False,False,True,False,False,False,False,False,False,False,False
1,male,White,1.6279652118682861,0.6279652118682861,0-4,False,True,False,False,False,False,False,True,True,False,False,False,False,False,False,False,False
3,female,White,3.975691318511963,0.9756913185119629,0-4,True,False,False,False,False,False,False,True,True,False,False,False,False,False,False,False,False
1,female,Others,0.6459541320800781,0.3540458679199219,0-4,True,False,False,False,False,False,True,False,True,False,False,False,False,False,False,False,False
49,male,White,45.09314727783203,3.9068527221679688,45-64,False,True,False,False,False,False,False,True,False,False,False,False,False,True,False,False,False
75,male,White,43.308128356933594,31.691871643066406,65-84,False,True,False,False,False,False,False,True,False,False,False,False,False,False,True,False,False
27,male,Indian,28.395593643188477,1.3955936431884766,25-34,False,True,False,False,False,True,False,False,False,False,False,True,False,False,False,False,False
25,female,White,33.39421463012695,8.394214630126953,25-34,True,False,False,False,False,False,False,True,False,False,False,True,False,False,False,False,False
25,female,Black,24.924531936645508,0.07546806335449219,25-34,True,False,False,False,True,False,False,False,False,False,False,True,False,False,False,False,False
40,female,Black,25.27602195739746,14.723978042602539,35-44,True,False,False,False,True,False,False,False,False,False,False,False,True,False,False,False,False
60,male,Indian,35.67922592163086,24.32077407836914,45-64,False,True,False,False,False,True,False,False,False,False,False,False,False,True,False,False,False
87,male,White,77.1027603149414,9.897239685058594,85-99,False,True,False,False,False,False,False,True,False,False,False,False,False,False,False,True,False
26,female,Indian,23.407737731933594,2.5922622680664062,25-34,True,False,False,False,False,True,False,False,False,False,False,True,False,False,False,False,False
65,male,Asian,61.823387145996094,3.1766128540039062,65-84,False,True,False,True,False,False,False,False,False,False,False,False,False,False,True,False,False
26,female,Indian,21.077367782592773,4.922632217407227,25-34,True,False,False,False,False,True,False,False,False,False,False,True,False,False,False,False,False
25,female,Indian,28.302024841308594,3.3020248413085938,25-34,True,False,False,False,False,True,False,False,False,False,False,True,False,False,False,False,False
35,male,White,35.12983322143555,0.12983322143554688,35-44,False,True,False,False,False,False,False,True,False,False,False,False,True,False,False,False,False
38,female,White,55.372703552246094,17.372703552246094,35-44,True,False,False,False,False,False,False,True,False,False,False,False,True,False,False,False,False
54,male,White,52.160972595214844,1.8390274047851562,45-64,False,True,False,False,False,False,False,True,False,False,False,False,False,True,False,False,False
56,male,Black,45.1455078125,10.8544921875,45-64,False,True,False,False,True,False,False,False,False,False,False,False,False,True,False,False,False
25,female,Indian,31.507959365844727,6.507959365844727,25-34,True,False,False,False,False,True,False,False,False,False,False,True,False,False,False,False,False
58,male,Black,57.375160217285156,0.6248397827148438,45-64,False,True,False,False,True,False,False,False,False,False,False,False,False,True,False,False,False
24,male,Asian,27.124618530273438,3.1246185302734375,18-24,False,True,False,True,False,False,False,False,False,False,True,False,False,False,False,False,False
50,male,White,35.0237922668457,14.976207733154297,45-64,False,True,False,False,False,False,False,True,False,False,False,False,False,True,False,False,False
58,male,White,62.654659271240234,4.654659271240234,45-64,False,True,False,False,False,False,False,True,False,False,False,False,False,True,False,False,False
19,female,White,22.15704917907715,3.1570491790771484,18-24,True,False,False,False,False,False,False,True,False,False,True,False,False,False,False,False,False
27,female,Indian,22.575830459594727,4.424169540405273,25-34,True,False,False,False,False,True,False,False,False,False,False,True,False,False,False,False,False
58,male,White,59.357147216796875,1.357147216796875,45-64,False,True,False,False,False,False,False,True,False,False,False,False,False,True,False,False,False
36,male,White,37.49822235107422,1.4982223510742188,35-44,False,True,False,False,False,False,False,True,False,False,False,False,True,False,False,False,False
24,female,Black,21.5471134185791,2.4528865814208984,18-24,True,False,False,False,True,False,False,False,False,False,True,False,False,False,False,False,False
34,female,Asian,26.951082229614258,7.048917770385742,25-34,True,False,False,True,False,False,False,False,False,False,False,True,False,False,False,False,False
30,female,Black,22.922086715698242,7.077913284301758,25-34,True,False,False,False,True,False,False,False,False,False,False,True,False,False,False,False,False
26,male,Asian,24.534271240234375,1.465728759765625,25-34,False,True,False,True,False,False,False,False,False,False,False,True,False,False,False,False,False
32,male,Black,30.241891860961914,1.758108139038086,25-34,False,True,False,False,True,False,False,False,False,False,False,True,False,False,False,False,False
22,male,White,28.82991600036621,6.829916000366211,18-24,False,True,False,False,False,False,False,True,False,False,True,False,False,False,False,False,False
37,female,Others,28.156721115112305,8.843278884887695,35-44,True,False,False,False,False,False,True,False,False,False,False,False,True,False,False,False,False
72,female,White,67.83037567138672,4.169624328613281,65-84,True,False,False,False,False,False,False,True,False,False,False,False,False,False,True,False,False
26,male,Indian,31.229528427124023,5.229528427124023,25-34,False,True,False,False,False,True,False,False,False,False,False,True,False,False,False,False,False
75,female,White,61.48191452026367,13.518085479736328,65-84,True,False,False,False,False,False,False,True,False,False,False,False,False,False,True,False,False
26,female,Asian,23.564943313598633,2.435056686401367,25-34,True,False,False,True,False,False,False,False,False,False,False,True,False,False,False,False,False
52,female,White,54.67509460449219,2.6750946044921875,45-64,True,False,False,False,False,False,False,True,False,False,False,False,False,True,False,False,False
23,female,Asian,22.960641860961914,0.03935813903808594,18-24,True,False,False,True,False,False,False,False,False,False,True,False,False,False,False,False,False
35,female,Indian,33.90205764770508,1.0979423522949219,35-44,True,False,False,False,False,True,False,False,False,False,False,False,True,False,False,False,False
16,male,White,19.023212432861328,3.023212432861328,5-17,False,True,False,False,False,False,False,True,False,True,False,False,False,False,False,False,False
57,male,White,28.636838912963867,28.363161087036133,45-64,False,True,False,False,False,False,False,True,False,False,False,False,False,True,False,False,False
30,male,Others,22.67667007446289,7.323329925537109,25-34,False,True,False,False,False,False,True,False,False,False,False,True,False,False,False,False,False
57,male,Black,45.52549743652344,11.474502563476562,45-64,False,True,False,False,True,False,False,False,False,False,False,False,False,True,False,False,False
26,male,Others,31.21832847595215,5.218328475952148,25-34,False,True,False,False,False,False,True,False,False,False,False,True,False,False,False,False,False
4,male,White,3.8387818336486816,0.16121816635131836,0-4,False,True,False,False,False,False,False,True,True,False,False,False,False,False,False,False,False
53,female,White,50.697296142578125,2.302703857421875,45-64,True,False,False,False,False,False,False,True,False,False,False,False,False,True,False,False,False
24,female,Asian,25.333724975585938,1.3337249755859375,18-24,True,False,False,True,False,False,False,False,False,False,True,False,False,False,False,False,False
54,male,White,56.80972671508789,2.8097267150878906,45-64,False,True,False,False,False,False,False,True,False,False,False,False,False,True,False,False,False
27,male,Others,30.479034423828125,3.479034423828125,25-34,False,True,False,False,False,False,True,False,False,False,False,True,False,False,False,False,False
53,male,White,54.329795837402344,1.3297958374023438,45-64,False,True,False,False,False,False,False,True,False,False,False,False,False,True,False,False,False
26,female,Indian,24.60834312438965,1.3916568756103516,25-34,True,False,False,False,False,True,False,False,False,False,False,True,False,False,False,False,False
62,female,White,54.48500442504883,7.514995574951172,45-64,True,False,False,False,False,False,False,True,False,False,False,False,False,True,False,False,False
4,female,Indian,4.307803153991699,0.3078031539916992,0-4,True,False,False,False,False,True,False,False,True,False,False,False,False,False,False,False,False
30,female,Asian,30.069610595703125,0.069610595703125,25-34,True,False,False,True,False,False,False,False,False,False,False,True,False,False,False,False,False
26,female,Others,20.138349533081055,5.861650466918945,25-34,True,False,False,False,False,False,True,False,False,False,False,True,False,False,False,False,False
28,male,Others,41.211917877197266,13.211917877197266,25-34,False,True,False,False,False,False,True,False,False,False,False,True,False,False,False,False,False
23,female,White,24.809566497802734,1.8095664978027344,18-24,True,False,False,False,False,False,False,True,False,False,True,False,False,False,False,False,False
45,male,Asian,41.02564239501953,3.9743576049804688,45-64,False,True,False,True,False,False,False,False,False,False,False,False,False,True,False,False,False
39,male,Others,40.972923278808594,1.9729232788085938,35-44,False,True,False,False,False,False,True,False,False,False,False,False,True,False,False,False,False
35,male,Asian,31.498817443847656,3.5011825561523438,35-44,False,True,False,True,False,False,False,False,False,False,False,False,True,False,False,False,False
16,female,Black,21.27199935913086,5.271999359130859,5-17,True,False,False,False,True,False,False,False,False,True,False,False,False,False,False,False,False
25,male,White,21.6619815826416,3.3380184173583984,25-34,False,True,False,False,False,False,False,True,False,False,False,True,False,False,False,False,False
18,female,Asian,19.19750213623047,1.1975021362304688,18-24,True,False,False,True,False,False,False,False,False,False,True,False,False,False,False,False,False
22,female,Asian,21.722795486450195,0.2772045135498047,18-24,True,False,False,True,False,False,False,False,False,False,True,False,False,False,False,False,False
26,female,Indian,29.774089813232422,3.774089813232422,25-34,True,False,False,False,False,True,False,False,False,False,False,True,False,False,False,False,False
24,female,White,27.22262191772461,3.2226219177246094,18-24,True,False,False,False,False,False,False,True,False,False,True,False,False,False,False,False,False
24,female,Indian,24.325281143188477,0.32528114318847656,18-24,True,False,False,False,False,True,False,False,False,False,True,False,False,False,False,False,False
38,male,Black,28.55884552001953,9.441154479980469,35-44,False,True,False,False,True,False,False,False,False,False,False,False,True,False,False,False,False
35,male,Black,36.005455017089844,1.0054550170898438,35-44,False,True,False,False,True,False,False,False,False,False,False,False,True,False,False,False,False
55,female,White,47.74339294433594,7.2566070556640625,45-64,True,False,False,False,False,False,False,True,False,False,False,False,False,True,False,False,False
28,male,Black,36.05843734741211,8.05843734741211,25-34,False,True,False,False,True,False,False,False,False,False,False,True,False,False,False,False,False
74,male,White,75.93755340576172,1.9375534057617188,65-84,False,True,False,False,False,False,False,True,False,False,False,False,False,False,True,False,False
37,female,Asian,26.461355209350586,10.538644790649414,35-44,True,False,False,True,False,False,False,False,False,False,False,False,True,False,False,False,False
7,male,White,7.363419055938721,0.3634190559387207,5-17,False,True,False,False,False,False,False,True,False,True,False,False,False,False,False,False,False
34,female,White,46.71896743774414,12.71896743774414,25-34,True,False,False,False,False,False,False,True,False,False,False,True,False,False,False,False,False
32,male,Indian,46.359375,14.359375,25-34,False,True,False,False,False,True,False,False,False,False,False,True,False,False,False,False,False
54,female,Black,49.21562576293945,4.784374237060547,45-64,True,False,False,False,True,False,False,False,False,False,False,False,False,True,False,False,False
68,male,White,70.670166015625,2.670166015625,65-84,False,True,False,False,False,False,False,True,False,False,False,False,False,False,True,False,False
18,female,White,22.822818756103516,4.822818756103516,18-24,True,False,False,False,False,False,False,True,False,False,True,False,False,False,False,False,False
33,female,White,25.7021541595459,7.297845840454102,25-34,True,False,False,False,False,False,False,True,False,False,False,True,False,False,False,False,False
26,female,Asian,24.420015335083008,1.5799846649169922,25-34,True,False,False,True,False,False,False,False,False,False,False,True,False,False,False,False,False
39,male,Indian,42.797245025634766,3.7972450256347656,35-44,False,True,False,False,False,True,False,False,False,False,False,False,True,False,False,False,False
41,male,Asian,51.420345306396484,10.420345306396484,35-44,False,True,False,True,False,False,False,False,False,False,False,False,True,False,False,False,False
31,male,Black,28.859155654907227,2.1408443450927734,25-34,False,True,False,False,True,False,False,False,False,False,False,True,False,False,False,False,False
29,male,Black,29.297773361206055,0.2977733612060547,25-34,False,True,False,False,True,False,False,False,False,False,False,True,False,False,False,False,False
45,male,Others,31.29918098449707,13.70081901550293,45-64,False,True,False,False,False,False,True,False,False,False,False,False,False,True,False,False,False
58,male,White,60.69478225708008,2.694782257080078,45-64,False,True,False,False,False,False,False,True,False,False,False,False,False,True,False,False,False
72,male,White,65.54267120361328,6.457328796386719,65-84,False,True,False,False,False,False,False,True,False,False,False,False,False,False,True,False,False
34,male,Others,30.90070915222168,3.0992908477783203,25-34,False,True,False,False,False,False,True,False,False,False,False,True,False,False,False,False,False
35,male,Black,48.06817626953125,13.06817626953125,35-44,False,True,False,False,True,False,False,False,False,False,False,False,True,False,False,False,False
24,male,White,32.04150390625,8.04150390625,18-24,False,True,False,False,False,False,False,True,False,False,True,False,False,False,False,False,False
16,male,White,14.123310089111328,1.8766899108886719,5-17,False,True,False,False,False,False,False,True,False,True,False,False,False,False,False,False,False
85,female,White,61.80236053466797,23.19763946533203,85-99,True,False,False,False,False,False,False,True,False,False,False,False,False,False,False,True,False
26,female,White,24.268293380737305,1.7317066192626953,25-34,True,False,False,False,False,False,False,True,False,False,False,True,False,False,False,False,False
26,female,Asian,12.033347129821777,13.966652870178223,25-34,True,False,False,True,False,False,False,False,False,False,False,True,False,False,False,False,False
36,female,Black,21.607290267944336,14.392709732055664,35-44,True,False,False,False,True,False,False,False,False,False,False,False,True,False,False,False,False
46,male,Indian,32.93666076660156,13.063339233398438,45-64,False,True,False,False,False,True,False,False,False,False,False,False,False,True,False,False,False
63,male,White,52.94841766357422,10.051582336425781,45-64,False,True,False,False,False,False,False,True,False,False,False,False,False,True,False,False,False
89,female,Black,57.45021438598633,31.549785614013672,85-99,True,False,False,False,True,False,False,False,False,False,False,False,False,False,False,True,False
26,female,Indian,22.63636589050293,3.3636341094970703,25-34,True,False,False,False,False,True,False,False,False,False,False,True,False,False,False,False,False
50,female,White,47.074249267578125,2.925750732421875,45-64,True,False,False,False,False,False,False,True,False,False,False,False,False,True,False,False,False
42,male,White,44.44657897949219,2.4465789794921875,35-44,False,True,False,False,False,False,False,True,False,False,False,False,True,False,False,False,False
50,male,Black,49.70164489746094,0.2983551025390625,45-64,False,True,False,False,True,False,False,False,False,False,False,False,False,True,False,False,False
24,female,Black,16.459848403930664,7.540151596069336,18-24,True,False,False,False,True,False,False,False,False,False,True,False,False,False,False,False,False
27,male,Asian,15.487656593322754,11.512343406677246,25-34,False,True,False,True,False,False,False,False,False,False,False,True,False,False,False,False,False
38,male,Black,38.862815856933594,0.8628158569335938,35-44,False,True,False,False,True,False,False,False,False,False,False,False,True,False,False,False,False
33,female,White,45.62554931640625,12.62554931640625,25-34,True,False,False,False,False,False,False,True,False,False,False,True,False,False,False,False,False
1,female,Indian,0.6516218185424805,0.34837818145751953,0-4,True,False,False,False,False,True,False,False,True,False,False,False,False,False,False,False,False
60,male,Black,54.87232971191406,5.1276702880859375,45-64,False,True,False,False,True,False,False,False,False,False,False,False,False,True,False,False,False
9,male,Asian,31.41012954711914,22.41012954711914,5-17,False,True,False,True,False,False,False,False,False,True,False,False,False,False,False,False,False
33,female,Others,20.89097785949707,12.10902214050293,25-34,True,False,False,False,False,False,True,False,False,False,False,True,False,False,False,False,False
1,male,Asian,7.28145694732666,6.28145694732666,0-4,False,True,False,True,False,False,False,False,True,False,False,False,False,False,False,False,False
80,female,Black,55.359764099121094,24.640235900878906,65-84,True,False,False,False,True,False,False,False,False,False,False,False,False,False,True,False,False
7,male,Black,8.600326538085938,1.6003265380859375,5-17,False,True,False,False,True,False,False,False,False,True,False,False,False,False,False,False,False
20,male,Others,27.065454483032227,7.065454483032227,18-24,False,True,False,False,False,False,True,False,False,False,True,False,False,False,False,False,False
1,male,Others,1.0876694917678833,0.0876694917678833,0-4,False,True,False,False,False,False,True,False,True,False,False,False,False,False,False,False,False
15,female,Black,22.903444290161133,7.903444290161133,5-17,True,False,False,False,True,False,False,False,False,True,False,False,False,False,False,False,False
42,female,White,32.142784118652344,9.857215881347656,35-44,True,False,False,False,False,False,False,True,False,False,False,False,True,False,False,False,False
35,female,White,27.729394912719727,7.270605087280273,35-44,True,False,False,False,False,False,False,True,False,False,False,False,True,False,False,False,False
26,male,Asian,40.5544548034668,14.554454803466797,25-34,False,True,False,True,False,False,False,False,False,False,False,True,False,False,False,False,False
14,male,White,14.602107048034668,0.602107048034668,5-17,False,True,False,False,False,False,False,True,False,True,False,False,False,False,False,False,False
36,male,White,35.12516784667969,0.8748321533203125,35-44,False,True,False,False,False,False,False,True,False,False,False,False,True,False,False,False,False
55,male,White,42.9072265625,12.0927734375,45-64,False,True,False,False,False,False,False,True,False,False,False,False,False,True,False,False,False
28,male,White,38.5195426940918,10.519542694091797,25-34,False,True,False,False,False,False,False,True,False,False,False,True,False,False,False,False,False
32,female,White,30.91094398498535,1.0890560150146484,25-34,True,False,False,False,False,False,False,True,False,False,False,True,False,False,False,False,False
78,male,White,76.04218292236328,1.9578170776367188,65-84,False,True,False,False,False,False,False,True,False,False,False,False,False,False,True,False,False
26,female,Others,25.253557205200195,0.7464427947998047,25-34,True,False,False,False,False,False,True,False,False,False,False,True,False,False,False,False,False
28,female,White,21.44329833984375,6.55670166015625,25-34,True,False,False,False,False,False,False,True,False,False,False,True,False,False,False,False,False
27,male,Black,29.31010627746582,2.3101062774658203,25-34,False,True,False,False,True,False,False,False,False,False,False,True,False,False,False,False,False
28,male,Asian,25.205778121948242,2.794221878051758,25-34,False,True,False,True,False,False,False,False,False,False,False,True,False,False,False,False,False
32,female,Black,38.46752166748047,6.467521667480469,25-34,True,False,False,False,True,False,False,False,False,False,False,True,False,False,False,False,False
43,male,White,58.58750915527344,15.587509155273438,35-44,False,True,False,False,False,False,False,True,False,False,False,False,True,False,False,False,False
31,female,White,40.292152404785156,9.292152404785156,25-34,True,False,False,False,False,False,False,True,False,False,False,True,False,False,False,False,False
34,male,Indian,24.25312614440918,9.74687385559082,25-34,False,True,False,False,False,True,False,False,False,False,False,True,False,False,False,False,False
26,female,White,25.190824508666992,0.8091754913330078,25-34,True,False,False,False,False,False,False,True,False,False,False,True,False,False,False,False,False
75,male,White,67.24393463134766,7.756065368652344,65-84,False,True,False,False,False,False,False,True,False,False,False,False,False,False,True,False,False
16,female,White,18.37410545349121,2.374105453491211,5-17,True,False,False,False,False,False,False,True,False,True,False,False,False,False,False,False,False
1,male,Asian,0.7276610136032104,0.27233898639678955,0-4,False,True,False,True,False,False,False,False,True,False,False,False,False,False,False,False,False
19,male,White,30.32420539855957,11.32420539855957,18-24,False,True,False,False,False,False,False,True,False,False,True,False,False,False,False,False,False
41,male,White,32.32884979248047,8.671150207519531,35-44,False,True,False,False,False,False,False,True,False,False,False,False,True,False,False,False,False
24,female,Black,25.021024703979492,1.0210247039794922,18-24,True,False,False,False,True,False,False,False,False,False,True,False,False,False,False,False,False
52,male,Black,43.28711700439453,8.712882995605469,45-64,False,True,False,False,True,False,False,False,False,False,False,False,False,True,False,False,False
35,female,White,32.60578918457031,2.3942108154296875,35-44,True,False,False,False,False,False,False,True,False,False,False,False,True,False,False,False,False
25,female,Asian,23.839378356933594,1.1606216430664062,25-34,True,False,False,True,False,False,False,False,False,False,False,True,False,False,False,False,False
10,male,White,13.93771743774414,3.9377174377441406,5-17,False,True,False,False,False,False,False,True,False,True,False,False,False,False,False,False,False
2,female,Black,3.7218472957611084,1.7218472957611084,0-4,True,False,False,False,True,False,False,False,True,False,False,False,False,False,False,False,False
27,male,Black,36.279624938964844,9.279624938964844,25-34,False,True,False,False,True,False,False,False,False,False,False,True,False,False,False,False,False
26,female,Others,28.708568572998047,2.708568572998047,25-34,True,False,False,False,False,False,True,False,False,False,False,True,False,False,False,False,False
25,male,Asian,28.66152000427246,3.661520004272461,25-34,False,True,False,True,False,False,False,False,False,False,False,True,False,False,False,False,False
52,male,White,42.72425842285156,9.275741577148438,45-64,False,True,False,False,False,False,False,True,False,False,False,False,False,True,False,False,False
2,male,Asian,1.6723850965499878,0.3276149034500122,0-4,False,True,False,True,False,False,False,False,True,False,False,False,False,False,False,False,False
26,male,White,25.779626846313477,0.22037315368652344,25-34,False,True,False,False,False,False,False,True,False,False,False,True,False,False,False,False,False
36,male,Black,26.781450271606445,9.218549728393555,35-44,False,True,False,False,True,False,False,False,False,False,False,False,True,False,False,False,False
40,male,Others,25.30799674987793,14.69200325012207,35-44,False,True,False,False,False,False,True,False,False,False,False,False,True,False,False,False,False
36,male,Indian,37.49845886230469,1.4984588623046875,35-44,False,True,False,False,False,True,False,False,False,False,False,False,True,False,False,False,False
28,female,Indian,23.893184661865234,4.106815338134766,25-34,True,False,False,False,False,True,False,False,False,False,False,True,False,False,False,False,False
2,female,Indian,1.7995268106460571,0.20047318935394287,0-4,True,False,False,False,False,True,False,False,True,False,False,False,False,False,False,False,False
25,female,White,31.477567672729492,6.477567672729492,25-34,True,False,False,False,False,False,False,True,False,False,False,True,False,False,False,False,False
56,male,Black,55.20440673828125,0.79559326171875,45-64,False,True,False,False,True,False,False,False,False,False,False,False,False,True,False,False,False
30,male,Others,30.814828872680664,0.8148288726806641,25-34,False,True,False,False,False,False,True,False,False,False,False,True,False,False,False,False,False
26,male,Indian,30.39641571044922,4.396415710449219,25-34,False,True,False,False,False,True,False,False,False,False,False,True,False,False,False,False,False
2,female,Asian,1.7051316499710083,0.2948683500289917,0-4,True,False,False,True,False,False,False,False,True,False,False,False,False,False,False,False,False
17,female,Asian,7.419119358062744,9.580880641937256,5-17,True,False,False,True,False,False,False,False,False,True,False,False,False,False,False,False,False
29,male,Black,31.72823715209961,2.7282371520996094,25-34,False,True,False,False,True,False,False,False,False,False,False,True,False,False,False,False,False
25,female,Asian,24.451807022094727,0.5481929779052734,25-34,True,False,False,True,False,False,False,False,False,False,False,True,False,False,False,False,False
14,male,White,23.65833854675293,9.65833854675293,5-17,False,True,False,False,False,False,False,True,False,True,False,False,False,False,False,False,False
26,female,White,21.79644203186035,4.203557968139648,25-34,True,False,False,False,False,False,False,True,False,False,False,True,False,False,False,False,False
21,female,White,28.99420738220215,7.994207382202148,18-24,True,False,False,False,False,False,False,True,False,False,True,False,False,False,False,False,False
35,female,Asian,31.934555053710938,3.0654449462890625,35-44,True,False,False,True,False,False,False,False,False,False,False,False,True,False,False,False,False
32,male,Indian,40.248199462890625,8.248199462890625,25-34,False,True,False,False,False,True,False,False,False,False,False,True,False,False,False,False,False
60,male,White,61.33367156982422,1.3336715698242188,45-64,False,True,False,False,False,False,False,True,False,False,False,False,False,True,False,False,False
54,male,Indian,49.659061431884766,4.340938568115234,45-64,False,True,False,False,False,True,False,False,False,False,False,False,False,True,False,False,False
24,female,Asian,25.14695167541504,1.146951675415039,18-24,True,False,False,True,False,False,False,False,False,False,True,False,False,False,False,False,False
54,male,Asian,27.632600784301758,26.367399215698242,45-64,False,True,False,True,False,False,False,False,False,False,False,False,False,True,False,False,False
28,female,White,27.83739471435547,0.16260528564453125,25-34,True,False,False,False,False,False,False,True,False,False,False,True,False,False,False,False,False
30,female,Black,29.230222702026367,0.7697772979736328,25-34,True,False,False,False,True,False,False,False,False,False,False,True,False,False,False,False,False
21,male,Black,21.772294998168945,0.7722949981689453,18-24,False,True,False,False,True,False,False,False,False,False,True,False,False,False,False,False,False
1,female,Asian,0.6593703627586365,0.3406296372413635,0-4,True,False,False,True,False,False,False,False,True,False,False,False,False,False,False,False,False
40,female,Asian,25.65586280822754,14.344137191772461,35-44,True,False,False,True,False,False,False,False,False,False,False,False,True,False,False,False,False
52,male,Indian,46.774940490722656,5.225059509277344,45-64,False,True,False,False,False,True,False,False,False,False,False,False,False,True,False,False,False
1,male,White,1.8060353994369507,0.8060353994369507,0-4,False,True,False,False,False,False,False,True,True,False,False,False,False,False,False,False,False
32,female,White,36.417301177978516,4.417301177978516,25-34,True,False,False,False,False,False,False,True,False,False,False,True,False,False,False,False,False
57,female,White,53.535552978515625,3.464447021484375,45-64,True,False,False,False,False,False,False,True,False,False,False,False,False,True,False,False,False
34,male,Black,29.227659225463867,4.772340774536133,25-34,False,True,False,False,True,False,False,False,False,False,False,True,False,False,False,False,False
58,male,White,65.5093002319336,7.509300231933594,45-64,False,True,False,False,False,False,False,True,False,False,False,False,False,True,False,False,False
28,female,Black,27.073192596435547,0.9268074035644531,25-34,True,False,False,False,True,False,False,False,False,False,False,True,False,False,False,False,False
26,female,Black,30.509193420410156,4.509193420410156,25-34,True,False,False,False,True,False,False,False,False,False,False,True,False,False,False,False,False
35,female,Black,26.567354202270508,8.432645797729492,35-44,True,False,False,False,True,False,False,False,False,False,False,False,True,False,False,False,False
35,male,Black,36.85687255859375,1.85687255859375,35-44,False,True,False,False,True,False,False,False,False,False,False,False,True,False,False,False,False
60,male,White,63.849090576171875,3.849090576171875,45-64,False,True,False,False,False,False,False,True,False,False,False,False,False,True,False,False,False
25,male,White,41.64417266845703,16.64417266845703,25-34,False,True,False,False,False,False,False,True,False,False,False,True,False,False,False,False,False
32,male,White,23.272199630737305,8.727800369262695,25-34,False,True,False,False,False,False,False,True,False,False,False,True,False,False,False,False,False
3,female,Others,6.770057678222656,3.7700576782226562,0-4,True,False,False,False,False,False,True,False,True,False,False,False,False,False,False,False,False
85,male,White,74.7121353149414,10.287864685058594,85-99,False,True,False,False,False,False,False,True,False,False,False,False,False,False,False,True,False
25,female,Black,31.474605560302734,6.474605560302734,25-34,True,False,False,False,True,False,False,False,False,False,False,True,False,False,False,False,False
16,male,Others,19.486318588256836,3.486318588256836,5-17,False,True,False,False,False,False,True,False,False,True,False,False,False,False,False,False,False
54,male,White,35.93272399902344,18.067276000976562,45-64,False,True,False,False,False,False,False,True,False,False,False,False,False,True,False,False,False
89,male,Black,62.163143157958984,26.836856842041016,85-99,False,True,False,False,True,False,False,False,False,False,False,False,False,False,False,True,False
11,female,Others,5.919680595397949,5.080319404602051,5-17,True,False,False,False,False,False,True,False,False,True,False,False,False,False,False,False,False
26,female,White,37.55387878417969,11.553878784179688,25-34,True,False,False,False,False,False,False,True,False,False,False,True,False,False,False,False,False
2,male,Asian,5.130201816558838,3.130201816558838,0-4,False,True,False,True,False,False,False,False,True,False,False,False,False,False,False,False,False
24,female,Others,27.24156379699707,3.2415637969970703,18-24,True,False,False,False,False,False,True,False,False,False,True,False,False,False,False,False,False
26,male,Asian,27.488988876342773,1.4889888763427734,25-34,False,True,False,True,False,False,False,False,False,False,False,True,False,False,False,False,False
24,female,Asian,24.171546936035156,0.17154693603515625,18-24,True,False,False,True,False,False,False,False,False,False,True,False,False,False,False,False,False
70,male,Asian,51.27210998535156,18.727890014648438,65-84,False,True,False,True,False,False,False,False,False,False,False,False,False,False,True,False,False
60,female,White,59.070472717285156,0.9295272827148438,45-64,True,False,False,False,False,False,False,True,False,False,False,False,False,True,False,False,False
22,female,Indian,27.18699073791504,5.186990737915039,18-24,True,False,False,False,False,True,False,False,False,False,True,False,False,False,False,False,False
2,female,Others,3.2899255752563477,1.2899255752563477,0-4,True,False,False,False,False,False,True,False,True,False,False,False,False,False,False,False,False
1,male,Asian,3.066314697265625,2.066314697265625,0-4,False,True,False,True,False,False,False,False,True,False,False,False,False,False,False,False,False
26,male,White,28.82732582092285,2.8273258209228516,25-34,False,True,False,False,False,False,False,True,False,False,False,True,False,False,False,False,False
26,male,Black,23.177196502685547,2.822803497314453,25-34,False,True,False,False,True,False,False,False,False,False,False,True,False,False,False,False,False
59,male,Black,50.095314025878906,8.904685974121094,45-64,False,True,False,False,True,False,False,False,False,False,False,False,False,True,False,False,False
9,male,White,25.55898094177246,16.55898094177246,5-17,False,True,False,False,False,False,False,True,False,True,False,False,False,False,False,False,False
24,female,Asian,29.28754234313965,5.287542343139648,18-24,True,False,False,True,False,False,False,False,False,False,True,False,False,False,False,False,False
2,female,Others,2.656949996948242,0.6569499969482422,0-4,True,False,False,False,False,False,True,False,True,False,False,False,False,False,False,False,False
1,male,Indian,5.131486892700195,4.131486892700195,0-4,False,True,False,False,False,True,False,False,True,False,False,False,False,False,False,False,False
22,male,Black,27.305694580078125,5.305694580078125,18-24,False,True,False,False,True,False,False,False,False,False,True,False,False,False,False,False,False
29,male,Indian,31.351213455200195,2.3512134552001953,25-34,False,True,False,False,False,True,False,False,False,False,False,True,False,False,False,False,False
1,female,Asian,0.09479743242263794,0.9052025675773621,0-4,True,False,False,True,False,False,False,False,True,False,False,False,False,False,False,False,False
29,male,Others,31.818971633911133,2.818971633911133,25-34,False,True,False,False,False,False,True,False,False,False,False,True,False,False,False,False,False
31,male,White,23.36402702331543,7.63597297668457,25-34,False,True,False,False,False,False,False,True,False,False,False,True,False,False,False,False,False
51,male,Black,48.494285583496094,2.5057144165039062,45-64,False,True,False,False,True,False,False,False,False,False,False,False,False,True,False,False,False
20,female,Asian,14.856958389282227,5.143041610717773,18-24,True,False,False,True,False,False,False,False,False,False,True,False,False,False,False,False,False
1,female,Asian,1.0624526739120483,0.06245267391204834,0-4,True,False,False,True,False,False,False,False,True,False,False,False,False,False,False,False,False
26,female,Black,26.18778419494629,0.18778419494628906,25-34,True,False,False,False,True,False,False,False,False,False,False,True,False,False,False,False,False
29,male,Black,23.856855392456055,5.143144607543945,25-34,False,True,False,False,True,False,False,False,False,False,False,True,False,False,False,False,False
47,male,Others,37.625,9.375,45-64,False,True,False,False,False,False,True,False,False,False,False,False,False,True,False,False,False
29,female,Asian,25.606647491455078,3.393352508544922,25-34,True,False,False,True,False,False,False,False,False,False,False,True,False,False,False,False,False
50,male,Indian,38.51047897338867,11.489521026611328,45-64,False,True,False,False,False,True,False,False,False,False,False,False,False,True,False,False,False
5,male,Others,1.916757345199585,3.083242654800415,5-17,False,True,False,False,False,False,True,False,False,True,False,False,False,False,False,False,False
56,male,White,39.32195281982422,16.67804718017578,45-64,False,True,False,False,False,False,False,True,False,False,False,False,False,True,False,False,False
1,male,Indian,8.440731048583984,7.440731048583984,0-4,False,True,False,False,False,True,False,False,True,False,False,False,False,False,False,False,False
44,female,Black,25.767375946044922,18.232624053955078,35-44,True,False,False,False,True,False,False,False,False,False,False,False,True,False,False,False,False
30,female,Asian,23.882518768310547,6.117481231689453,25-34,True,False,False,True,False,False,False,False,False,False,False,True,False,False,False,False,False
53,male,Indian,46.196380615234375,6.803619384765625,45-64,False,True,False,False,False,True,False,False,False,False,False,False,False,True,False,False,False
30,male,Asian,27.990631103515625,2.009368896484375,25-34,False,True,False,True,False,False,False,False,False,False,False,True,False,False,False,False,False
28,female,Asian,23.132593154907227,4.867406845092773,25-34,True,False,False,True,False,False,False,False,False,False,False,True,False,False,False,False,False
75,male,Black,55.192142486572266,19.807857513427734,65-84,False,True,False,False,True,False,False,False,False,False,False,False,False,False,True,False,False
7,male,White,10.902162551879883,3.902162551879883,5-17,False,True,False,False,False,False,False,True,False,True,False,False,False,False,False,False,False
29,male,Others,36.795501708984375,7.795501708984375,25-34,False,True,False,False,False,False,True,False,False,False,False,True,False,False,False,False,False
24,male,Asian,24.123750686645508,0.12375068664550781,18-24,False,True,False,True,False,False,False,False,False,False,True,False,False,False,False,False,False
32,male,Black,28.34634017944336,3.6536598205566406,25-34,False,True,False,False,True,False,False,False,False,False,False,True,False,False,False,False,False
40,male,Indian,37.89026641845703,2.1097335815429688,35-44,False,True,False,False,False,True,False,False,False,False,False,False,True,False,False,False,False
26,female,White,32.06207275390625,6.06207275390625,25-34,True,False,False,False,False,False,False,True,False,False,False,True,False,False,False,False,False
26,female,Black,19.656816482543945,6.343183517456055,25-34,True,False,False,False,True,False,False,False,False,False,False,True,False,False,False,False,False
52,female,White,52.50646209716797,0.5064620971679688,45-64,True,False,False,False,False,False,False,True,False,False,False,False,False,True,False,False,False
35,male,White,43.21292495727539,8.21292495727539,35-44,False,True,False,False,False,False,False,True,False,False,False,False,True,False,False,False,False
15,male,White,25.088510513305664,10.088510513305664,5-17,False,True,False,False,False,False,False,True,False,True,False,False,False,False,False,False,False
29,male,Black,34.609619140625,5.609619140625,25-34,False,True,False,False,True,False,False,False,False,False,False,True,False,False,False,False,False
63,male,Indian,66.82024383544922,3.8202438354492188,45-64,False,True,False,False,False,True,False,False,False,False,False,False,False,True,False,False,False
54,male,White,41.962486267089844,12.037513732910156,45-64,False,True,False,False,False,False,False,True,False,False,False,False,False,True,False,False,False
33,female,White,24.265283584594727,8.734716415405273,25-34,True,False,False,False,False,False,False,True,False,False,False,True,False,False,False,False,False
29,female,Asian,22.84141731262207,6.15858268737793,25-34,True,False,False,True,False,False,False,False,False,False,False,True,False,False,False,False,False
30,male,Indian,42.27265930175781,12.272659301757812,25-34,False,True,False,False,False,True,False,False,False,False,False,True,False,False,False,False,False
43,female,White,32.46977615356445,10.530223846435547,35-44,True,False,False,False,False,False,False,True,False,False,False,False,True,False,False,False,False
28,female,Indian,27.272512435913086,0.7274875640869141,25-34,True,False,False,False,False,True,False,False,False,False,False,True,False,False,False,False,False
75,male,Indian,65.09368133544922,9.906318664550781,65-84,False,True,False,False,False,True,False,False,False,False,False,False,False,False,True,False,False
54,male,Black,52.312774658203125,1.687225341796875,45-64,False,True,False,False,True,False,False,False,False,False,False,False,False,True,False,False,False
35,female,Black,22.216136932373047,12.783863067626953,35-44,True,False,False,False,True,False,False,False,False,False,False,False,True,False,False,False,False
1,male,Indian,1.0285652875900269,0.028565287590026855,0-4,False,True,False,False,False,True,False,False,True,False,False,False,False,False,False,False,False
42,male,Indian,48.95948028564453,6.959480285644531,35-44,False,True,False,False,False,True,False,False,False,False,False,False,True,False,False,False,False
25,female,White,23.118350982666016,1.8816490173339844,25-34,True,False,False,False,False,False,False,True,False,False,False,True,False,False,False,False,False
6,female,Asian,2.0808773040771484,3.9191226959228516,5-17,True,False,False,True,False,False,False,False,False,True,False,False,False,False,False,False,False
12,female,White,27.60780906677246,15.607809066772461,5-17,True,False,False,False,False,False,False,True,False,True,False,False,False,False,False,False,False
65,female,White,60.50059127807617,4.499408721923828,65-84,True,False,False,False,False,False,False,True,False,False,False,False,False,False,True,False,False
2,female,Others,6.273338317871094,4.273338317871094,0-4,True,False,False,False,False,False,True,False,True,False,False,False,False,False,False,False,False
27,male,Black,32.73895263671875,5.73895263671875,25-34,False,True,False,False,True,False,False,False,False,False,False,True,False,False,False,False,False
30,male,Indian,24.58183479309082,5.41816520690918,25-34,False,True,False,False,False,True,False,False,False,False,False,True,False,False,False,False,False
37,female,Indian,23.72765350341797,13.272346496582031,35-44,True,False,False,False,False,True,False,False,False,False,False,False,True,False,False,False,False
29,female,White,27.436677932739258,1.5633220672607422,25-34,True,False,False,False,False,False,False,True,False,False,False,True,False,False,False,False,False
4,male,Indian,9.145111083984375,5.145111083984375,0-4,False,True,False,False,False,True,False,False,True,False,False,False,False,False,False,False,False
1,female,Asian,-0.6167573928833008,1.6167573928833008,0-4,True,False,False,True,False,False,False,False,True,False,False,False,False,False,False,False,False
20,male,Indian,27.91908073425293,7.91908073425293,18-24,False,True,False,False,False,True,False,False,False,False,True,False,False,False,False,False,False
38,female,Black,34.31267166137695,3.687328338623047,35-44,True,False,False,False,True,False,False,False,False,False,False,False,True,False,False,False,False
26,male,White,27.750085830688477,1.7500858306884766,25-34,False,True,False,False,False,False,False,True,False,False,False,True,False,False,False,False,False
27,male,White,27.169565200805664,0.16956520080566406,25-34,False,True,False,False,False,False,False,True,False,False,False,True,False,False,False,False,False
70,male,White,59.896522521972656,10.103477478027344,65-84,False,True,False,False,False,False,False,True,False,False,False,False,False,False,True,False,False
29,female,White,28.50370216369629,0.49629783630371094,25-34,True,False,False,False,False,False,False,True,False,False,False,True,False,False,False,False,False
35,male,Indian,36.08238220214844,1.0823822021484375,35-44,False,True,False,False,False,True,False,False,False,False,False,False,True,False,False,False,False
32,female,Asian,31.627349853515625,0.372650146484375,25-34,True,False,False,True,False,False,False,False,False,False,False,True,False,False,False,False,False
73,female,Indian,62.47283172607422,10.527168273925781,65-84,True,False,False,False,False,True,False,False,False,False,False,False,False,False,True,False,False
39,female,Indian,25.140493392944336,13.859506607055664,35-44,True,False,False,False,False,True,False,False,False,False,False,False,True,False,False,False,False
34,male,White,34.99250411987305,0.9925041198730469,25-34,False,True,False,False,False,False,False,True,False,False,False,True,False,False,False,False,False
43,male,Indian,43.973960876464844,0.9739608764648438,35-44,False,True,False,False,False,True,False,False,False,False,False,False,True,False,False,False,False
30,female,Asian,31.89617347717285,1.8961734771728516,25-34,True,False,False,True,False,False,False,False,False,False,False,True,False,False,False,False,False
1,female,White,1.074554681777954,0.0745546817779541,0-4,True,False,False,False,False,False,False,True,True,False,False,False,False,False,False,False,False
1,male,Asian,6.686915874481201,5.686915874481201,0-4,False,True,False,True,False,False,False,False,True,False,False,False,False,False,False,False,False
68,female,White,73.37764739990234,5.377647399902344,65-84,True,False,False,False,False,False,False,True,False,False,False,False,False,False,True,False,False
42,male,White,33.21149444580078,8.788505554199219,35-44,False,True,False,False,False,False,False,True,False,False,False,False,True,False,False,False,False
28,male,Indian,24.850419998168945,3.1495800018310547,25-34,False,True,False,False,False,True,False,False,False,False,False,True,False,False,False,False,False
45,male,Others,30.479034423828125,14.520965576171875,45-64,False,True,False,False,False,False,True,False,False,False,False,False,False,True,False,False,False
2,male,Indian,1.781049370765686,0.21895062923431396,0-4,False,True,False,False,False,True,False,False,True,False,False,False,False,False,False,False,False
27,female,Others,35.09321212768555,8.093212127685547,25-34,True,False,False,False,False,False,True,False,False,False,False,True,False,False,False,False,False
36,female,Indian,37.17113494873047,1.1711349487304688,35-44,True,False,False,False,False,True,False,False,False,False,False,False,True,False,False,False,False
14,male,White,16.03584861755371,2.035848617553711,5-17,False,True,False,False,False,False,False,True,False,True,False,False,False,False,False,False,False
35,female,White,38.61817932128906,3.6181793212890625,35-44,True,False,False,False,False,False,False,True,False,False,False,False,True,False,False,False,False
38,male,Black,31.092668533325195,6.907331466674805,35-44,False,True,False,False,True,False,False,False,False,False,False,False,True,False,False,False,False
47,female,White,45.695518493652344,1.3044815063476562,45-64,True,False,False,False,False,False,False,True,False,False,False,False,False,True,False,False,False
40,male,White,28.901771545410156,11.098228454589844,35-44,False,True,False,False,False,False,False,True,False,False,False,False,True,False,False,False,False
26,male,White,32.2822151184082,6.282215118408203,25-34,False,True,False,False,False,False,False,True,False,False,False,True,False,False,False,False,False
26,male,Indian,30.267839431762695,4.267839431762695,25-34,False,True,False,False,False,True,False,False,False,False,False,True,False,False,False,False,False
2,female,White,0.5440355539321899,1.45596444606781,0-4,True,False,False,False,False,False,False,True,True,False,False,False,False,False,False,False,False
26,female,Asian,25.926013946533203,0.07398605346679688,25-34,True,False,False,True,False,False,False,False,False,False,False,True,False,False,False,False,False
1,male,Indian,2.8265466690063477,1.8265466690063477,0-4,False,True,False,False,False,True,False,False,True,False,False,False,False,False,False,False,False
30,male,Indian,23.234939575195312,6.7650604248046875,25-34,False,True,False,False,False,True,False,False,False,False,False,True,False,False,False,False,False
30,male,Asian,20.25520896911621,9.744791030883789,25-34,False,True,False,True,False,False,False,False,False,False,False,True,False,False,False,False,False
24,female,Indian,15.816743850708008,8.183256149291992,18-24,True,False,False,False,False,True,False,False,False,False,True,False,False,False,False,False,False
4,female,Asian,3.414004325866699,0.5859956741333008,0-4,True,False,False,True,False,False,False,False,True,False,False,False,False,False,False,False,False
81,female,White,54.95445251464844,26.045547485351562,65-84,True,False,False,False,False,False,False,True,False,False,False,False,False,False,True,False,False
65,male,White,52.722381591796875,12.277618408203125,65-84,False,True,False,False,False,False,False,True,False,False,False,False,False,False,True,False,False
76,male,Black,54.142982482910156,21.857017517089844,65-84,False,True,False,False,True,False,False,False,False,False,False,False,False,False,True,False,False
80,female,Indian,67.4909439086914,12.509056091308594,65-84,True,False,False,False,False,True,False,False,False,False,False,False,False,False,True,False,False
43,female,White,34.337303161621094,8.662696838378906,35-44,True,False,False,False,False,False,False,True,False,False,False,False,True,False,False,False,False
26,female,Asian,22.208820343017578,3.791179656982422,25-34,True,False,False,True,False,False,False,False,False,False,False,True,False,False,False,False,False
46,male,White,47.20032501220703,1.2003250122070312,45-64,False,True,False,False,False,False,False,True,False,False,False,False,False,True,False,False,False
28,female,Others,21.1988468170166,6.801153182983398,25-34,True,False,False,False,False,False,True,False,False,False,False,True,False,False,False,False,False
39,female,White,40.12446212768555,1.1244621276855469,35-44,True,False,False,False,False,False,False,True,False,False,False,False,True,False,False,False,False
28,male,White,31.28926658630371,3.289266586303711,25-34,False,True,False,False,False,False,False,True,False,False,False,True,False,False,False,False,False
60,female,White,32.611412048339844,27.388587951660156,45-64,True,False,False,False,False,False,False,True,False,False,False,False,False,True,False,False,False
45,female,Indian,40.03795623779297,4.962043762207031,45-64,True,False,False,False,False,True,False,False,False,False,False,False,False,True,False,False,False
21,female,Asian,29.58855628967285,8.588556289672852,18-24,True,False,False,True,False,False,False,False,False,False,True,False,False,False,False,False,False
18,female,White,26.004072189331055,8.004072189331055,18-24,True,False,False,False,False,False,False,True,False,False,True,False,False,False,False,False,False
84,female,White,88.91144561767578,4.911445617675781,65-84,True,False,False,False,False,False,False,True,False,False,False,False,False,False,True,False,False
24,female,Indian,23.159616470336914,0.8403835296630859,18-24,True,False,False,False,False,True,False,False,False,False,True,False,False,False,False,False,False
50,male,White,41.90433120727539,8.09566879272461,45-64,False,True,False,False,False,False,False,True,False,False,False,False,False,True,False,False,False
5,female,Black,11.62118911743164,6.621189117431641,5-17,True,False,False,False,True,False,False,False,False,True,False,False,False,False,False,False,False
53,male,Asian,39.60131072998047,13.398689270019531,45-64,False,True,False,True,False,False,False,False,False,False,False,False,False,True,False,False,False
23,female,Black,28.101478576660156,5.101478576660156,18-24,True,False,False,False,True,False,False,False,False,False,True,False,False,False,False,False,False
27,female,Indian,29.86832618713379,2.868326187133789,25-34,True,False,False,False,False,True,False,False,False,False,False,True,False,False,False,False,False
1,male,Others,4.696948528289795,3.696948528289795,0-4,False,True,False,False,False,False,True,False,True,False,False,False,False,False,False,False,False
37,male,Black,33.41611862182617,3.583881378173828,35-44,False,True,False,False,True,False,False,False,False,False,False,False,True,False,False,False,False
52,female,White,44.6214599609375,7.3785400390625,45-64,True,False,False,False,False,False,False,True,False,False,False,False,False,True,False,False,False
1,male,Indian,1.5717896223068237,0.5717896223068237,0-4,False,True,False,False,False,True,False,False,True,False,False,False,False,False,False,False,False
26,female,Indian,34.82748794555664,8.82748794555664,25-34,True,False,False,False,False,True,False,False,False,False,False,True,False,False,False,False,False
60,female,White,26.51418685913086,33.48581314086914,45-64,True,False,False,False,False,False,False,True,False,False,False,False,False,True,False,False,False
49,male,Indian,40.0846061706543,8.915393829345703,45-64,False,True,False,False,False,True,False,False,False,False,False,False,False,True,False,False,False
58,male,White,44.88103485107422,13.118965148925781,45-64,False,True,False,False,False,False,False,True,False,False,False,False,False,True,False,False,False
3,male,White,3.5308711528778076,0.5308711528778076,0-4,False,True,False,False,False,False,False,True,True,False,False,False,False,False,False,False,False
28,female,Asian,24.049562454223633,3.950437545776367,25-34,True,False,False,True,False,False,False,False,False,False,False,True,False,False,False,False,False
26,male,Black,27.343059539794922,1.3430595397949219,25-34,False,True,False,False,True,False,False,False,False,False,False,True,False,False,False,False,False
25,female,White,25.41729164123535,0.41729164123535156,25-34,True,False,False,False,False,False,False,True,False,False,False,True,False,False,False,False,False
59,male,White,54.90261459350586,4.097385406494141,45-64,False,True,False,False,False,False,False,True,False,False,False,False,False,True,False,False,False
25,female,White,27.680540084838867,2.680540084838867,25-34,True,False,False,False,False,False,False,True,False,False,False,True,False,False,False,False,False
8,female,Others,10.828557968139648,2.8285579681396484,5-17,True,False,False,False,False,False,True,False,False,True,False,False,False,False,False,False,False
23,male,Indian,23.687665939331055,0.6876659393310547,18-24,False,True,False,False,False,True,False,False,False,False,True,False,False,False,False,False,False
26,male,White,26.003557205200195,0.0035572052001953125,25-34,False,True,False,False,False,False,False,True,False,False,False,True,False,False,False,False,False
24,female,White,22.4168643951416,1.5831356048583984,18-24,True,False,False,False,False,False,False,True,False,False,True,False,False,False,False,False,False
78,male,Asian,71.17247772216797,6.827522277832031,65-84,False,True,False,True,False,False,False,False,False,False,False,False,False,False,True,False,False
29,female,White,25.797771453857422,3.202228546142578,25-34,True,False,False,False,False,False,False,True,False,False,False,True,False,False,False,False,False
26,female,Indian,29.26777458190918,3.2677745819091797,25-34,True,False,False,False,False,True,False,False,False,False,False,True,False,False,False,False,False
3,male,White,3.451291084289551,0.4512910842895508,0-4,False,True,False,False,False,False,False,True,True,False,False,False,False,False,False,False,False
40,female,Black,29.617332458496094,10.382667541503906,35-44,True,False,False,False,True,False,False,False,False,False,False,False,True,False,False,False,False
28,male,Indian,24.81697654724121,3.183023452758789,25-34,False,True,False,False,False,True,False,False,False,False,False,True,False,False,False,False,False
42,male,White,52.425148010253906,10.425148010253906,35-44,False,True,False,False,False,False,False,True,False,False,False,False,True,False,False,False,False
62,male,White,44.90545654296875,17.09454345703125,45-64,False,True,False,False,False,False,False,True,False,False,False,False,False,True,False,False,False
67,female,White,57.70491027832031,9.295089721679688,65-84,True,False,False,False,False,False,False,True,False,False,False,False,False,False,True,False,False
29,male,Others,27.188627243041992,1.8113727569580078,25-34,False,True,False,False,False,False,True,False,False,False,False,True,False,False,False,False,False
34,male,White,42.83502197265625,8.83502197265625,25-34,False,True,False,False,False,False,False,True,False,False,False,True,False,False,False,False,False
18,female,White,17.13505744934082,0.8649425506591797,18-24,True,False,False,False,False,False,False,True,False,False,True,False,False,False,False,False,False
83,male,White,78.4400863647461,4.559913635253906,65-84,False,True,False,False,False,False,False,True,False,False,False,False,False,False,True,False,False
45,female,White,26.21352767944336,18.78647232055664,45-64,True,False,False,False,False,False,False,True,False,False,False,False,False,True,False,False,False
15,female,White,20.016401290893555,5.016401290893555,5-17,True,False,False,False,False,False,False,True,False,True,False,False,False,False,False,False,False
25,male,Indian,37.44000244140625,12.44000244140625,25-34,False,True,False,False,False,True,False,False,False,False,False,True,False,False,False,False,False
34,male,Black,31.06995964050293,2.9300403594970703,25-34,False,True,False,False,True,False,False,False,False,False,False,True,False,False,False,False,False
26,male,White,23.316064834594727,2.6839351654052734,25-34,False,True,False,False,False,False,False,True,False,False,False,True,False,False,False,False,False
36,male,White,44.02105712890625,8.02105712890625,35-44,False,True,False,False,False,False,False,True,False,False,False,False,True,False,False,False,False
2,male,White,3.19893217086792,1.19893217086792,0-4,False,True,False,False,False,False,False,True,True,False,False,False,False,False,False,False,False
1,male,White,0.8538352251052856,0.14616477489471436,0-4,False,True,False,False,False,False,False,True,True,False,False,False,False,False,False,False,False
2,male,Indian,7.749321937561035,5.749321937561035,0-4,False,True,False,False,False,True,False,False,True,False,False,False,False,False,False,False,False
25,female,Others,28.061370849609375,3.061370849609375,25-34,True,False,False,False,False,False,True,False,False,False,False,True,False,False,False,False,False
17,female,Black,18.639039993286133,1.6390399932861328,5-17,True,False,False,False,True,False,False,False,False,True,False,False,False,False,False,False,False
26,male,Black,32.63315200805664,6.633152008056641,25-34,False,True,False,False,True,False,False,False,False,False,False,True,False,False,False,False,False
1,female,White,0.8133721351623535,0.18662786483764648,0-4,True,False,False,False,False,False,False,True,True,False,False,False,False,False,False,False,False
25,female,Black,31.720502853393555,6.720502853393555,25-34,True,False,False,False,True,False,False,False,False,False,False,True,False,False,False,False,False
5,female,Indian,18.52046775817871,13.520467758178711,5-17,True,False,False,False,False,True,False,False,False,True,False,False,False,False,False,False,False
84,female,White,64.76510620117188,19.234893798828125,65-84,True,False,False,False,False,False,False,True,False,False,False,False,False,False,True,False,False
2,female,Others,0.1966838240623474,1.8033161759376526,0-4,True,False,False,False,False,False,True,False,True,False,False,False,False,False,False,False,False
85,female,White,63.88481140136719,21.115188598632812,85-99,True,False,False,False,False,False,False,True,False,False,False,False,False,False,False,True,False
21,female,White,25.98723793029785,4.987237930297852,18-24,True,False,False,False,False,False,False,True,False,False,True,False,False,False,False,False,False
21,female,Indian,22.82339096069336,1.8233909606933594,18-24,True,False,False,False,False,True,False,False,False,False,True,False,False,False,False,False,False
9,male,White,11.024857521057129,2.024857521057129,5-17,False,True,False,False,False,False,False,True,False,True,False,False,False,False,False,False,False
35,male,Black,29.176488876342773,5.823511123657227,35-44,False,True,False,False,True,False,False,False,False,False,False,False,True,False,False,False,False
39,female,Black,32.38558578491211,6.614414215087891,35-44,True,False,False,False,True,False,False,False,False,False,False,False,True,False,False,False,False
40,male,White,32.57865524291992,7.421344757080078,35-44,False,True,False,False,False,False,False,True,False,False,False,False,True,False,False,False,False
58,male,White,55.755889892578125,2.244110107421875,45-64,False,True,False,False,False,False,False,True,False,False,False,False,False,True,False,False,False
36,male,Asian,25.611669540405273,10.388330459594727,35-44,False,True,False,True,False,False,False,False,False,False,False,False,True,False,False,False,False
32,male,Others,21.752094268798828,10.247905731201172,25-34,False,True,False,False,False,False,True,False,False,False,False,True,False,False,False,False,False
1,male,Asian,1.3821057081222534,0.3821057081222534,0-4,False,True,False,True,False,False,False,False,True,False,False,False,False,False,False,False,False
34,male,White,40.27060317993164,6.270603179931641,25-34,False,True,False,False,False,False,False,True,False,False,False,True,False,False,False,False,False
5,male,Asian,3.7288262844085693,1.2711737155914307,5-17,False,True,False,True,False,False,False,False,False,True,False,False,False,False,False,False,False
34,male,Indian,29.310705184936523,4.689294815063477,25-34,False,True,False,False,False,True,False,False,False,False,False,True,False,False,False,False,False
54,male,White,51.399818420410156,2.6001815795898438,45-64,False,True,False,False,False,False,False,True,False,False,False,False,False,True,False,False,False
24,female,Black,26.185209274291992,2.185209274291992,18-24,True,False,False,False,True,False,False,False,False,False,True,False,False,False,False,False,False
46,male,Indian,24.145793914794922,21.854206085205078,45-64,False,True,False,False,False,True,False,False,False,False,False,False,False,True,False,False,False
37,male,Black,50.06793975830078,13.067939758300781,35-44,False,True,False,False,True,False,False,False,False,False,False,False,True,False,False,False,False
20,female,Black,24.688364028930664,4.688364028930664,18-24,True,False,False,False,True,False,False,False,False,False,True,False,False,False,False,False,False
31,female,White,28.553955078125,2.446044921875,25-34,True,False,False,False,False,False,False,True,False,False,False,True,False,False,False,False,False
36,female,Indian,46.659000396728516,10.659000396728516,35-44,True,False,False,False,False,True,False,False,False,False,False,False,True,False,False,False,False
26,female,Black,25.730714797973633,0.2692852020263672,25-34,True,False,False,False,True,False,False,False,False,False,False,True,False,False,False,False,False
58,male,White,57.238372802734375,0.761627197265625,45-64,False,True,False,False,False,False,False,True,False,False,False,False,False,True,False,False,False
65,female,White,54.234249114990234,10.765750885009766,65-84,True,False,False,False,False,False,False,True,False,False,False,False,False,False,True,False,False
16,male,White,28.749746322631836,12.749746322631836,5-17,False,True,False,False,False,False,False,True,False,True,False,False,False,False,False,False,False
28,male,Indian,27.504762649536133,0.4952373504638672,25-34,False,True,False,False,False,True,False,False,False,False,False,True,False,False,False,False,False
27,male,White,23.082857131958008,3.917142868041992,25-34,False,True,False,False,False,False,False,True,False,False,False,True,False,False,False,False,False
26,male,Asian,24.582082748413086,1.417917251586914,25-34,False,True,False,True,False,False,False,False,False,False,False,True,False,False,False,False,False
2,female,Asian,10.33565902709961,8.33565902709961,0-4,True,False,False,True,False,False,False,False,True,False,False,False,False,False,False,False,False
53,male,White,58.809635162353516,5.809635162353516,45-64,False,True,False,False,False,False,False,True,False,False,False,False,False,True,False,False,False
33,female,Black,27.88651466369629,5.113485336303711,25-34,True,False,False,False,True,False,False,False,False,False,False,True,False,False,False,False,False
10,female,Indian,11.758721351623535,1.7587213516235352,5-17,True,False,False,False,False,True,False,False,False,True,False,False,False,False,False,False,False
4,male,Indian,3.405062198638916,0.594937801361084,0-4,False,True,False,False,False,True,False,False,True,False,False,False,False,False,False,False,False
34,male,Indian,31.720916748046875,2.279083251953125,25-34,False,True,False,False,False,True,False,False,False,False,False,True,False,False,False,False,False
23,male,Asian,14.575934410095215,8.424065589904785,18-24,False,True,False,True,False,False,False,False,False,False,True,False,False,False,False,False,False
18,male,White,32.81829833984375,14.81829833984375,18-24,False,True,False,False,False,False,False,True,False,False,True,False,False,False,False,False,False
39,male,Indian,50.96499252319336,11.96499252319336,35-44,False,True,False,False,False,True,False,False,False,False,False,False,True,False,False,False,False
8,female,White,6.516457557678223,1.4835424423217773,5-17,True,False,False,False,False,False,False,True,False,True,False,False,False,False,False,False,False
26,female,White,32.783042907714844,6.783042907714844,25-34,True,False,False,False,False,False,False,True,False,False,False,True,False,False,False,False,False
56,male,Black,50.693328857421875,5.306671142578125,45-64,False,True,False,False,True,False,False,False,False,False,False,False,False,True,False,False,False
2,female,Asian,1.669143795967102,0.33085620403289795,0-4,True,False,False,True,False,False,False,False,True,False,False,False,False,False,False,False,False
23,male,Black,27.007204055786133,4.007204055786133,18-24,False,True,False,False,True,False,False,False,False,False,True,False,False,False,False,False,False
32,male,Indian,36.47826385498047,4.478263854980469,25-34,False,True,False,False,False,True,False,False,False,False,False,True,False,False,False,False,False
33,female,Indian,30.341909408569336,2.658090591430664,25-34,True,False,False,False,False,True,False,False,False,False,False,True,False,False,False,False,False
9,male,White,6.701387405395508,2.298612594604492,5-17,False,True,False,False,False,False,False,True,False,True,False,False,False,False,False,False,False
25,female,Asian,15.029626846313477,9.970373153686523,25-34,True,False,False,True,False,False,False,False,False,False,False,True,False,False,False,False,False
26,female,White,24.3159236907959,1.6840763092041016,25-34,True,False,False,False,False,False,False,True,False,False,False,True,False,False,False,False,False
72,female,Black,45.40998077392578,26.59001922607422,65-84,True,False,False,False,True,False,False,False,False,False,False,False,False,False,True,False,False
26,male,Asian,20.83283042907715,5.167169570922852,25-34,False,True,False,True,False,False,False,False,False,False,False,True,False,False,False,False,False
29,female,White,29.93348503112793,0.9334850311279297,25-34,True,False,False,False,False,False,False,True,False,False,False,True,False,False,False,False,False
9,male,Asian,7.021944999694824,1.9780550003051758,5-17,False,True,False,True,False,False,False,False,False,True,False,False,False,False,False,False,False
33,female,White,30.756643295288086,2.243356704711914,25-34,True,False,False,False,False,False,False,True,False,False,False,True,False,False,False,False,False
14,male,White,12.76693344116211,1.2330665588378906,5-17,False,True,False,False,False,False,False,True,False,True,False,False,False,False,False,False,False
57,male,White,55.5959358215332,1.4040641784667969,45-64,False,True,False,False,False,False,False,True,False,False,False,False,False,True,False,False,False
31,male,Black,38.533485412597656,7.533485412597656,25-34,False,True,False,False,True,False,False,False,False,False,False,True,False,False,False,False,False
32,female,White,34.55744171142578,2.5574417114257812,25-34,True,False,False,False,False,False,False,True,False,False,False,True,False,False,False,False,False
26,male,Black,23.120912551879883,2.879087448120117,25-34,False,True,False,False,True,False,False,False,False,False,False,True,False,False,False,False,False
27,female,Black,25.149517059326172,1.8504829406738281,25-34,True,False,False,False,True,False,False,False,False,False,False,True,False,False,False,False,False
19,female,Indian,18.641618728637695,0.3583812713623047,18-24,True,False,False,False,False,True,False,False,False,False,True,False,False,False,False,False,False
30,female,Indian,27.46035385131836,2.5396461486816406,25-34,True,False,False,False,False,True,False,False,False,False,False,True,False,False,False,False,False
28,female,Indian,25.443758010864258,2.556241989135742,25-34,True,False,False,False,False,True,False,False,False,False,False,True,False,False,False,False,False
32,female,Black,29.723941802978516,2.2760581970214844,25-34,True,False,False,False,True,False,False,False,False,False,False,True,False,False,False,False,False
1,female,Asian,2.419461727142334,1.419461727142334,0-4,True,False,False,True,False,False,False,False,True,False,False,False,False,False,False,False,False
80,male,White,44.174339294433594,35.825660705566406,65-84,False,True,False,False,False,False,False,True,False,False,False,False,False,False,True,False,False
26,male,Black,27.8907527923584,1.8907527923583984,25-34,False,True,False,False,True,False,False,False,False,False,False,True,False,False,False,False,False
48,male,Black,44.391212463378906,3.6087875366210938,45-64,False,True,False,False,True,False,False,False,False,False,False,False,False,True,False,False,False
54,male,Others,35.84954071044922,18.15045928955078,45-64,False,True,False,False,False,False,True,False,False,False,False,False,False,True,False,False,False
32,female,Indian,29.80345344543457,2.1965465545654297,25-34,True,False,False,False,False,True,False,False,False,False,False,True,False,False,False,False,False
14,male,Black,21.665306091308594,7.665306091308594,5-17,False,True,False,False,True,False,False,False,False,True,False,False,False,False,False,False,False
26,male,Indian,29.646020889282227,3.6460208892822266,25-34,False,True,False,False,False,True,False,False,False,False,False,True,False,False,False,False,False
36,male,White,40.64815902709961,4.648159027099609,35-44,False,True,False,False,False,False,False,True,False,False,False,False,True,False,False,False,False
73,male,White,65.4224853515625,7.5775146484375,65-84,False,True,False,False,False,False,False,True,False,False,False,False,False,False,True,False,False
20,female,Asian,17.5426025390625,2.4573974609375,18-24,True,False,False,True,False,False,False,False,False,False,True,False,False,False,False,False,False
28,male,Indian,28.203845977783203,0.20384597778320312,25-34,False,True,False,False,False,True,False,False,False,False,False,True,False,False,False,False,False
41,female,Indian,35.52692413330078,5.473075866699219,35-44,True,False,False,False,False,True,False,False,False,False,False,False,True,False,False,False,False
54,female,White,39.090240478515625,14.909759521484375,45-64,True,False,False,False,False,False,False,True,False,False,False,False,False,True,False,False,False
55,male,Indian,44.36692810058594,10.633071899414062,45-64,False,True,False,False,False,True,False,False,False,False,False,False,False,True,False,False,False
35,male,White,31.2707462310791,3.7292537689208984,35-44,False,True,False,False,False,False,False,True,False,False,False,False,True,False,False,False,False
86,female,White,61.73882293701172,24.26117706298828,85-99,True,False,False,False,False,False,False,True,False,False,False,False,False,False,False,True,False
40,female,Asian,47.384857177734375,7.384857177734375,35-44,True,False,False,True,False,False,False,False,False,False,False,False,True,False,False,False,False
74,male,White,66.02574920654297,7.974250793457031,65-84,False,True,False,False,False,False,False,True,False,False,False,False,False,False,True,False,False
39,female,Black,38.861671447753906,0.13832855224609375,35-44,True,False,False,False,True,False,False,False,False,False,False,False,True,False,False,False,False
2,female,Others,2.174372434616089,0.17437243461608887,0-4,True,False,False,False,False,False,True,False,True,False,False,False,False,False,False,False,False
28,male,Indian,33.2244873046875,5.2244873046875,25-34,False,True,False,False,False,True,False,False,False,False,False,True,False,False,False,False,False
30,male,Black,34.42705535888672,4.427055358886719,25-34,False,True,False,False,True,False,False,False,False,False,False,True,False,False,False,False,False
26,female,Black,31.182695388793945,5.182695388793945,25-34,True,False,False,False,True,False,False,False,False,False,False,True,False,False,False,False,False
1,male,Asian,1.3820770978927612,0.38207709789276123,0-4,False,True,False,True,False,False,False,False,True,False,False,False,False,False,False,False,False
24,female,Asian,27.47043800354004,3.470438003540039,18-24,True,False,False,True,False,False,False,False,False,False,True,False,False,False,False,False,False
2,male,Asian,2.78326416015625,0.78326416015625,0-4,False,True,False,True,False,False,False,False,True,False,False,False,False,False,False,False,False
26,male,Black,33.60453414916992,7.604534149169922,25-34,False,True,False,False,True,False,False,False,False,False,False,True,False,False,False,False,False
35,male,Black,25.04534149169922,9.954658508300781,35-44,False,True,False,False,True,False,False,False,False,False,False,False,True,False,False,False,False
21,female,Black,25.8046932220459,4.804693222045898,18-24,True,False,False,False,True,False,False,False,False,False,True,False,False,False,False,False,False
22,male,Black,23.81340789794922,1.8134078979492188,18-24,False,True,False,False,True,False,False,False,False,False,True,False,False,False,False,False,False
54,male,Indian,48.339744567871094,5.660255432128906,45-64,False,True,False,False,False,True,False,False,False,False,False,False,False,True,False,False,False
30,female,Indian,15.522443771362305,14.477556228637695,25-34,True,False,False,False,False,True,False,False,False,False,False,True,False,False,False,False,False
65,male,White,52.5622444152832,12.437755584716797,65-84,False,True,False,False,False,False,False,True,False,False,False,False,False,False,True,False,False
38,male,White,49.2325439453125,11.2325439453125,35-44,False,True,False,False,False,False,False,True,False,False,False,False,True,False,False,False,False
23,female,Asian,25.921907424926758,2.921907424926758,18-24,True,False,False,True,False,False,False,False,False,False,True,False,False,False,False,False,False
16,male,White,11.748895645141602,4.251104354858398,5-17,False,True,False,False,False,False,False,True,False,True,False,False,False,False,False,False,False
77,male,Black,27.200441360473633,49.79955863952637,65-84,False,True,False,False,True,False,False,False,False,False,False,False,False,False,True,False,False
61,male,White,26.488988876342773,34.51101112365723,45-64,False,True,False,False,False,False,False,True,False,False,False,False,False,True,False,False,False
54,male,White,45.788551330566406,8.211448669433594,45-64,False,True,False,False,False,False,False,True,False,False,False,False,False,True,False,False,False
21,female,White,26.132787704467773,5.132787704467773,18-24,True,False,False,False,False,False,False,True,False,False,True,False,False,False,False,False,False
36,female,Others,29.854063034057617,6.145936965942383,35-44,True,False,False,False,False,False,True,False,False,False,False,False,True,False,False,False,False
2,female,Others,1.240709900856018,0.7592900991439819,0-4,True,False,False,False,False,False,True,False,True,False,False,False,False,False,False,False,False
83,female,White,65.01245880126953,17.98754119873047,65-84,True,False,False,False,False,False,False,True,False,False,False,False,False,False,True,False,False
18,female,Asian,26.177898406982422,8.177898406982422,18-24,True,False,False,True,False,False,False,False,False,False,True,False,False,False,False,False,False
32,male,White,32.141963958740234,0.14196395874023438,25-34,False,True,False,False,False,False,False,True,False,False,False,True,False,False,False,False,False
45,male,Indian,46.95273208618164,1.9527320861816406,45-64,False,True,False,False,False,True,False,False,False,False,False,False,False,True,False,False,False
40,female,Indian,26.651966094970703,13.348033905029297,35-44,True,False,False,False,False,True,False,False,False,False,False,False,True,False,False,False,False
25,male,White,22.328895568847656,2.6711044311523438,25-34,False,True,False,False,False,False,False,True,False,False,False,True,False,False,False,False,False
8,female,Indian,28.95124626159668,20.95124626159668,5-17,True,False,False,False,False,True,False,False,False,True,False,False,False,False,False,False,False
34,male,Indian,33.71028137207031,0.2897186279296875,25-34,False,True,False,False,False,True,False,False,False,False,False,True,False,False,False,False,False
29,female,Asian,27.032480239868164,1.967519760131836,25-34,True,False,False,True,False,False,False,False,False,False,False,True,False,False,False,False,False
25,female,Indian,21.70404815673828,3.2959518432617188,25-34,True,False,False,False,False,True,False,False,False,False,False,True,False,False,False,False,False
35,male,Black,42.03053283691406,7.0305328369140625,35-44,False,True,False,False,True,False,False,False,False,False,False,False,True,False,False,False,False
35,male,Others,27.48563575744629,7.514364242553711,35-44,False,True,False,False,False,False,True,False,False,False,False,False,True,False,False,False,False
1,female,Others,1.5365220308303833,0.5365220308303833,0-4,True,False,False,False,False,False,True,False,True,False,False,False,False,False,False,False,False
26,male,Black,36.74565505981445,10.745655059814453,25-34,False,True,False,False,True,False,False,False,False,False,False,True,False,False,False,False,False
16,female,Black,22.93549919128418,6.93549919128418,5-17,True,False,False,False,True,False,False,False,False,True,False,False,False,False,False,False,False
1,female,Asian,2.1090235710144043,1.1090235710144043,0-4,True,False,False,True,False,False,False,False,True,False,False,False,False,False,False,False,False
26,female,Black,27.437715530395508,1.4377155303955078,25-34,True,False,False,False,True,False,False,False,False,False,False,True,False,False,False,False,False
40,male,Asian,51.523075103759766,11.523075103759766,35-44,False,True,False,True,False,False,False,False,False,False,False,False,True,False,False,False,False
1,male,Others,1.3565369844436646,0.35653698444366455,0-4,False,True,False,False,False,False,True,False,True,False,False,False,False,False,False,False,False
6,female,White,5.423680305480957,0.576319694519043,5-17,True,False,False,False,False,False,False,True,False,True,False,False,False,False,False,False,False
25,male,Indian,32.81886291503906,7.8188629150390625,25-34,False,True,False,False,False,True,False,False,False,False,False,True,False,False,False,False,False
16,female,White,25.061540603637695,9.061540603637695,5-17,True,False,False,False,False,False,False,True,False,True,False,False,False,False,False,False,False
8,male,Others,5.210105895996094,2.7898941040039062,5-17,False,True,False,False,False,False,True,False,False,True,False,False,False,False,False,False,False
9,male,White,4.860705852508545,4.139294147491455,5-17,False,True,False,False,False,False,False,True,False,True,False,False,False,False,False,False,False
32,female,Black,25.080904006958008,6.919095993041992,25-34,True,False,False,False,True,False,False,False,False,False,False,True,False,False,False,False,False
48,male,Indian,47.221736907958984,0.7782630920410156,45-64,False,True,False,False,False,True,False,False,False,False,False,False,False,True,False,False,False
27,female,Indian,24.312049865722656,2.6879501342773438,25-34,True,False,False,False,False,True,False,False,False,False,False,True,False,False,False,False,False
25,female,Others,20.951602935791016,4.048397064208984,25-34,True,False,False,False,False,False,True,False,False,False,False,True,False,False,False,False,False
23,male,Black,25.991666793823242,2.991666793823242,18-24,False,True,False,False,True,False,False,False,False,False,True,False,False,False,False,False,False
26,male,Black,25.651592254638672,0.3484077453613281,25-34,False,True,False,False,True,False,False,False,False,False,False,True,False,False,False,False,False
80,female,Black,60.15446472167969,19.845535278320312,65-84,True,False,False,False,True,False,False,False,False,False,False,False,False,False,True,False,False
72,female,White,48.74051284790039,23.25948715209961,65-84,True,False,False,False,False,False,False,True,False,False,False,False,False,False,True,False,False
26,female,Black,44.997188568115234,18.997188568115234,25-34,True,False,False,False,True,False,False,False,False,False,False,True,False,False,False,False,False
19,female,Asian,15.331334114074707,3.668665885925293,18-24,True,False,False,True,False,False,False,False,False,False,True,False,False,False,False,False,False
53,male,White,58.454620361328125,5.454620361328125,45-64,False,True,False,False,False,False,False,True,False,False,False,False,False,True,False,False,False
80,male,White,89.55882263183594,9.558822631835938,65-84,False,True,False,False,False,False,False,True,False,False,False,False,False,False,True,False,False
24,female,White,26.1861572265625,2.1861572265625,18-24,True,False,False,False,False,False,False,True,False,False,True,False,False,False,False,False,False
22,male,Asian,22.664260864257812,0.6642608642578125,18-24,False,True,False,True,False,False,False,False,False,False,True,False,False,False,False,False,False
90,female,White,71.20167541503906,18.798324584960938,85-99,True,False,False,False,False,False,False,True,False,False,False,False,False,False,False,True,False
45,male,Asian,32.59542465209961,12.40457534790039,45-64,False,True,False,True,False,False,False,False,False,False,False,False,False,True,False,False,False
35,female,Black,28.085676193237305,6.914323806762695,35-44,True,False,False,False,True,False,False,False,False,False,False,False,True,False,False,False,False
14,male,White,8.590715408325195,5.409284591674805,5-17,False,True,False,False,False,False,False,True,False,True,False,False,False,False,False,False,False
3,male,White,1.1937639713287354,1.8062360286712646,0-4,False,True,False,False,False,False,False,True,True,False,False,False,False,False,False,False,False
24,female,Indian,21.593122482299805,2.4068775177001953,18-24,True,False,False,False,False,True,False,False,False,False,True,False,False,False,False,False,False
36,female,Black,26.84800148010254,9.151998519897461,35-44,True,False,False,False,True,False,False,False,False,False,False,False,True,False,False,False,False
26,female,Others,31.004533767700195,5.004533767700195,25-34,True,False,False,False,False,False,True,False,False,False,False,True,False,False,False,False,False
24,male,White,20.090593338012695,3.9094066619873047,18-24,False,True,False,False,False,False,False,True,False,False,True,False,False,False,False,False,False
53,female,White,46.65620422363281,6.3437957763671875,45-64,True,False,False,False,False,False,False,True,False,False,False,False,False,True,False,False,False
28,female,Others,33.63060760498047,5.630607604980469,25-34,True,False,False,False,False,False,True,False,False,False,False,True,False,False,False,False,False
7,female,White,6.245560169219971,0.7544398307800293,5-17,True,False,False,False,False,False,False,True,False,True,False,False,False,False,False,False,False
83,female,White,81.65654754638672,1.3434524536132812,65-84,True,False,False,False,False,False,False,True,False,False,False,False,False,False,True,False,False
4,male,Asian,6.439117431640625,2.439117431640625,0-4,False,True,False,True,False,False,False,False,True,False,False,False,False,False,False,False,False
50,male,Indian,33.09956359863281,16.900436401367188,45-64,False,True,False,False,False,True,False,False,False,False,False,False,False,True,False,False,False
52,male,White,50.05194854736328,1.9480514526367188,45-64,False,True,False,False,False,False,False,True,False,False,False,False,False,True,False,False,False
51,female,Indian,47.82963562011719,3.1703643798828125,45-64,True,False,False,False,False,True,False,False,False,False,False,False,False,True,False,False,False
31,female,Asian,29.59935188293457,1.4006481170654297,25-34,True,False,False,True,False,False,False,False,False,False,False,True,False,False,False,False,False
18,female,White,25.50267219543457,7.50267219543457,18-24,True,False,False,False,False,False,False,True,False,False,True,False,False,False,False,False,False
36,male,Asian,32.90140151977539,3.0985984802246094,35-44,False,True,False,True,False,False,False,False,False,False,False,False,True,False,False,False,False
78,male,White,70.63484954833984,7.365150451660156,65-84,False,True,False,False,False,False,False,True,False,False,False,False,False,False,True,False,False
59,male,Asian,52.42223358154297,6.577766418457031,45-64,False,True,False,True,False,False,False,False,False,False,False,False,False,True,False,False,False
17,male,White,16.813249588012695,0.1867504119873047,5-17,False,True,False,False,False,False,False,True,False,True,False,False,False,False,False,False,False
15,male,White,21.787017822265625,6.787017822265625,5-17,False,True,False,False,False,False,False,True,False,True,False,False,False,False,False,False,False
35,male,Black,24.291749954223633,10.708250045776367,35-44,False,True,False,False,True,False,False,False,False,False,False,False,True,False,False,False,False
29,male,Black,31.076757431030273,2.0767574310302734,25-34,False,True,False,False,True,False,False,False,False,False,False,True,False,False,False,False,False
34,male,Indian,31.791101455688477,2.2088985443115234,25-34,False,True,False,False,False,True,False,False,False,False,False,True,False,False,False,False,False
30,male,White,25.572511672973633,4.427488327026367,25-34,False,True,False,False,False,False,False,True,False,False,False,True,False,False,False,False,False
23,male,Indian,31.042701721191406,8.042701721191406,18-24,False,True,False,False,False,True,False,False,False,False,True,False,False,False,False,False,False
18,male,Indian,24.89202880859375,6.89202880859375,18-24,False,True,False,False,False,True,False,False,False,False,True,False,False,False,False,False,False
85,male,White,79.71895599365234,5.281044006347656,85-99,False,True,False,False,False,False,False,True,False,False,False,False,False,False,False,True,False
30,female,Asian,25.15363121032715,4.846368789672852,25-34,True,False,False,True,False,False,False,False,False,False,False,True,False,False,False,False,False
30,female,Asian,25.335922241210938,4.6640777587890625,25-34,True,False,False,True,False,False,False,False,False,False,False,True,False,False,False,False,False
1,female,White,2.3414063453674316,1.3414063453674316,0-4,True,False,False,False,False,False,False,True,True,False,False,False,False,False,False,False,False
59,female,White,43.601844787597656,15.398155212402344,45-64,True,False,False,False,False,False,False,True,False,False,False,False,False,True,False,False,False
25,male,White,21.85153579711914,3.1484642028808594,25-34,False,True,False,False,False,False,False,True,False,False,False,True,False,False,False,False,False
55,male,Indian,32.65728759765625,22.34271240234375,45-64,False,True,False,False,False,True,False,False,False,False,False,False,False,True,False,False,False
2,female,Indian,2.103654384613037,0.10365438461303711,0-4,True,False,False,False,False,True,False,False,True,False,False,False,False,False,False,False,False
53,female,White,46.46565628051758,6.534343719482422,45-64,True,False,False,False,False,False,False,True,False,False,False,False,False,True,False,False,False
40,female,White,46.362667083740234,6.362667083740234,35-44,True,False,False,False,False,False,False,True,False,False,False,False,True,False,False,False,False
8,female,White,8.835282325744629,0.8352823257446289,5-17,True,False,False,False,False,False,False,True,False,True,False,False,False,False,False,False,False
69,female,White,37.4885368347168,31.511463165283203,65-84,True,False,False,False,False,False,False,True,False,False,False,False,False,False,True,False,False
26,male,Indian,31.542097091674805,5.542097091674805,25-34,False,True,False,False,False,True,False,False,False,False,False,True,False,False,False,False,False
28,male,White,28.564058303833008,0.5640583038330078,25-34,False,True,False,False,False,False,False,True,False,False,False,True,False,False,False,False,False
38,male,White,41.215187072753906,3.2151870727539062,35-44,False,True,False,False,False,False,False,True,False,False,False,False,True,False,False,False,False
27,male,Indian,19.67977523803711,7.320224761962891,25-34,False,True,False,False,False,True,False,False,False,False,False,True,False,False,False,False,False
26,female,White,30.95706558227539,4.957065582275391,25-34,True,False,False,False,False,False,False,True,False,False,False,True,False,False,False,False,False
24,female,Asian,27.21379852294922,3.2137985229492188,18-24,True,False,False,True,False,False,False,False,False,False,True,False,False,False,False,False,False
14,female,White,7.644654273986816,6.355345726013184,5-17,True,False,False,False,False,False,False,True,False,True,False,False,False,False,False,False,False
26,female,Black,24.23357582092285,1.7664241790771484,25-34,True,False,False,False,True,False,False,False,False,False,False,True,False,False,False,False,False
45,male,Black,24.018648147583008,20.981351852416992,45-64,False,True,False,False,True,False,False,False,False,False,False,False,False,True,False,False,False
62,female,White,60.30308151245117,1.6969184875488281,45-64,True,False,False,False,False,False,False,True,False,False,False,False,False,True,False,False,False
5,female,White,2.8836669921875,2.1163330078125,5-17,True,False,False,False,False,False,False,True,False,True,False,False,False,False,False,False,False
65,female,White,52.70188903808594,12.298110961914062,65-84,True,False,False,False,False,False,False,True,False,False,False,False,False,False,True,False,False
16,male,White,18.65229606628418,2.6522960662841797,5-17,False,True,False,False,False,False,False,True,False,True,False,False,False,False,False,False,False
8,female,Indian,7.6522088050842285,0.3477911949157715,5-17,True,False,False,False,False,True,False,False,False,True,False,False,False,False,False,False,False
28,male,White,30.489377975463867,2.489377975463867,25-34,False,True,False,False,False,False,False,True,False,False,False,True,False,False,False,False,False
32,male,White,35.68257522583008,3.682575225830078,25-34,False,True,False,False,False,False,False,True,False,False,False,True,False,False,False,False,False
35,female,Indian,38.965492248535156,3.9654922485351562,35-44,True,False,False,False,False,True,False,False,False,False,False,False,True,False,False,False,False
26,female,White,29.100313186645508,3.100313186645508,25-34,True,False,False,False,False,False,False,True,False,False,False,True,False,False,False,False,False
39,female,Indian,39.09923553466797,0.09923553466796875,35-44,True,False,False,False,False,True,False,False,False,False,False,False,True,False,False,False,False
10,female,Indian,22.610157012939453,12.610157012939453,5-17,True,False,False,False,False,True,False,False,False,True,False,False,False,False,False,False,False
49,female,White,52.84686279296875,3.84686279296875,45-64,True,False,False,False,False,False,False,True,False,False,False,False,False,True,False,False,False
4,female,Asian,1.2932530641555786,2.7067469358444214,0-4,True,False,False,True,False,False,False,False,True,False,False,False,False,False,False,False,False
28,male,Black,43.13361740112305,15.133617401123047,25-34,False,True,False,False,True,False,False,False,False,False,False,True,False,False,False,False,False
39,male,Black,31.89161491394043,7.10838508605957,35-44,False,True,False,False,True,False,False,False,False,False,False,False,True,False,False,False,False
14,male,Indian,14.913204193115234,0.9132041931152344,5-17,False,True,False,False,False,True,False,False,False,True,False,False,False,False,False,False,False
50,male,Black,31.541852951049805,18.458147048950195,45-64,False,True,False,False,True,False,False,False,False,False,False,False,False,True,False,False,False
85,female,White,71.65950775146484,13.340492248535156,85-99,True,False,False,False,False,False,False,True,False,False,False,False,False,False,False,True,False
1,male,White,2.9402918815612793,1.9402918815612793,0-4,False,True,False,False,False,False,False,True,True,False,False,False,False,False,False,False,False
1,male,Asian,-0.6505329012870789,1.6505329012870789,0-4,False,True,False,True,False,False,False,False,True,False,False,False,False,False,False,False,False
53,male,White,59.587989807128906,6.587989807128906,45-64,False,True,False,False,False,False,False,True,False,False,False,False,False,True,False,False,False
54,male,Black,49.42506408691406,4.5749359130859375,45-64,False,True,False,False,True,False,False,False,False,False,False,False,False,True,False,False,False
48,male,Asian,43.45863723754883,4.541362762451172,45-64,False,True,False,True,False,False,False,False,False,False,False,False,False,True,False,False,False
24,female,Asian,24.957284927368164,0.9572849273681641,18-24,True,False,False,True,False,False,False,False,False,False,True,False,False,False,False,False,False
65,female,Black,73.11942291259766,8.119422912597656,65-84,True,False,False,False,True,False,False,False,False,False,False,False,False,False,True,False,False
87,female,White,90.67217254638672,3.6721725463867188,85-99,True,False,False,False,False,False,False,True,False,False,False,False,False,False,False,True,False
63,female,Black,50.2083740234375,12.7916259765625,45-64,True,False,False,False,True,False,False,False,False,False,False,False,False,True,False,False,False
21,female,Black,22.30878448486328,1.3087844848632812,18-24,True,False,False,False,True,False,False,False,False,False,True,False,False,False,False,False,False
34,male,White,32.40912628173828,1.5908737182617188,25-34,False,True,False,False,False,False,False,True,False,False,False,True,False,False,False,False,False
37,male,White,43.728397369384766,6.728397369384766,35-44,False,True,False,False,False,False,False,True,False,False,False,False,True,False,False,False,False
32,male,Black,30.53549575805664,1.4645042419433594,25-34,False,True,False,False,True,False,False,False,False,False,False,True,False,False,False,False,False
58,male,Indian,58.20425796508789,0.20425796508789062,45-64,False,True,False,False,False,True,False,False,False,False,False,False,False,True,False,False,False
36,male,Black,30.52511978149414,5.474880218505859,35-44,False,True,False,False,True,False,False,False,False,False,False,False,True,False,False,False,False
80,male,White,64.30933380126953,15.690666198730469,65-84,False,True,False,False,False,False,False,True,False,False,False,False,False,False,True,False,False
26,female,Indian,21.368680953979492,4.631319046020508,25-34,True,False,False,False,False,True,False,False,False,False,False,True,False,False,False,False,False
48,male,Black,37.45096969604492,10.549030303955078,45-64,False,True,False,False,True,False,False,False,False,False,False,False,False,True,False,False,False
14,male,White,17.46575355529785,3.4657535552978516,5-17,False,True,False,False,False,False,False,True,False,True,False,False,False,False,False,False,False
1,male,Asian,0.017638923600316048,0.982361076399684,0-4,False,True,False,True,False,False,False,False,True,False,False,False,False,False,False,False,False
7,female,Indian,10.27076530456543,3.2707653045654297,5-17,True,False,False,False,False,True,False,False,False,True,False,False,False,False,False,False,False
29,female,White,35.97386169433594,6.9738616943359375,25-34,True,False,False,False,False,False,False,True,False,False,False,True,False,False,False,False,False
16,female,White,12.627062797546387,3.3729372024536133,5-17,True,False,False,False,False,False,False,True,False,True,False,False,False,False,False,False,False
4,male,Indian,6.743157386779785,2.743157386779785,0-4,False,True,False,False,False,True,False,False,True,False,False,False,False,False,False,False,False
16,female,Others,22.830400466918945,6.830400466918945,5-17,True,False,False,False,False,False,True,False,False,True,False,False,False,False,False,False,False
26,female,Asian,26.97380256652832,0.9738025665283203,25-34,True,False,False,True,False,False,False,False,False,False,False,True,False,False,False,False,False
54,male,Indian,51.27055358886719,2.7294464111328125,45-64,False,True,False,False,False,True,False,False,False,False,False,False,False,True,False,False,False
45,male,Black,29.35755729675293,15.64244270324707,45-64,False,True,False,False,True,False,False,False,False,False,False,False,False,True,False,False,False
26,female,Others,24.228384017944336,1.771615982055664,25-34,True,False,False,False,False,False,True,False,False,False,False,True,False,False,False,False,False
26,female,White,18.651445388793945,7.348554611206055,25-34,True,False,False,False,False,False,False,True,False,False,False,True,False,False,False,False,False
2,male,White,2.450523614883423,0.45052361488342285,0-4,False,True,False,False,False,False,False,True,True,False,False,False,False,False,False,False,False
34,male,Indian,29.522348403930664,4.477651596069336,25-34,False,True,False,False,False,True,False,False,False,False,False,True,False,False,False,False,False
25,female,White,34.574913024902344,9.574913024902344,25-34,True,False,False,False,False,False,False,True,False,False,False,True,False,False,False,False,False
58,male,White,50.93767166137695,7.062328338623047,45-64,False,True,False,False,False,False,False,True,False,False,False,False,False,True,False,False,False
47,female,White,49.07368850708008,2.073688507080078,45-64,True,False,False,False,False,False,False,True,False,False,False,False,False,True,False,False,False
51,male,White,51.74138641357422,0.7413864135742188,45-64,False,True,False,False,False,False,False,True,False,False,False,False,False,True,False,False,False
22,female,Black,24.45589828491211,2.4558982849121094,18-24,True,False,False,False,True,False,False,False,False,False,True,False,False,False,False,False,False
60,male,White,56.58460998535156,3.4153900146484375,45-64,False,True,False,False,False,False,False,True,False,False,False,False,False,True,False,False,False
90,male,Black,73.9964828491211,16.003517150878906,85-99,False,True,False,False,True,False,False,False,False,False,False,False,False,False,False,True,False
46,male,Indian,30.69319725036621,15.306802749633789,45-64,False,True,False,False,False,True,False,False,False,False,False,False,False,True,False,False,False
27,male,Indian,24.250967025756836,2.749032974243164,25-34,False,True,False,False,False,True,False,False,False,False,False,True,False,False,False,False,False
24,female,White,30.674055099487305,6.674055099487305,18-24,True,False,False,False,False,False,False,True,False,False,True,False,False,False,False,False,False
32,male,White,32.484222412109375,0.484222412109375,25-34,False,True,False,False,False,False,False,True,False,False,False,True,False,False,False,False,False
32,male,Black,37.000389099121094,5.000389099121094,25-34,False,True,False,False,True,False,False,False,False,False,False,True,False,False,False,False,False
3,female,Asian,6.179553031921387,3.1795530319213867,0-4,True,False,False,True,False,False,False,False,True,False,False,False,False,False,False,False,False
63,male,Indian,72.17398834228516,9.173988342285156,45-64,False,True,False,False,False,True,False,False,False,False,False,False,False,True,False,False,False
16,male,Black,8.722561836242676,7.277438163757324,5-17,False,True,False,False,True,False,False,False,False,True,False,False,False,False,False,False,False
28,male,White,43.148590087890625,15.148590087890625,25-34,False,True,False,False,False,False,False,True,False,False,False,True,False,False,False,False,False
30,female,Asian,29.602163314819336,0.39783668518066406,25-34,True,False,False,True,False,False,False,False,False,False,False,True,False,False,False,False,False
29,male,Asian,28.189327239990234,0.8106727600097656,25-34,False,True,False,True,False,False,False,False,False,False,False,True,False,False,False,False,False
25,female,White,27.098840713500977,2.0988407135009766,25-34,True,False,False,False,False,False,False,True,False,False,False,True,False,False,False,False,False
39,female,Indian,26.839719772338867,12.160280227661133,35-44,True,False,False,False,False,True,False,False,False,False,False,False,True,False,False,False,False
20,female,Others,20.638525009155273,0.6385250091552734,18-24,True,False,False,False,False,False,True,False,False,False,True,False,False,False,False,False,False
4,female,Others,12.529711723327637,8.529711723327637,0-4,True,False,False,False,False,False,True,False,True,False,False,False,False,False,False,False,False
24,female,White,25.296567916870117,1.2965679168701172,18-24,True,False,False,False,False,False,False,True,False,False,True,False,False,False,False,False,False
1,male,White,0.9994215965270996,0.0005784034729003906,0-4,False,True,False,False,False,False,False,True,True,False,False,False,False,False,False,False,False
58,male,Indian,55.670570373535156,2.3294296264648438,45-64,False,True,False,False,False,True,False,False,False,False,False,False,False,True,False,False,False
30,female,Asian,28.50567626953125,1.49432373046875,25-34,True,False,False,True,False,False,False,False,False,False,False,True,False,False,False,False,False
32,male,Asian,30.80428123474121,1.195718765258789,25-34,False,True,False,True,False,False,False,False,False,False,False,True,False,False,False,False,False
1,female,Indian,2.8632309436798096,1.8632309436798096,0-4,True,False,False,False,False,True,False,False,True,False,False,False,False,False,False,False,False
70,female,Black,79.91345977783203,9.913459777832031,65-84,True,False,False,False,True,False,False,False,False,False,False,False,False,False,True,False,False
10,male,White,4.987368583679199,5.012631416320801,5-17,False,True,False,False,False,False,False,True,False,True,False,False,False,False,False,False,False
40,male,Black,24.99985694885254,15.000143051147461,35-44,False,True,False,False,True,False,False,False,False,False,False,False,True,False,False,False,False
26,female,Others,22.418731689453125,3.581268310546875,25-34,True,False,False,False,False,False,True,False,False,False,False,True,False,False,False,False,False
1,female,Asian,0.9688578844070435,0.031142115592956543,0-4,True,False,False,True,False,False,False,False,True,False,False,False,False,False,False,False,False
26,female,Indian,36.194236755371094,10.194236755371094,25-34,True,False,False,False,False,True,False,False,False,False,False,True,False,False,False,False,False
56,female,White,39.51994705200195,16.480052947998047,45-64,True,False,False,False,False,False,False,True,False,False,False,False,False,True,False,False,False
20,female,Indian,22.465742111206055,2.4657421112060547,18-24,True,False,False,False,False,True,False,False,False,False,True,False,False,False,False,False,False
20,female,Others,22.174755096435547,2.174755096435547,18-24,True,False,False,False,False,False,True,False,False,False,True,False,False,False,False,False,False
35,male,White,37.21629333496094,2.2162933349609375,35-44,False,True,False,False,False,False,False,True,False,False,False,False,True,False,False,False,False
26,male,White,33.54952621459961,7.549526214599609,25-34,False,True,False,False,False,False,False,True,False,False,False,True,False,False,False,False,False
47,male,White,32.91070556640625,14.08929443359375,45-64,False,True,False,False,False,False,False,True,False,False,False,False,False,True,False,False,False
26,male,Black,32.14836883544922,6.148368835449219,25-34,False,True,False,False,True,False,False,False,False,False,False,True,False,False,False,False,False
68,male,White,59.568904876708984,8.431095123291016,65-84,False,True,False,False,False,False,False,True,False,False,False,False,False,False,True,False,False
27,female,Asian,22.20270347595215,4.797296524047852,25-34,True,False,False,True,False,False,False,False,False,False,False,True,False,False,False,False,False
1,male,White,0.44518330693244934,0.5548166930675507,0-4,False,True,False,False,False,False,False,True,True,False,False,False,False,False,False,False,False
66,male,White,59.295101165771484,6.704898834228516,65-84,False,True,False,False,False,False,False,True,False,False,False,False,False,False,True,False,False
55,male,White,50.7042350769043,4.295764923095703,45-64,False,True,False,False,False,False,False,True,False,False,False,False,False,True,False,False,False
60,female,Black,57.49127197265625,2.50872802734375,45-64,True,False,False,False,True,False,False,False,False,False,False,False,False,True,False,False,False
28,male,White,22.039819717407227,5.960180282592773,25-34,False,True,False,False,False,False,False,True,False,False,False,True,False,False,False,False,False
37,female,White,24.24638557434082,12.75361442565918,35-44,True,False,False,False,False,False,False,True,False,False,False,False,True,False,False,False,False
19,male,White,24.30634880065918,5.30634880065918,18-24,False,True,False,False,False,False,False,True,False,False,True,False,False,False,False,False,False
54,male,Indian,50.47370910644531,3.5262908935546875,45-64,False,True,False,False,False,True,False,False,False,False,False,False,False,True,False,False,False
2,female,Asian,4.774433612823486,2.7744336128234863,0-4,True,False,False,True,False,False,False,False,True,False,False,False,False,False,False,False,False
30,male,Asian,25.948030471801758,4.051969528198242,25-34,False,True,False,True,False,False,False,False,False,False,False,True,False,False,False,False,False
75,male,Black,66.69620513916016,8.303794860839844,65-84,False,True,False,False,True,False,False,False,False,False,False,False,False,False,True,False,False
75,male,Asian,55.761619567871094,19.238380432128906,65-84,False,True,False,True,False,False,False,False,False,False,False,False,False,False,True,False,False
29,female,Indian,23.4257755279541,5.574224472045898,25-34,True,False,False,False,False,True,False,False,False,False,False,True,False,False,False,False,False
27,male,Asian,27.782638549804688,0.7826385498046875,25-34,False,True,False,True,False,False,False,False,False,False,False,True,False,False,False,False,False
58,male,Black,47.49233627319336,10.50766372680664,45-64,False,True,False,False,True,False,False,False,False,False,False,False,False,True,False,False,False
25,male,White,22.42501449584961,2.5749855041503906,25-34,False,True,False,False,False,False,False,True,False,False,False,True,False,False,False,False,False
57,male,Indian,53.958961486816406,3.0410385131835938,45-64,False,True,False,False,False,True,False,False,False,False,False,False,False,True,False,False,False
47,male,Black,37.33989715576172,9.660102844238281,45-64,False,True,False,False,True,False,False,False,False,False,False,False,False,True,False,False,False
72,female,White,61.49496841430664,10.50503158569336,65-84,True,False,False,False,False,False,False,True,False,False,False,False,False,False,True,False,False
46,male,Black,43.9697265625,2.0302734375,45-64,False,True,False,False,True,False,False,False,False,False,False,False,False,True,False,False,False
24,female,White,26.435087203979492,2.435087203979492,18-24,True,False,False,False,False,False,False,True,False,False,True,False,False,False,False,False,False
55,male,Indian,45.409881591796875,9.590118408203125,45-64,False,True,False,False,False,True,False,False,False,False,False,False,False,True,False,False,False
9,male,White,8.253937721252441,0.7460622787475586,5-17,False,True,False,False,False,False,False,True,False,True,False,False,False,False,False,False,False
12,male,White,5.6547088623046875,6.3452911376953125,5-17,False,True,False,False,False,False,False,True,False,True,False,False,False,False,False,False,False
32,female,White,37.970008850097656,5.970008850097656,25-34,True,False,False,False,False,False,False,True,False,False,False,True,False,False,False,False,False
9,male,White,6.668754577636719,2.3312454223632812,5-17,False,True,False,False,False,False,False,True,False,True,False,False,False,False,False,False,False
34,female,Black,32.22801971435547,1.7719802856445312,25-34,True,False,False,False,True,False,False,False,False,False,False,True,False,False,False,False,False
28,female,Asian,23.914094924926758,4.085905075073242,25-34,True,False,False,True,False,False,False,False,False,False,False,True,False,False,False,False,False
26,male,Asian,40.695438385009766,14.695438385009766,25-34,False,True,False,True,False,False,False,False,False,False,False,True,False,False,False,False,False
26,male,Indian,27.687999725341797,1.6879997253417969,25-34,False,True,False,False,False,True,False,False,False,False,False,True,False,False,False,False,False
15,female,White,22.424850463867188,7.4248504638671875,5-17,True,False,False,False,False,False,False,True,False,True,False,False,False,False,False,False,False
8,female,Indian,9.238785743713379,1.238785743713379,5-17,True,False,False,False,False,True,False,False,False,True,False,False,False,False,False,False,False
55,male,White,52.14324951171875,2.85675048828125,45-64,False,True,False,False,False,False,False,True,False,False,False,False,False,True,False,False,False
20,female,Black,26.727819442749023,6.727819442749023,18-24,True,False,False,False,True,False,False,False,False,False,True,False,False,False,False,False,False
36,male,White,32.471229553222656,3.5287704467773438,35-44,False,True,False,False,False,False,False,True,False,False,False,False,True,False,False,False,False
60,female,Black,37.75482177734375,22.24517822265625,45-64,True,False,False,False,True,False,False,False,False,False,False,False,False,True,False,False,False
5,female,Asian,5.470460414886475,0.4704604148864746,5-17,True,False,False,True,False,False,False,False,False,True,False,False,False,False,False,False,False
56,male,Black,53.395957946777344,2.6040420532226562,45-64,False,True,False,False,True,False,False,False,False,False,False,False,False,True,False,False,False
10,male,Others,7.923375129699707,2.076624870300293,5-17,False,True,False,False,False,False,True,False,False,True,False,False,False,False,False,False,False
65,female,Black,40.704078674316406,24.295921325683594,65-84,True,False,False,False,True,False,False,False,False,False,False,False,False,False,True,False,False
21,female,Asian,28.02577018737793,7.02577018737793,18-24,True,False,False,True,False,False,False,False,False,False,True,False,False,False,False,False,False
42,male,Black,46.86997604370117,4.869976043701172,35-44,False,True,False,False,True,False,False,False,False,False,False,False,True,False,False,False,False
38,female,White,36.714111328125,1.285888671875,35-44,True,False,False,False,False,False,False,True,False,False,False,False,True,False,False,False,False
30,male,White,27.983728408813477,2.0162715911865234,25-34,False,True,False,False,False,False,False,True,False,False,False,True,False,False,False,False,False
32,female,Asian,26.910110473632812,5.0898895263671875,25-34,True,False,False,True,False,False,False,False,False,False,False,True,False,False,False,False,False
48,male,Indian,44.389015197753906,3.6109848022460938,45-64,False,True,False,False,False,True,False,False,False,False,False,False,False,True,False,False,False
45,male,White,42.310829162597656,2.6891708374023438,45-64,False,True,False,False,False,False,False,True,False,False,False,False,False,True,False,False,False
24,male,Indian,21.635221481323242,2.364778518676758,18-24,False,True,False,False,False,True,False,False,False,False,True,False,False,False,False,False,False
36,female,White,28.211694717407227,7.788305282592773,35-44,True,False,False,False,False,False,False,True,False,False,False,False,True,False,False,False,False
26,male,Black,28.979047775268555,2.9790477752685547,25-34,False,True,False,False,True,False,False,False,False,False,False,True,False,False,False,False,False
3,female,Asian,1.4525998830795288,1.5474001169204712,0-4,True,False,False,True,False,False,False,False,True,False,False,False,False,False,False,False,False
65,male,Black,63.22834777832031,1.7716522216796875,65-84,False,True,False,False,True,False,False,False,False,False,False,False,False,False,True,False,False
22,female,Black,22.698183059692383,0.6981830596923828,18-24,True,False,False,False,True,False,False,False,False,False,True,False,False,False,False,False,False
1,female,Asian,1.1293960809707642,0.12939608097076416,0-4,True,False,False,True,False,False,False,False,True,False,False,False,False,False,False,False,False
1,male,Asian,2.9020323753356934,1.9020323753356934,0-4,False,True,False,True,False,False,False,False,True,False,False,False,False,False,False,False,False
1,female,Asian,-1.1093069314956665,2.1093069314956665,0-4,True,False,False,True,False,False,False,False,True,False,False,False,False,False,False,False,False
50,female,Indian,30.738569259643555,19.261430740356445,45-64,True,False,False,False,False,True,False,False,False,False,False,False,False,True,False,False,False
25,female,Asian,31.83894157409668,6.83894157409668,25-34,True,False,False,True,False,False,False,False,False,False,False,True,False,False,False,False,False
27,male,Black,25.22758674621582,1.7724132537841797,25-34,False,True,False,False,True,False,False,False,False,False,False,True,False,False,False,False,False
31,female,White,19.9503116607666,11.049688339233398,25-34,True,False,False,False,False,False,False,True,False,False,False,True,False,False,False,False,False
26,female,White,31.238292694091797,5.238292694091797,25-34,True,False,False,False,False,False,False,True,False,False,False,True,False,False,False,False,False
27,female,White,27.894031524658203,0.8940315246582031,25-34,True,False,False,False,False,False,False,True,False,False,False,True,False,False,False,False,False
55,male,White,51.549659729003906,3.4503402709960938,45-64,False,True,False,False,False,False,False,True,False,False,False,False,False,True,False,False,False
26,female,Others,24.248136520385742,1.7518634796142578,25-34,True,False,False,False,False,False,True,False,False,False,False,True,False,False,False,False,False
50,female,White,50.35005187988281,0.3500518798828125,45-64,True,False,False,False,False,False,False,True,False,False,False,False,False,True,False,False,False
21,female,Asian,15.643091201782227,5.356908798217773,18-24,True,False,False,True,False,False,False,False,False,False,True,False,False,False,False,False,False
34,male,White,48.93183135986328,14.931831359863281,25-34,False,True,False,False,False,False,False,True,False,False,False,True,False,False,False,False,False
14,female,White,12.220724105834961,1.779275894165039,5-17,True,False,False,False,False,False,False,True,False,True,False,False,False,False,False,False,False
28,female,Asian,25.342863082885742,2.657136917114258,25-34,True,False,False,True,False,False,False,False,False,False,False,True,False,False,False,False,False
25,male,Indian,29.948293685913086,4.948293685913086,25-34,False,True,False,False,False,True,False,False,False,False,False,True,False,False,False,False,False
5,female,Indian,5.462310791015625,0.462310791015625,5-17,True,False,False,False,False,True,False,False,False,True,False,False,False,False,False,False,False
69,female,White,64.89022827148438,4.109771728515625,65-84,True,False,False,False,False,False,False,True,False,False,False,False,False,False,True,False,False
24,female,White,26.26397132873535,2.2639713287353516,18-24,True,False,False,False,False,False,False,True,False,False,True,False,False,False,False,False,False
35,male,Asian,39.282283782958984,4.282283782958984,35-44,False,True,False,True,False,False,False,False,False,False,False,False,True,False,False,False,False
2,male,White,4.165380001068115,2.1653800010681152,0-4,False,True,False,False,False,False,False,True,True,False,False,False,False,False,False,False,False
70,female,White,57.1048583984375,12.8951416015625,65-84,True,False,False,False,False,False,False,True,False,False,False,False,False,False,True,False,False
22,female,White,24.123380661010742,2.123380661010742,18-24,True,False,False,False,False,False,False,True,False,False,True,False,False,False,False,False,False
34,male,Black,41.797760009765625,7.797760009765625,25-34,False,True,False,False,True,False,False,False,False,False,False,True,False,False,False,False,False
14,female,Black,9.361846923828125,4.638153076171875,5-17,True,False,False,False,True,False,False,False,False,True,False,False,False,False,False,False,False
26,male,Others,28.623672485351562,2.6236724853515625,25-34,False,True,False,False,False,False,True,False,False,False,False,True,False,False,False,False,False
56,male,Asian,54.522178649902344,1.4778213500976562,45-64,False,True,False,True,False,False,False,False,False,False,False,False,False,True,False,False,False
40,male,Asian,26.353851318359375,13.646148681640625,35-44,False,True,False,True,False,False,False,False,False,False,False,False,True,False,False,False,False
53,female,White,23.67423439025879,29.32576560974121,45-64,True,False,False,False,False,False,False,True,False,False,False,False,False,True,False,False,False
28,male,White,28.23615264892578,0.23615264892578125,25-34,False,True,False,False,False,False,False,True,False,False,False,True,False,False,False,False,False
26,female,Asian,23.58296775817871,2.417032241821289,25-34,True,False,False,True,False,False,False,False,False,False,False,True,False,False,False,False,False
19,female,White,23.875240325927734,4.875240325927734,18-24,True,False,False,False,False,False,False,True,False,False,True,False,False,False,False,False,False
30,male,Indian,24.49334716796875,5.50665283203125,25-34,False,True,False,False,False,True,False,False,False,False,False,True,False,False,False,False,False
41,male,White,24.810503005981445,16.189496994018555,35-44,False,True,False,False,False,False,False,True,False,False,False,False,True,False,False,False,False
73,male,White,46.699153900146484,26.300846099853516,65-84,False,True,False,False,False,False,False,True,False,False,False,False,False,False,True,False,False
48,male,Indian,41.11830139160156,6.8816986083984375,45-64,False,True,False,False,False,True,False,False,False,False,False,False,False,True,False,False,False
50,male,Indian,52.985267639160156,2.9852676391601562,45-64,False,True,False,False,False,True,False,False,False,False,False,False,False,True,False,False,False
25,male,White,21.30388069152832,3.6961193084716797,25-34,False,True,False,False,False,False,False,True,False,False,False,True,False,False,False,False,False
1,male,Indian,1.5123051404953003,0.5123051404953003,0-4,False,True,False,False,False,True,False,False,True,False,False,False,False,False,False,False,False
55,female,White,35.10753631591797,19.89246368408203,45-64,True,False,False,False,False,False,False,True,False,False,False,False,False,True,False,False,False
18,male,Indian,24.168920516967773,6.168920516967773,18-24,False,True,False,False,False,True,False,False,False,False,True,False,False,False,False,False,False
71,male,Asian,71.3991928100586,0.39919281005859375,65-84,False,True,False,True,False,False,False,False,False,False,False,False,False,False,True,False,False
1,female,Asian,1.6007076501846313,0.6007076501846313,0-4,True,False,False,True,False,False,False,False,True,False,False,False,False,False,False,False,False
28,female,Indian,22.786767959594727,5.213232040405273,25-34,True,False,False,False,False,True,False,False,False,False,False,True,False,False,False,False,False
70,male,White,49.18657684326172,20.81342315673828,65-84,False,True,False,False,False,False,False,True,False,False,False,False,False,False,True,False,False
25,female,Black,26.721784591674805,1.7217845916748047,25-34,True,False,False,False,True,False,False,False,False,False,False,True,False,False,False,False,False
99,female,Asian,55.492591857910156,43.507408142089844,85-99,True,False,False,True,False,False,False,False,False,False,False,False,False,False,False,True,False
90,female,White,78.18891143798828,11.811088562011719,85-99,True,False,False,False,False,False,False,True,False,False,False,False,False,False,False,True,False
34,female,White,22.063547134399414,11.936452865600586,25-34,True,False,False,False,False,False,False,True,False,False,False,True,False,False,False,False,False
2,female,White,-0.4894266724586487,2.4894266724586487,0-4,True,False,False,False,False,False,False,True,True,False,False,False,False,False,False,False,False
26,male,White,20.89389419555664,5.106105804443359,25-34,False,True,False,False,False,False,False,True,False,False,False,True,False,False,False,False,False
45,male,Indian,32.17658233642578,12.823417663574219,45-64,False,True,False,False,False,True,False,False,False,False,False,False,False,True,False,False,False
2,female,White,17.80607795715332,15.80607795715332,0-4,True,False,False,False,False,False,False,True,True,False,False,False,False,False,False,False,False
52,male,Asian,42.86221694946289,9.13778305053711,45-64,False,True,False,True,False,False,False,False,False,False,False,False,False,True,False,False,False
28,female,Black,28.769296646118164,0.7692966461181641,25-34,True,False,False,False,True,False,False,False,False,False,False,True,False,False,False,False,False
2,female,White,3.465627908706665,1.465627908706665,0-4,True,False,False,False,False,False,False,True,True,False,False,False,False,False,False,False,False
23,female,White,37.072288513183594,14.072288513183594,18-24,True,False,False,False,False,False,False,True,False,False,True,False,False,False,False,False,False
2,male,White,0.7401742339134216,1.2598257660865784,0-4,False,True,False,False,False,False,False,True,True,False,False,False,False,False,False,False,False
65,male,White,65.97938537597656,0.9793853759765625,65-84,False,True,False,False,False,False,False,True,False,False,False,False,False,False,True,False,False
59,male,White,60.35411071777344,1.3541107177734375,45-64,False,True,False,False,False,False,False,True,False,False,False,False,False,True,False,False,False
29,male,Asian,25.024782180786133,3.975217819213867,25-34,False,True,False,True,False,False,False,False,False,False,False,True,False,False,False,False,False
17,male,Others,23.315256118774414,6.315256118774414,5-17,False,True,False,False,False,False,True,False,False,True,False,False,False,False,False,False,False
58,female,Black,58.50123596191406,0.5012359619140625,45-64,True,False,False,False,True,False,False,False,False,False,False,False,False,True,False,False,False
19,male,White,31.013242721557617,12.013242721557617,18-24,False,True,False,False,False,False,False,True,False,False,True,False,False,False,False,False,False
35,female,Indian,30.089433670043945,4.910566329956055,35-44,True,False,False,False,False,True,False,False,False,False,False,False,True,False,False,False,False
47,male,White,50.17477798461914,3.1747779846191406,45-64,False,True,False,False,False,False,False,True,False,False,False,False,False,True,False,False,False
67,male,Indian,55.90662384033203,11.093376159667969,65-84,False,True,False,False,False,True,False,False,False,False,False,False,False,False,True,False,False
13,male,White,9.831628799438477,3.1683712005615234,5-17,False,True,False,False,False,False,False,True,False,True,False,False,False,False,False,False,False
37,male,Asian,47.74480056762695,10.744800567626953,35-44,False,True,False,True,False,False,False,False,False,False,False,False,True,False,False,False,False
26,male,Indian,34.25127410888672,8.251274108886719,25-34,False,True,False,False,False,True,False,False,False,False,False,True,False,False,False,False,False
52,male,White,46.91352081298828,5.086479187011719,45-64,False,True,False,False,False,False,False,True,False,False,False,False,False,True,False,False,False
34,male,White,32.42987060546875,1.57012939453125,25-34,False,True,False,False,False,False,False,True,False,False,False,True,False,False,False,False,False
24,male,White,29.485876083374023,5.485876083374023,18-24,False,True,False,False,False,False,False,True,False,False,True,False,False,False,False,False,False
53,male,White,51.539249420166016,1.4607505798339844,45-64,False,True,False,False,False,False,False,True,False,False,False,False,False,True,False,False,False
59,female,White,46.79587936401367,12.204120635986328,45-64,True,False,False,False,False,False,False,True,False,False,False,False,False,True,False,False,False
32,female,Asian,26.364492416381836,5.635507583618164,25-34,True,False,False,True,False,False,False,False,False,False,False,True,False,False,False,False,False
12,male,White,14.644670486450195,2.6446704864501953,5-17,False,True,False,False,False,False,False,True,False,True,False,False,False,False,False,False,False
26,female,Indian,23.063522338867188,2.9364776611328125,25-34,True,False,False,False,False,True,False,False,False,False,False,True,False,False,False,False,False
27,male,Black,29.969942092895508,2.969942092895508,25-34,False,True,False,False,True,False,False,False,False,False,False,True,False,False,False,False,False
32,male,Black,32.818878173828125,0.818878173828125,25-34,False,True,False,False,True,False,False,False,False,False,False,True,False,False,False,False,False
26,male,Black,32.215293884277344,6.215293884277344,25-34,False,True,False,False,True,False,False,False,False,False,False,True,False,False,False,False,False
3,female,White,2.328969955444336,0.6710300445556641,0-4,True,False,False,False,False,False,False,True,True,False,False,False,False,False,False,False,False
37,male,White,33.34697341918945,3.653026580810547,35-44,False,True,False,False,False,False,False,True,False,False,False,False,True,False,False,False,False
34,female,Black,25.61174964904785,8.388250350952148,25-34,True,False,False,False,True,False,False,False,False,False,False,True,False,False,False,False,False
8,female,Asian,6.44956636428833,1.55043363571167,5-17,True,False,False,True,False,False,False,False,False,True,False,False,False,False,False,False,False
26,female,Asian,26.73939323425293,0.7393932342529297,25-34,True,False,False,True,False,False,False,False,False,False,False,True,False,False,False,False,False
80,male,White,79.67838287353516,0.32161712646484375,65-84,False,True,False,False,False,False,False,True,False,False,False,False,False,False,True,False,False
27,female,White,26.57503318786621,0.42496681213378906,25-34,True,False,False,False,False,False,False,True,False,False,False,True,False,False,False,False,False
110,male,Asian,73.32804107666016,36.671958923339844,100-119,False,True,False,True,False,False,False,False,False,False,False,False,False,False,False,False,True
26,male,Others,33.69364929199219,7.6936492919921875,25-34,False,True,False,False,False,False,True,False,False,False,False,True,False,False,False,False,False
21,female,Asian,20.457181930541992,0.5428180694580078,18-24,True,False,False,True,False,False,False,False,False,False,True,False,False,False,False,False,False
75,male,White,75.14753723144531,0.1475372314453125,65-84,False,True,False,False,False,False,False,True,False,False,False,False,False,False,True,False,False
21,female,Indian,22.071924209594727,1.0719242095947266,18-24,True,False,False,False,False,True,False,False,False,False,True,False,False,False,False,False,False
68,female,Black,44.762420654296875,23.237579345703125,65-84,True,False,False,False,True,False,False,False,False,False,False,False,False,False,True,False,False
28,male,Black,27.25301170349121,0.7469882965087891,25-34,False,True,False,False,True,False,False,False,False,False,False,True,False,False,False,False,False
37,female,White,26.669347763061523,10.330652236938477,35-44,True,False,False,False,False,False,False,True,False,False,False,False,True,False,False,False,False
25,female,Asian,38.472877502441406,13.472877502441406,25-34,True,False,False,True,False,False,False,False,False,False,False,True,False,False,False,False,False
62,female,White,56.14530563354492,5.854694366455078,45-64,True,False,False,False,False,False,False,True,False,False,False,False,False,True,False,False,False
17,female,Indian,19.40317153930664,2.4031715393066406,5-17,True,False,False,False,False,True,False,False,False,True,False,False,False,False,False,False,False
23,female,Asian,17.39788055419922,5.602119445800781,18-24,True,False,False,True,False,False,False,False,False,False,True,False,False,False,False,False,False
22,male,Asian,19.13393783569336,2.8660621643066406,18-24,False,True,False,True,False,False,False,False,False,False,True,False,False,False,False,False,False
58,male,White,57.1917724609375,0.8082275390625,45-64,False,True,False,False,False,False,False,True,False,False,False,False,False,True,False,False,False
58,male,Black,48.83382797241211,9.16617202758789,45-64,False,True,False,False,True,False,False,False,False,False,False,False,False,True,False,False,False
26,female,Black,33.492462158203125,7.492462158203125,25-34,True,False,False,False,True,False,False,False,False,False,False,True,False,False,False,False,False
30,male,Asian,33.22702407836914,3.2270240783691406,25-34,False,True,False,True,False,False,False,False,False,False,False,True,False,False,False,False,False
25,female,White,21.642160415649414,3.357839584350586,25-34,True,False,False,False,False,False,False,True,False,False,False,True,False,False,False,False,False
33,male,Black,31.418394088745117,1.5816059112548828,25-34,False,True,False,False,True,False,False,False,False,False,False,True,False,False,False,False,False
54,male,White,61.74907302856445,7.749073028564453,45-64,False,True,False,False,False,False,False,True,False,False,False,False,False,True,False,False,False
58,male,White,54.23187255859375,3.76812744140625,45-64,False,True,False,False,False,False,False,True,False,False,False,False,False,True,False,False,False
40,female,White,42.096435546875,2.096435546875,35-44,True,False,False,False,False,False,False,True,False,False,False,False,True,False,False,False,False
1,male,Others,1.0200824737548828,0.020082473754882812,0-4,False,True,False,False,False,False,True,False,True,False,False,False,False,False,False,False,False
14,female,White,18.483598709106445,4.483598709106445,5-17,True,False,False,False,False,False,False,True,False,True,False,False,False,False,False,False,False
26,female,Others,25.813905715942383,0.1860942840576172,25-34,True,False,False,False,False,False,True,False,False,False,False,True,False,False,False,False,False
34,male,Black,27.522340774536133,6.477659225463867,25-34,False,True,False,False,True,False,False,False,False,False,False,True,False,False,False,False,False
50,male,Indian,38.32147216796875,11.67852783203125,45-64,False,True,False,False,False,True,False,False,False,False,False,False,False,True,False,False,False
26,female,White,27.316648483276367,1.3166484832763672,25-34,True,False,False,False,False,False,False,True,False,False,False,True,False,False,False,False,False
1,male,Indian,1.0902413129806519,0.09024131298065186,0-4,False,True,False,False,False,True,False,False,True,False,False,False,False,False,False,False,False
39,female,White,48.6683349609375,9.6683349609375,35-44,True,False,False,False,False,False,False,True,False,False,False,False,True,False,False,False,False
29,male,White,30.074838638305664,1.074838638305664,25-34,False,True,False,False,False,False,False,True,False,False,False,True,False,False,False,False,False
45,male,White,41.42417907714844,3.5758209228515625,45-64,False,True,False,False,False,False,False,True,False,False,False,False,False,True,False,False,False
34,female,Black,28.137781143188477,5.862218856811523,25-34,True,False,False,False,True,False,False,False,False,False,False,True,False,False,False,False,False
28,male,Black,31.247682571411133,3.247682571411133,25-34,False,True,False,False,True,False,False,False,False,False,False,True,False,False,False,False,False
80,male,White,65.56220245361328,14.437797546386719,65-84,False,True,False,False,False,False,False,True,False,False,False,False,False,False,True,False,False
24,female,Indian,25.55259895324707,1.5525989532470703,18-24,True,False,False,False,False,True,False,False,False,False,True,False,False,False,False,False,False
27,female,Asian,27.830781936645508,0.8307819366455078,25-34,True,False,False,True,False,False,False,False,False,False,False,True,False,False,False,False,False
60,female,White,63.55610656738281,3.5561065673828125,45-64,True,False,False,False,False,False,False,True,False,False,False,False,False,True,False,False,False
8,female,White,14.602458000183105,6.6024580001831055,5-17,True,False,False,False,False,False,False,True,False,True,False,False,False,False,False,False,False
22,female,Asian,21.442291259765625,0.557708740234375,18-24,True,False,False,True,False,False,False,False,False,False,True,False,False,False,False,False,False
26,male,Black,32.87821960449219,6.8782196044921875,25-34,False,True,False,False,True,False,False,False,False,False,False,True,False,False,False,False,False
75,male,White,61.705787658691406,13.294212341308594,65-84,False,True,False,False,False,False,False,True,False,False,False,False,False,False,True,False,False
8,female,Others,21.97829246520996,13.978292465209961,5-17,True,False,False,False,False,False,True,False,False,True,False,False,False,False,False,False,False
8,female,Indian,9.988290786743164,1.988290786743164,5-17,True,False,False,False,False,True,False,False,False,True,False,False,False,False,False,False,False
54,male,White,55.0278205871582,1.0278205871582031,45-64,False,True,False,False,False,False,False,True,False,False,False,False,False,True,False,False,False
12,male,Others,6.152128219604492,5.847871780395508,5-17,False,True,False,False,False,False,True,False,False,True,False,False,False,False,False,False,False
27,female,White,25.757619857788086,1.242380142211914,25-34,True,False,False,False,False,False,False,True,False,False,False,True,False,False,False,False,False
42,female,White,42.91187286376953,0.9118728637695312,35-44,True,False,False,False,False,False,False,True,False,False,False,False,True,False,False,False,False
65,female,Black,51.05757141113281,13.942428588867188,65-84,True,False,False,False,True,False,False,False,False,False,False,False,False,False,True,False,False
29,female,White,25.59595489501953,3.4040451049804688,25-34,True,False,False,False,False,False,False,True,False,False,False,True,False,False,False,False,False
13,male,Indian,11.15764045715332,1.8423595428466797,5-17,False,True,False,False,False,True,False,False,False,True,False,False,False,False,False,False,False
26,female,Black,23.56900978088379,2.430990219116211,25-34,True,False,False,False,True,False,False,False,False,False,False,True,False,False,False,False,False
1,male,Indian,1.6945579051971436,0.6945579051971436,0-4,False,True,False,False,False,True,False,False,True,False,False,False,False,False,False,False,False
15,female,Indian,22.041074752807617,7.041074752807617,5-17,True,False,False,False,False,True,False,False,False,True,False,False,False,False,False,False,False
19,male,Black,21.582490921020508,2.582490921020508,18-24,False,True,False,False,True,False,False,False,False,False,True,False,False,False,False,False,False
36,male,Indian,29.500280380249023,6.499719619750977,35-44,False,True,False,False,False,True,False,False,False,False,False,False,True,False,False,False,False
32,male,Others,25.659387588500977,6.340612411499023,25-34,False,True,False,False,False,False,True,False,False,False,False,True,False,False,False,False,False
34,female,Indian,21.816137313842773,12.183862686157227,25-34,True,False,False,False,False,True,False,False,False,False,False,True,False,False,False,False,False
11,female,Others,9.154789924621582,1.845210075378418,5-17,True,False,False,False,False,False,True,False,False,True,False,False,False,False,False,False,False
24,female,Indian,18.8369083404541,5.163091659545898,18-24,True,False,False,False,False,True,False,False,False,False,True,False,False,False,False,False,False
26,female,Asian,18.67902946472168,7.32097053527832,25-34,True,False,False,True,False,False,False,False,False,False,False,True,False,False,False,False,False
50,male,Asian,47.14436340332031,2.8556365966796875,45-64,False,True,False,True,False,False,False,False,False,False,False,False,False,True,False,False,False
1,male,White,9.660539627075195,8.660539627075195,0-4,False,True,False,False,False,False,False,True,True,False,False,False,False,False,False,False,False
23,female,Asian,22.81065559387207,0.1893444061279297,18-24,True,False,False,True,False,False,False,False,False,False,True,False,False,False,False,False,False
63,male,White,57.66460418701172,5.335395812988281,45-64,False,True,False,False,False,False,False,True,False,False,False,False,False,True,False,False,False
85,female,White,56.91716003417969,28.082839965820312,85-99,True,False,False,False,False,False,False,True,False,False,False,False,False,False,False,True,False
59,male,White,54.628150939941406,4.371849060058594,45-64,False,True,False,False,False,False,False,True,False,False,False,False,False,True,False,False,False
2,female,Asian,5.560584545135498,3.560584545135498,0-4,True,False,False,True,False,False,False,False,True,False,False,False,False,False,False,False,False
26,female,Black,26.166296005249023,0.16629600524902344,25-34,True,False,False,False,True,False,False,False,False,False,False,True,False,False,False,False,False
25,male,Black,29.193862915039062,4.1938629150390625,25-34,False,True,False,False,True,False,False,False,False,False,False,True,False,False,False,False,False
26,male,Others,22.961095809936523,3.0389041900634766,25-34,False,True,False,False,False,False,True,False,False,False,False,True,False,False,False,False,False
24,male,Asian,20.77348518371582,3.2265148162841797,18-24,False,True,False,True,False,False,False,False,False,False,True,False,False,False,False,False,False
78,male,Asian,59.97758483886719,18.022415161132812,65-84,False,True,False,True,False,False,False,False,False,False,False,False,False,False,True,False,False
25,female,Indian,29.71549415588379,4.715494155883789,25-34,True,False,False,False,False,True,False,False,False,False,False,True,False,False,False,False,False
24,female,Indian,31.47602081298828,7.476020812988281,18-24,True,False,False,False,False,True,False,False,False,False,True,False,False,False,False,False,False
67,male,Black,61.65013122558594,5.3498687744140625,65-84,False,True,False,False,True,False,False,False,False,False,False,False,False,False,True,False,False
80,male,White,62.78923034667969,17.210769653320312,65-84,False,True,False,False,False,False,False,True,False,False,False,False,False,False,True,False,False
26,male,Black,27.201324462890625,1.201324462890625,25-34,False,True,False,False,True,False,False,False,False,False,False,True,False,False,False,False,False
64,male,Black,59.625083923339844,4.374916076660156,45-64,False,True,False,False,True,False,False,False,False,False,False,False,False,True,False,False,False
4,male,Indian,3.9223201274871826,0.07767987251281738,0-4,False,True,False,False,False,True,False,False,True,False,False,False,False,False,False,False,False
28,male,Black,30.5100154876709,2.5100154876708984,25-34,False,True,False,False,True,False,False,False,False,False,False,True,False,False,False,False,False
8,female,White,3.6935501098632812,4.306449890136719,5-17,True,False,False,False,False,False,False,True,False,True,False,False,False,False,False,False,False
24,female,Others,25.41842269897461,1.4184226989746094,18-24,True,False,False,False,False,False,True,False,False,False,True,False,False,False,False,False,False
60,male,Asian,46.954833984375,13.045166015625,45-64,False,True,False,True,False,False,False,False,False,False,False,False,False,True,False,False,False
50,male,Indian,42.12118148803711,7.878818511962891,45-64,False,True,False,False,False,True,False,False,False,False,False,False,False,True,False,False,False
26,female,Asian,19.880327224731445,6.119672775268555,25-34,True,False,False,True,False,False,False,False,False,False,False,True,False,False,False,False,False
1,male,Indian,0.6956669688224792,0.30433303117752075,0-4,False,True,False,False,False,True,False,False,True,False,False,False,False,False,False,False,False
74,female,White,71.46167755126953,2.5383224487304688,65-84,True,False,False,False,False,False,False,True,False,False,False,False,False,False,True,False,False
48,male,White,34.86517333984375,13.13482666015625,45-64,False,True,False,False,False,False,False,True,False,False,False,False,False,True,False,False,False
32,female,White,35.311309814453125,3.311309814453125,25-34,True,False,False,False,False,False,False,True,False,False,False,True,False,False,False,False,False
30,female,White,27.044361114501953,2.955638885498047,25-34,True,False,False,False,False,False,False,True,False,False,False,True,False,False,False,False,False
35,male,White,28.753416061401367,6.246583938598633,35-44,False,True,False,False,False,False,False,True,False,False,False,False,True,False,False,False,False
52,female,White,32.529571533203125,19.470428466796875,45-64,True,False,False,False,False,False,False,True,False,False,False,False,False,True,False,False,False
31,male,Black,24.586265563964844,6.413734436035156,25-34,False,True,False,False,True,False,False,False,False,False,False,True,False,False,False,False,False
58,male,White,40.40522384643555,17.594776153564453,45-64,False,True,False,False,False,False,False,True,False,False,False,False,False,True,False,False,False
28,female,Indian,29.094289779663086,1.094289779663086,25-34,True,False,False,False,False,True,False,False,False,False,False,True,False,False,False,False,False
1,female,Asian,0.207057386636734,0.792942613363266,0-4,True,False,False,True,False,False,False,False,True,False,False,False,False,False,False,False,False
29,male,Black,26.979501724243164,2.020498275756836,25-34,False,True,False,False,True,False,False,False,False,False,False,True,False,False,False,False,False
4,male,White,4.794716835021973,0.7947168350219727,0-4,False,True,False,False,False,False,False,True,True,False,False,False,False,False,False,False,False
23,female,Asian,25.70317268371582,2.7031726837158203,18-24,True,False,False,True,False,False,False,False,False,False,True,False,False,False,False,False,False
43,male,Black,40.365440368652344,2.6345596313476562,35-44,False,True,False,False,True,False,False,False,False,False,False,False,True,False,False,False,False
36,male,White,50.31548309326172,14.315483093261719,35-44,False,True,False,False,False,False,False,True,False,False,False,False,True,False,False,False,False
17,female,Others,24.353605270385742,7.353605270385742,5-17,True,False,False,False,False,False,True,False,False,True,False,False,False,False,False,False,False
26,female,Indian,29.39423370361328,3.3942337036132812,25-34,True,False,False,False,False,True,False,False,False,False,False,True,False,False,False,False,False
48,male,Black,49.35573959350586,1.3557395935058594,45-64,False,True,False,False,True,False,False,False,False,False,False,False,False,True,False,False,False
26,male,White,32.371124267578125,6.371124267578125,25-34,False,True,False,False,False,False,False,True,False,False,False,True,False,False,False,False,False
26,male,Black,28.372600555419922,2.372600555419922,25-34,False,True,False,False,True,False,False,False,False,False,False,True,False,False,False,False,False
34,male,White,49.4151611328125,15.4151611328125,25-34,False,True,False,False,False,False,False,True,False,False,False,True,False,False,False,False,False
25,female,Black,29.086809158325195,4.086809158325195,25-34,True,False,False,False,True,False,False,False,False,False,False,True,False,False,False,False,False
48,male,Indian,43.68605041503906,4.3139495849609375,45-64,False,True,False,False,False,True,False,False,False,False,False,False,False,True,False,False,False
70,male,White,53.44545364379883,16.554546356201172,65-84,False,True,False,False,False,False,False,True,False,False,False,False,False,False,True,False,False
12,female,White,11.310537338256836,0.6894626617431641,5-17,True,False,False,False,False,False,False,True,False,True,False,False,False,False,False,False,False
13,male,White,16.76561737060547,3.7656173706054688,5-17,False,True,False,False,False,False,False,True,False,True,False,False,False,False,False,False,False
49,male,White,43.73308563232422,5.266914367675781,45-64,False,True,False,False,False,False,False,True,False,False,False,False,False,True,False,False,False
32,male,Indian,28.0833797454834,3.9166202545166016,25-34,False,True,False,False,False,True,False,False,False,False,False,True,False,False,False,False,False
50,male,Indian,49.71251678466797,0.28748321533203125,45-64,False,True,False,False,False,True,False,False,False,False,False,False,False,True,False,False,False
22,female,Indian,23.103717803955078,1.1037178039550781,18-24,True,False,False,False,False,True,False,False,False,False,True,False,False,False,False,False,False
28,male,Black,26.397287368774414,1.602712631225586,25-34,False,True,False,False,True,False,False,False,False,False,False,True,False,False,False,False,False
8,female,Black,25.279390335083008,17.279390335083008,5-17,True,False,False,False,True,False,False,False,False,True,False,False,False,False,False,False,False
25,male,Black,28.77313995361328,3.7731399536132812,25-34,False,True,False,False,True,False,False,False,False,False,False,True,False,False,False,False,False
15,female,Black,23.888608932495117,8.888608932495117,5-17,True,False,False,False,True,False,False,False,False,True,False,False,False,False,False,False,False
75,male,White,67.23065948486328,7.769340515136719,65-84,False,True,False,False,False,False,False,True,False,False,False,False,False,False,True,False,False
46,female,Black,34.01084518432617,11.989154815673828,45-64,True,False,False,False,True,False,False,False,False,False,False,False,False,True,False,False,False
1,female,Asian,0.8863000273704529,0.11369997262954712,0-4,True,False,False,True,False,False,False,False,True,False,False,False,False,False,False,False,False
31,male,White,32.1483268737793,1.1483268737792969,25-34,False,True,False,False,False,False,False,True,False,False,False,True,False,False,False,False,False
46,male,White,35.34579086303711,10.65420913696289,45-64,False,True,False,False,False,False,False,True,False,False,False,False,False,True,False,False,False
53,male,White,33.35071563720703,19.64928436279297,45-64,False,True,False,False,False,False,False,True,False,False,False,False,False,True,False,False,False
52,female,White,26.757627487182617,25.242372512817383,45-64,True,False,False,False,False,False,False,True,False,False,False,False,False,True,False,False,False
25,male,Black,39.493919372558594,14.493919372558594,25-34,False,True,False,False,True,False,False,False,False,False,False,True,False,False,False,False,False
85,female,White,74.78871154785156,10.211288452148438,85-99,True,False,False,False,False,False,False,True,False,False,False,False,False,False,False,True,False
1,female,Asian,3.833829879760742,2.833829879760742,0-4,True,False,False,True,False,False,False,False,True,False,False,False,False,False,False,False,False
13,female,White,16.142168045043945,3.1421680450439453,5-17,True,False,False,False,False,False,False,True,False,True,False,False,False,False,False,False,False
45,male,Indian,35.481712341308594,9.518287658691406,45-64,False,True,False,False,False,True,False,False,False,False,False,False,False,True,False,False,False
32,male,Black,27.843029022216797,4.156970977783203,25-34,False,True,False,False,True,False,False,False,False,False,False,True,False,False,False,False,False
49,male,White,45.70747375488281,3.2925262451171875,45-64,False,True,False,False,False,False,False,True,False,False,False,False,False,True,False,False,False
1,female,Others,1.1978193521499634,0.19781935214996338,0-4,True,False,False,False,False,False,True,False,True,False,False,False,False,False,False,False,False
35,male,Black,29.582548141479492,5.417451858520508,35-44,False,True,False,False,True,False,False,False,False,False,False,False,True,False,False,False,False
52,male,White,40.54869079589844,11.451309204101562,45-64,False,True,False,False,False,False,False,True,False,False,False,False,False,True,False,False,False
26,female,Black,22.055238723754883,3.944761276245117,25-34,True,False,False,False,True,False,False,False,False,False,False,True,False,False,False,False,False
29,female,Asian,26.531362533569336,2.468637466430664,25-34,True,False,False,True,False,False,False,False,False,False,False,True,False,False,False,False,False
50,female,White,40.35492706298828,9.645072937011719,45-64,True,False,False,False,False,False,False,True,False,False,False,False,False,True,False,False,False
2,male,Asian,0.4604037404060364,1.5395962595939636,0-4,False,True,False,True,False,False,False,False,True,False,False,False,False,False,False,False,False
26,female,Asian,23.649633407592773,2.3503665924072266,25-34,True,False,False,True,False,False,False,False,False,False,False,True,False,False,False,False,False
12,female,White,7.237118721008301,4.762881278991699,5-17,True,False,False,False,False,False,False,True,False,True,False,False,False,False,False,False,False
16,male,White,26.123966217041016,10.123966217041016,5-17,False,True,False,False,False,False,False,True,False,True,False,False,False,False,False,False,False
46,male,Black,42.126922607421875,3.873077392578125,45-64,False,True,False,False,True,False,False,False,False,False,False,False,False,True,False,False,False
15,male,White,17.165971755981445,2.1659717559814453,5-17,False,True,False,False,False,False,False,True,False,True,False,False,False,False,False,False,False
48,male,Others,34.08050537109375,13.91949462890625,45-64,False,True,False,False,False,False,True,False,False,False,False,False,False,True,False,False,False
35,male,Asian,30.894006729125977,4.105993270874023,35-44,False,True,False,True,False,False,False,False,False,False,False,False,True,False,False,False,False
76,male,Asian,54.217926025390625,21.782073974609375,65-84,False,True,False,True,False,False,False,False,False,False,False,False,False,False,True,False,False
34,male,Indian,46.94025802612305,12.940258026123047,25-34,False,True,False,False,False,True,False,False,False,False,False,True,False,False,False,False,False
21,female,Indian,23.386423110961914,2.386423110961914,18-24,True,False,False,False,False,True,False,False,False,False,True,False,False,False,False,False,False
25,male,White,22.28951644897461,2.7104835510253906,25-34,False,True,False,False,False,False,False,True,False,False,False,True,False,False,False,False,False
7,female,Indian,10.163044929504395,3.1630449295043945,5-17,True,False,False,False,False,True,False,False,False,True,False,False,False,False,False,False,False
30,female,Indian,25.170316696166992,4.829683303833008,25-34,True,False,False,False,False,True,False,False,False,False,False,True,False,False,False,False,False
26,female,Asian,24.927732467651367,1.0722675323486328,25-34,True,False,False,True,False,False,False,False,False,False,False,True,False,False,False,False,False
26,male,Indian,32.38411331176758,6.384113311767578,25-34,False,True,False,False,False,True,False,False,False,False,False,True,False,False,False,False,False
54,male,White,41.31916046142578,12.680839538574219,45-64,False,True,False,False,False,False,False,True,False,False,False,False,False,True,False,False,False
28,male,White,35.93474578857422,7.934745788574219,25-34,False,True,False,False,False,False,False,True,False,False,False,True,False,False,False,False,False
57,female,White,60.314369201660156,3.3143692016601562,45-64,True,False,False,False,False,False,False,True,False,False,False,False,False,True,False,False,False
26,male,White,26.217985153198242,0.2179851531982422,25-34,False,True,False,False,False,False,False,True,False,False,False,True,False,False,False,False,False
72,male,Indian,62.905731201171875,9.094268798828125,65-84,False,True,False,False,False,True,False,False,False,False,False,False,False,False,True,False,False
58,male,Black,48.97058868408203,9.029411315917969,45-64,False,True,False,False,True,False,False,False,False,False,False,False,False,True,False,False,False
25,male,Indian,26.800426483154297,1.8004264831542969,25-34,False,True,False,False,False,True,False,False,False,False,False,True,False,False,False,False,False
25,male,Indian,27.885114669799805,2.8851146697998047,25-34,False,True,False,False,False,True,False,False,False,False,False,True,False,False,False,False,False
30,male,Asian,33.944908142089844,3.9449081420898438,25-34,False,True,False,True,False,False,False,False,False,False,False,True,False,False,False,False,False
23,male,Indian,26.96661376953125,3.96661376953125,18-24,False,True,False,False,False,True,False,False,False,False,True,False,False,False,False,False,False
27,male,Others,30.642051696777344,3.6420516967773438,25-34,False,True,False,False,False,False,True,False,False,False,False,True,False,False,False,False,False
11,male,Indian,16.019977569580078,5.019977569580078,5-17,False,True,False,False,False,True,False,False,False,True,False,False,False,False,False,False,False
39,male,Black,24.693166732788086,14.306833267211914,35-44,False,True,False,False,True,False,False,False,False,False,False,False,True,False,False,False,False
25,male,White,31.587026596069336,6.587026596069336,25-34,False,True,False,False,False,False,False,True,False,False,False,True,False,False,False,False,False
28,male,Indian,30.61630630493164,2.6163063049316406,25-34,False,True,False,False,False,True,False,False,False,False,False,True,False,False,False,False,False
22,male,Indian,20.660324096679688,1.3396759033203125,18-24,False,True,False,False,False,True,False,False,False,False,True,False,False,False,False,False,False
14,female,White,23.433284759521484,9.433284759521484,5-17,True,False,False,False,False,False,False,True,False,True,False,False,False,False,False,False,False
22,male,Others,24.020599365234375,2.020599365234375,18-24,False,True,False,False,False,False,True,False,False,False,True,False,False,False,False,False,False
61,female,Black,59.16271209716797,1.8372879028320312,45-64,True,False,False,False,True,False,False,False,False,False,False,False,False,True,False,False,False
23,female,Others,14.118560791015625,8.881439208984375,18-24,True,False,False,False,False,False,True,False,False,False,True,False,False,False,False,False,False
42,male,Indian,43.699832916259766,1.6998329162597656,35-44,False,True,False,False,False,True,False,False,False,False,False,False,True,False,False,False,False
40,male,Black,43.290836334228516,3.2908363342285156,35-44,False,True,False,False,True,False,False,False,False,False,False,False,True,False,False,False,False
6,male,Asian,3.9247639179229736,2.0752360820770264,5-17,False,True,False,True,False,False,False,False,False,True,False,False,False,False,False,False,False
30,male,White,24.977853775024414,5.022146224975586,25-34,False,True,False,False,False,False,False,True,False,False,False,True,False,False,False,False,False
49,male,White,48.41754913330078,0.5824508666992188,45-64,False,True,False,False,False,False,False,True,False,False,False,False,False,True,False,False,False
18,female,White,17.221960067749023,0.7780399322509766,18-24,True,False,False,False,False,False,False,True,False,False,True,False,False,False,False,False,False
53,female,White,39.39067840576172,13.609321594238281,45-64,True,False,False,False,False,False,False,True,False,False,False,False,False,True,False,False,False
28,female,White,22.320695877075195,5.679304122924805,25-34,True,False,False,False,False,False,False,True,False,False,False,True,False,False,False,False,False
2,female,Others,5.432906150817871,3.432906150817871,0-4,True,False,False,False,False,False,True,False,True,False,False,False,False,False,False,False,False
1,male,Asian,0.7874630689620972,0.21253693103790283,0-4,False,True,False,True,False,False,False,False,True,False,False,False,False,False,False,False,False
42,male,Others,44.22901916503906,2.2290191650390625,35-44,False,True,False,False,False,False,True,False,False,False,False,False,True,False,False,False,False
56,female,White,54.366233825683594,1.6337661743164062,45-64,True,False,False,False,False,False,False,True,False,False,False,False,False,True,False,False,False
1,male,Asian,1.5540417432785034,0.5540417432785034,0-4,False,True,False,True,False,False,False,False,True,False,False,False,False,False,False,False,False
28,female,Indian,30.14389991760254,2.143899917602539,25-34,True,False,False,False,False,True,False,False,False,False,False,True,False,False,False,False,False
28,male,White,23.654172897338867,4.345827102661133,25-34,False,True,False,False,False,False,False,True,False,False,False,True,False,False,False,False,False
55,male,White,52.14828872680664,2.8517112731933594,45-64,False,True,False,False,False,False,False,True,False,False,False,False,False,True,False,False,False
43,male,White,46.831790924072266,3.8317909240722656,35-44,False,True,False,False,False,False,False,True,False,False,False,False,True,False,False,False,False
36,male,Indian,38.44407653808594,2.4440765380859375,35-44,False,True,False,False,False,True,False,False,False,False,False,False,True,False,False,False,False
27,male,Black,28.28739356994629,1.287393569946289,25-34,False,True,False,False,True,False,False,False,False,False,False,True,False,False,False,False,False
29,male,Asian,18.64628791809082,10.35371208190918,25-34,False,True,False,True,False,False,False,False,False,False,False,True,False,False,False,False,False
45,male,Black,29.545063018798828,15.454936981201172,45-64,False,True,False,False,True,False,False,False,False,False,False,False,False,True,False,False,False
28,female,Black,24.096094131469727,3.9039058685302734,25-34,True,False,False,False,True,False,False,False,False,False,False,True,False,False,False,False,False
35,female,Asian,26.820398330688477,8.179601669311523,35-44,True,False,False,True,False,False,False,False,False,False,False,False,True,False,False,False,False
37,male,White,37.666725158691406,0.6667251586914062,35-44,False,True,False,False,False,False,False,True,False,False,False,False,True,False,False,False,False
26,male,Black,23.080415725708008,2.919584274291992,25-34,False,True,False,False,True,False,False,False,False,False,False,True,False,False,False,False,False
2,female,Asian,1.9392799139022827,0.060720086097717285,0-4,True,False,False,True,False,False,False,False,True,False,False,False,False,False,False,False,False
87,male,White,67.51667022705078,19.48332977294922,85-99,False,True,False,False,False,False,False,True,False,False,False,False,False,False,False,True,False
42,female,Black,31.22039794921875,10.77960205078125,35-44,True,False,False,False,True,False,False,False,False,False,False,False,True,False,False,False,False
53,male,White,60.80970001220703,7.809700012207031,45-64,False,True,False,False,False,False,False,True,False,False,False,False,False,True,False,False,False
77,female,White,68.79217529296875,8.20782470703125,65-84,True,False,False,False,False,False,False,True,False,False,False,False,False,False,True,False,False
34,male,Indian,29.737472534179688,4.2625274658203125,25-34,False,True,False,False,False,True,False,False,False,False,False,True,False,False,False,False,False
29,female,Asian,34.83332061767578,5.833320617675781,25-34,True,False,False,True,False,False,False,False,False,False,False,True,False,False,False,False,False
69,female,White,29.31233024597168,39.68766975402832,65-84,True,False,False,False,False,False,False,True,False,False,False,False,False,False,True,False,False
1,male,Asian,0.3344161808490753,0.6655838191509247,0-4,False,True,False,True,False,False,False,False,True,False,False,False,False,False,False,False,False
18,female,Indian,13.18697738647461,4.813022613525391,18-24,True,False,False,False,False,True,False,False,False,False,True,False,False,False,False,False,False
37,male,Indian,26.50666618347168,10.49333381652832,35-44,False,True,False,False,False,True,False,False,False,False,False,False,True,False,False,False,False
23,male,White,36.53541564941406,13.535415649414062,18-24,False,True,False,False,False,False,False,True,False,False,True,False,False,False,False,False,False
22,female,Others,27.9066219329834,5.906621932983398,18-24,True,False,False,False,False,False,True,False,False,False,True,False,False,False,False,False,False
84,female,White,83.3012924194336,0.6987075805664062,65-84,True,False,False,False,False,False,False,True,False,False,False,False,False,False,True,False,False
29,male,Indian,36.740089416503906,7.740089416503906,25-34,False,True,False,False,False,True,False,False,False,False,False,True,False,False,False,False,False
30,female,Indian,37.81892395019531,7.8189239501953125,25-34,True,False,False,False,False,True,False,False,False,False,False,True,False,False,False,False,False
17,male,Others,21.109830856323242,4.109830856323242,5-17,False,True,False,False,False,False,True,False,False,True,False,False,False,False,False,False,False
39,male,Indian,39.11252975463867,0.11252975463867188,35-44,False,True,False,False,False,True,False,False,False,False,False,False,True,False,False,False,False
34,female,White,29.271726608276367,4.728273391723633,25-34,True,False,False,False,False,False,False,True,False,False,False,True,False,False,False,False,False
29,male,White,35.993309020996094,6.993309020996094,25-34,False,True,False,False,False,False,False,True,False,False,False,True,False,False,False,False,False
45,male,Indian,46.71929168701172,1.7192916870117188,45-64,False,True,False,False,False,True,False,False,False,False,False,False,False,True,False,False,False
40,female,White,22.92505645751953,17.07494354248047,35-44,True,False,False,False,False,False,False,True,False,False,False,False,True,False,False,False,False
40,male,White,40.72252655029297,0.7225265502929688,35-44,False,True,False,False,False,False,False,True,False,False,False,False,True,False,False,False,False
25,male,White,27.501314163208008,2.501314163208008,25-34,False,True,False,False,False,False,False,True,False,False,False,True,False,False,False,False,False
30,female,Asian,26.641695022583008,3.358304977416992,25-34,True,False,False,True,False,False,False,False,False,False,False,True,False,False,False,False,False
29,male,White,26.802270889282227,2.1977291107177734,25-34,False,True,False,False,False,False,False,True,False,False,False,True,False,False,False,False,False
59,male,White,63.6400146484375,4.6400146484375,45-64,False,True,False,False,False,False,False,True,False,False,False,False,False,True,False,False,False
75,female,White,63.386390686035156,11.613609313964844,65-84,True,False,False,False,False,False,False,True,False,False,False,False,False,False,True,False,False
26,female,White,26.61850929260254,0.6185092926025391,25-34,True,False,False,False,False,False,False,True,False,False,False,True,False,False,False,False,False
10,male,White,5.009032726287842,4.990967273712158,5-17,False,True,False,False,False,False,False,True,False,True,False,False,False,False,False,False,False
35,male,White,27.960886001586914,7.039113998413086,35-44,False,True,False,False,False,False,False,True,False,False,False,False,True,False,False,False,False
44,male,Others,51.48015594482422,7.480155944824219,35-44,False,True,False,False,False,False,True,False,False,False,False,False,True,False,False,False,False
25,male,White,18.761837005615234,6.238162994384766,25-34,False,True,False,False,False,False,False,True,False,False,False,True,False,False,False,False,False
70,male,White,65.78536224365234,4.214637756347656,65-84,False,True,False,False,False,False,False,True,False,False,False,False,False,False,True,False,False
1,female,White,1.876458764076233,0.8764587640762329,0-4,True,False,False,False,False,False,False,True,True,False,False,False,False,False,False,False,False
30,female,Black,27.574769973754883,2.425230026245117,25-34,True,False,False,False,True,False,False,False,False,False,False,True,False,False,False,False,False
3,male,Asian,4.232913017272949,1.2329130172729492,0-4,False,True,False,True,False,False,False,False,True,False,False,False,False,False,False,False,False
52,male,Indian,47.287872314453125,4.712127685546875,45-64,False,True,False,False,False,True,False,False,False,False,False,False,False,True,False,False,False
31,male,Black,34.88990783691406,3.8899078369140625,25-34,False,True,False,False,True,False,False,False,False,False,False,True,False,False,False,False,False
23,female,Asian,25.849628448486328,2.849628448486328,18-24,True,False,False,True,False,False,False,False,False,False,True,False,False,False,False,False,False
30,female,Indian,28.098344802856445,1.9016551971435547,25-34,True,False,False,False,False,True,False,False,False,False,False,True,False,False,False,False,False
45,male,Indian,32.745018005371094,12.254981994628906,45-64,False,True,False,False,False,True,False,False,False,False,False,False,False,True,False,False,False
24,male,White,30.955589294433594,6.955589294433594,18-24,False,True,False,False,False,False,False,True,False,False,True,False,False,False,False,False,False
1,male,Asian,1.4882267713546753,0.4882267713546753,0-4,False,True,False,True,False,False,False,False,True,False,False,False,False,False,False,False,False
65,female,Indian,50.578460693359375,14.421539306640625,65-84,True,False,False,False,False,True,False,False,False,False,False,False,False,False,True,False,False
26,female,White,28.861373901367188,2.8613739013671875,25-34,True,False,False,False,False,False,False,True,False,False,False,True,False,False,False,False,False
36,male,Indian,42.653316497802734,6.653316497802734,35-44,False,True,False,False,False,True,False,False,False,False,False,False,True,False,False,False,False
42,male,Others,50.49779510498047,8.497795104980469,35-44,False,True,False,False,False,False,True,False,False,False,False,False,True,False,False,False,False
13,male,White,17.785062789916992,4.785062789916992,5-17,False,True,False,False,False,False,False,True,False,True,False,False,False,False,False,False,False
27,male,White,24.324901580810547,2.675098419189453,25-34,False,True,False,False,False,False,False,True,False,False,False,True,False,False,False,False,False
35,male,Black,36.392723083496094,1.3927230834960938,35-44,False,True,False,False,True,False,False,False,False,False,False,False,True,False,False,False,False
19,male,White,32.82804870605469,13.828048706054688,18-24,False,True,False,False,False,False,False,True,False,False,True,False,False,False,False,False,False
96,female,White,79.09058380126953,16.90941619873047,85-99,True,False,False,False,False,False,False,True,False,False,False,False,False,False,False,True,False
21,female,White,25.417936325073242,4.417936325073242,18-24,True,False,False,False,False,False,False,True,False,False,True,False,False,False,False,False,False
42,male,Indian,45.219871520996094,3.2198715209960938,35-44,False,True,False,False,False,True,False,False,False,False,False,False,True,False,False,False,False
35,male,White,32.028900146484375,2.971099853515625,35-44,False,True,False,False,False,False,False,True,False,False,False,False,True,False,False,False,False
17,male,Black,29.209264755249023,12.209264755249023,5-17,False,True,False,False,True,False,False,False,False,True,False,False,False,False,False,False,False
59,male,White,57.935855865478516,1.0641441345214844,45-64,False,True,False,False,False,False,False,True,False,False,False,False,False,True,False,False,False
55,male,White,56.149749755859375,1.149749755859375,45-64,False,True,False,False,False,False,False,True,False,False,False,False,False,True,False,False,False
1,male,Asian,-1.0513081550598145,2.0513081550598145,0-4,False,True,False,True,False,False,False,False,True,False,False,False,False,False,False,False,False
47,male,White,44.26507568359375,2.73492431640625,45-64,False,True,False,False,False,False,False,True,False,False,False,False,False,True,False,False,False
5,male,White,0.8438260555267334,4.156173944473267,5-17,False,True,False,False,False,False,False,True,False,True,False,False,False,False,False,False,False
26,female,Others,23.079927444458008,2.920072555541992,25-34,True,False,False,False,False,False,True,False,False,False,False,True,False,False,False,False,False
42,female,White,43.515342712402344,1.5153427124023438,35-44,True,False,False,False,False,False,False,True,False,False,False,False,True,False,False,False,False
35,male,Indian,33.613433837890625,1.386566162109375,35-44,False,True,False,False,False,True,False,False,False,False,False,False,True,False,False,False,False
74,male,Asian,45.28144836425781,28.718551635742188,65-84,False,True,False,True,False,False,False,False,False,False,False,False,False,False,True,False,False
30,female,White,32.97490692138672,2.9749069213867188,25-34,True,False,False,False,False,False,False,True,False,False,False,True,False,False,False,False,False
70,male,White,67.84310913085938,2.156890869140625,65-84,False,True,False,False,False,False,False,True,False,False,False,False,False,False,True,False,False
64,male,White,70.30245971679688,6.302459716796875,45-64,False,True,False,False,False,False,False,True,False,False,False,False,False,True,False,False,False
3,female,Asian,1.618525743484497,1.381474256515503,0-4,True,False,False,True,False,False,False,False,True,False,False,False,False,False,False,False,False
26,female,Black,34.87651824951172,8.876518249511719,25-34,True,False,False,False,True,False,False,False,False,False,False,True,False,False,False,False,False
28,male,Indian,34.271339416503906,6.271339416503906,25-34,False,True,False,False,False,True,False,False,False,False,False,True,False,False,False,False,False
39,male,White,45.949684143066406,6.949684143066406,35-44,False,True,False,False,False,False,False,True,False,False,False,False,True,False,False,False,False
16,male,White,23.980920791625977,7.980920791625977,5-17,False,True,False,False,False,False,False,True,False,True,False,False,False,False,False,False,False
43,female,White,43.673980712890625,0.673980712890625,35-44,True,False,False,False,False,False,False,True,False,False,False,False,True,False,False,False,False
57,female,White,40.34921646118164,16.65078353881836,45-64,True,False,False,False,False,False,False,True,False,False,False,False,False,True,False,False,False
95,female,White,71.97118377685547,23.02881622314453,85-99,True,False,False,False,False,False,False,True,False,False,False,False,False,False,False,True,False
44,male,Black,36.17995834350586,7.820041656494141,35-44,False,True,False,False,True,False,False,False,False,False,False,False,True,False,False,False,False
42,female,Others,41.06465148925781,0.9353485107421875,35-44,True,False,False,False,False,False,True,False,False,False,False,False,True,False,False,False,False
15,female,White,15.974325180053711,0.9743251800537109,5-17,True,False,False,False,False,False,False,True,False,True,False,False,False,False,False,False,False
18,male,Black,21.566566467285156,3.5665664672851562,18-24,False,True,False,False,True,False,False,False,False,False,True,False,False,False,False,False,False
28,female,Asian,25.285852432250977,2.7141475677490234,25-34,True,False,False,True,False,False,False,False,False,False,False,True,False,False,False,False,False
31,male,White,50.576446533203125,19.576446533203125,25-34,False,True,False,False,False,False,False,True,False,False,False,True,False,False,False,False,False
38,female,Black,34.43173599243164,3.5682640075683594,35-44,True,False,False,False,True,False,False,False,False,False,False,False,True,False,False,False,False
35,male,Black,36.45088195800781,1.4508819580078125,35-44,False,True,False,False,True,False,False,False,False,False,False,False,True,False,False,False,False
50,male,Indian,40.46115493774414,9.53884506225586,45-64,False,True,False,False,False,True,False,False,False,False,False,False,False,True,False,False,False
19,male,Asian,26.796689987182617,7.796689987182617,18-24,False,True,False,True,False,False,False,False,False,False,True,False,False,False,False,False,False
28,female,Black,25.995983123779297,2.004016876220703,25-34,True,False,False,False,True,False,False,False,False,False,False,True,False,False,False,False,False
26,female,Black,23.971738815307617,2.028261184692383,25-34,True,False,False,False,True,False,False,False,False,False,False,True,False,False,False,False,False
18,male,White,23.033357620239258,5.033357620239258,18-24,False,True,False,False,False,False,False,True,False,False,True,False,False,False,False,False,False
30,male,Black,38.39794921875,8.39794921875,25-34,False,True,False,False,True,False,False,False,False,False,False,True,False,False,False,False,False
68,male,White,61.87066650390625,6.12933349609375,65-84,False,True,False,False,False,False,False,True,False,False,False,False,False,False,True,False,False
24,female,Others,21.92156410217285,2.0784358978271484,18-24,True,False,False,False,False,False,True,False,False,False,True,False,False,False,False,False,False
29,male,Others,30.107765197753906,1.1077651977539062,25-34,False,True,False,False,False,False,True,False,False,False,False,True,False,False,False,False,False
36,female,Indian,32.47483825683594,3.5251617431640625,35-44,True,False,False,False,False,True,False,False,False,False,False,False,True,False,False,False,False
29,female,Asian,30.348417282104492,1.3484172821044922,25-34,True,False,False,True,False,False,False,False,False,False,False,True,False,False,False,False,False
52,male,Black,41.549827575683594,10.450172424316406,45-64,False,True,False,False,True,False,False,False,False,False,False,False,False,True,False,False,False
29,male,White,35.309295654296875,6.309295654296875,25-34,False,True,False,False,False,False,False,True,False,False,False,True,False,False,False,False,False
1,female,Asian,4.14042854309082,3.1404285430908203,0-4,True,False,False,True,False,False,False,False,True,False,False,False,False,False,False,False,False
40,male,White,36.86797332763672,3.1320266723632812,35-44,False,True,False,False,False,False,False,True,False,False,False,False,True,False,False,False,False
43,male,Black,50.88794708251953,7.887947082519531,35-44,False,True,False,False,True,False,False,False,False,False,False,False,True,False,False,False,False
28,male,White,29.634550094604492,1.6345500946044922,25-34,False,True,False,False,False,False,False,True,False,False,False,True,False,False,False,False,False
29,female,Black,32.33945083618164,3.3394508361816406,25-34,True,False,False,False,True,False,False,False,False,False,False,True,False,False,False,False,False
25,female,Indian,21.94719886779785,3.0528011322021484,25-34,True,False,False,False,False,True,False,False,False,False,False,True,False,False,False,False,False
88,female,Black,82.26815032958984,5.731849670410156,85-99,True,False,False,False,True,False,False,False,False,False,False,False,False,False,False,True,False
49,female,White,54.964393615722656,5.964393615722656,45-64,True,False,False,False,False,False,False,True,False,False,False,False,False,True,False,False,False
14,male,Indian,17.69245147705078,3.6924514770507812,5-17,False,True,False,False,False,True,False,False,False,True,False,False,False,False,False,False,False
92,male,Asian,74.40068054199219,17.599319458007812,85-99,False,True,False,True,False,False,False,False,False,False,False,False,False,False,False,True,False
30,male,Indian,38.07980728149414,8.07980728149414,25-34,False,True,False,False,False,True,False,False,False,False,False,True,False,False,False,False,False
3,female,Black,19.970590591430664,16.970590591430664,0-4,True,False,False,False,True,False,False,False,True,False,False,False,False,False,False,False,False
27,female,Others,26.696054458618164,0.30394554138183594,25-34,True,False,False,False,False,False,True,False,False,False,False,True,False,False,False,False,False
27,female,Indian,27.55445671081543,0.5544567108154297,25-34,True,False,False,False,False,True,False,False,False,False,False,True,False,False,False,False,False
55,male,White,45.7640380859375,9.2359619140625,45-64,False,True,False,False,False,False,False,True,False,False,False,False,False,True,False,False,False
55,male,White,39.47511672973633,15.524883270263672,45-64,False,True,False,False,False,False,False,True,False,False,False,False,False,True,False,False,False
9,male,Black,33.73273468017578,24.73273468017578,5-17,False,True,False,False,True,False,False,False,False,True,False,False,False,False,False,False,False
26,male,Asian,25.64333152770996,0.35666847229003906,25-34,False,True,False,True,False,False,False,False,False,False,False,True,False,False,False,False,False
38,female,Indian,30.542638778686523,7.457361221313477,35-44,True,False,False,False,False,True,False,False,False,False,False,False,True,False,False,False,False
53,female,White,34.45542526245117,18.544574737548828,45-64,True,False,False,False,False,False,False,True,False,False,False,False,False,True,False,False,False
30,male,Indian,36.23250198364258,6.232501983642578,25-34,False,True,False,False,False,True,False,False,False,False,False,True,False,False,False,False,False
66,male,White,47.101226806640625,18.898773193359375,65-84,False,True,False,False,False,False,False,True,False,False,False,False,False,False,True,False,False
85,male,White,78.93782806396484,6.062171936035156,85-99,False,True,False,False,False,False,False,True,False,False,False,False,False,False,False,True,False
24,female,Indian,19.679750442504883,4.320249557495117,18-24,True,False,False,False,False,True,False,False,False,False,True,False,False,False,False,False,False
30,female,Asian,30.505508422851562,0.5055084228515625,25-34,True,False,False,True,False,False,False,False,False,False,False,True,False,False,False,False,False
24,male,Asian,27.920873641967773,3.9208736419677734,18-24,False,True,False,True,False,False,False,False,False,False,True,False,False,False,False,False,False
32,male,Asian,32.853050231933594,0.8530502319335938,25-34,False,True,False,True,False,False,False,False,False,False,False,True,False,False,False,False,False
17,female,Others,24.201631546020508,7.201631546020508,5-17,True,False,False,False,False,False,True,False,False,True,False,False,False,False,False,False,False
1,female,Asian,1.677632451057434,0.6776324510574341,0-4,True,False,False,True,False,False,False,False,True,False,False,False,False,False,False,False,False
21,female,Black,24.579431533813477,3.5794315338134766,18-24,True,False,False,False,True,False,False,False,False,False,True,False,False,False,False,False,False
44,male,Asian,25.272157669067383,18.727842330932617,35-44,False,True,False,True,False,False,False,False,False,False,False,False,True,False,False,False,False
29,female,White,27.128591537475586,1.871408462524414,25-34,True,False,False,False,False,False,False,True,False,False,False,True,False,False,False,False,False
26,male,Black,28.44217300415039,2.4421730041503906,25-34,False,True,False,False,True,False,False,False,False,False,False,True,False,False,False,False,False
40,male,White,34.46580123901367,5.534198760986328,35-44,False,True,False,False,False,False,False,True,False,False,False,False,True,False,False,False,False
26,female,Black,28.90201187133789,2.9020118713378906,25-34,True,False,False,False,True,False,False,False,False,False,False,True,False,False,False,False,False
39,female,White,53.743221282958984,14.743221282958984,35-44,True,False,False,False,False,False,False,True,False,False,False,False,True,False,False,False,False
19,female,White,18.83608055114746,0.16391944885253906,18-24,True,False,False,False,False,False,False,True,False,False,True,False,False,False,False,False,False
85,female,Asian,61.63610076904297,23.36389923095703,85-99,True,False,False,True,False,False,False,False,False,False,False,False,False,False,False,True,False
45,male,Indian,36.84028244018555,8.159717559814453,45-64,False,True,False,False,False,True,False,False,False,False,False,False,False,True,False,False,False
1,male,Asian,0.6526056528091431,0.34739434719085693,0-4,False,True,False,True,False,False,False,False,True,False,False,False,False,False,False,False,False
32,female,White,35.878238677978516,3.8782386779785156,25-34,True,False,False,False,False,False,False,True,False,False,False,True,False,False,False,False,False
57,female,Indian,48.84700393676758,8.152996063232422,45-64,True,False,False,False,False,True,False,False,False,False,False,False,False,True,False,False,False
35,female,White,28.789865493774414,6.210134506225586,35-44,True,False,False,False,False,False,False,True,False,False,False,False,True,False,False,False,False
9,male,White,15.805782318115234,6.805782318115234,5-17,False,True,False,False,False,False,False,True,False,True,False,False,False,False,False,False,False
20,male,White,38.312774658203125,18.312774658203125,18-24,False,True,False,False,False,False,False,True,False,False,True,False,False,False,False,False,False
34,female,White,29.110145568847656,4.889854431152344,25-34,True,False,False,False,False,False,False,True,False,False,False,True,False,False,False,False,False
1,female,Asian,1.5194624662399292,0.5194624662399292,0-4,True,False,False,True,False,False,False,False,True,False,False,False,False,False,False,False,False
31,female,White,29.98414421081543,1.0158557891845703,25-34,True,False,False,False,False,False,False,True,False,False,False,True,False,False,False,False,False
26,male,White,25.213619232177734,0.7863807678222656,25-34,False,True,False,False,False,False,False,True,False,False,False,True,False,False,False,False,False
26,female,White,29.570066452026367,3.570066452026367,25-34,True,False,False,False,False,False,False,True,False,False,False,True,False,False,False,False,False
33,female,Indian,25.618017196655273,7.381982803344727,25-34,True,False,False,False,False,True,False,False,False,False,False,True,False,False,False,False,False
30,female,Black,26.168684005737305,3.8313159942626953,25-34,True,False,False,False,True,False,False,False,False,False,False,True,False,False,False,False,False
66,female,Others,50.38585662841797,15.614143371582031,65-84,True,False,False,False,False,False,True,False,False,False,False,False,False,False,True,False,False
16,female,White,14.918310165405273,1.0816898345947266,5-17,True,False,False,False,False,False,False,True,False,True,False,False,False,False,False,False,False
30,female,White,32.03288269042969,2.0328826904296875,25-34,True,False,False,False,False,False,False,True,False,False,False,True,False,False,False,False,False
33,female,White,29.619531631469727,3.3804683685302734,25-34,True,False,False,False,False,False,False,True,False,False,False,True,False,False,False,False,False
40,male,White,60.25993728637695,20.259937286376953,35-44,False,True,False,False,False,False,False,True,False,False,False,False,True,False,False,False,False
26,female,Black,28.41712188720703,2.4171218872070312,25-34,True,False,False,False,True,False,False,False,False,False,False,True,False,False,False,False,False
31,male,Black,34.61145782470703,3.6114578247070312,25-34,False,True,False,False,True,False,False,False,False,False,False,True,False,False,False,False,False
35,male,Black,36.87586212158203,1.8758621215820312,35-44,False,True,False,False,True,False,False,False,False,False,False,False,True,False,False,False,False
22,female,White,24.452377319335938,2.4523773193359375,18-24,True,False,False,False,False,False,False,True,False,False,True,False,False,False,False,False,False
67,male,White,52.75575637817383,14.244243621826172,65-84,False,True,False,False,False,False,False,True,False,False,False,False,False,False,True,False,False
1,male,Asian,0.5247136950492859,0.4752863049507141,0-4,False,True,False,True,False,False,False,False,True,False,False,False,False,False,False,False,False
32,female,Black,32.307159423828125,0.307159423828125,25-34,True,False,False,False,True,False,False,False,False,False,False,True,False,False,False,False,False
2,female,Indian,4.964907646179199,2.964907646179199,0-4,True,False,False,False,False,True,False,False,True,False,False,False,False,False,False,False,False
61,male,Indian,47.56724166870117,13.432758331298828,45-64,False,True,False,False,False,True,False,False,False,False,False,False,False,True,False,False,False
36,male,White,36.710609436035156,0.7106094360351562,35-44,False,True,False,False,False,False,False,True,False,False,False,False,True,False,False,False,False
40,female,White,45.08652877807617,5.086528778076172,35-44,True,False,False,False,False,False,False,True,False,False,False,False,True,False,False,False,False
30,female,White,27.493013381958008,2.506986618041992,25-34,True,False,False,False,False,False,False,True,False,False,False,True,False,False,False,False,False
27,male,Black,25.60340118408203,1.3965988159179688,25-34,False,True,False,False,True,False,False,False,False,False,False,True,False,False,False,False,False
37,female,Indian,25.203859329223633,11.796140670776367,35-44,True,False,False,False,False,True,False,False,False,False,False,False,True,False,False,False,False
1,male,White,0.6881669759750366,0.3118330240249634,0-4,False,True,False,False,False,False,False,True,True,False,False,False,False,False,False,False,False
54,female,White,53.743221282958984,0.2567787170410156,45-64,True,False,False,False,False,False,False,True,False,False,False,False,False,True,False,False,False
25,female,Black,29.31911277770996,4.319112777709961,25-34,True,False,False,False,True,False,False,False,False,False,False,True,False,False,False,False,False
24,female,White,28.448720932006836,4.448720932006836,18-24,True,False,False,False,False,False,False,True,False,False,True,False,False,False,False,False,False
26,male,Indian,25.1356258392334,0.8643741607666016,25-34,False,True,False,False,False,True,False,False,False,False,False,True,False,False,False,False,False
58,male,Asian,53.190467834472656,4.809532165527344,45-64,False,True,False,True,False,False,False,False,False,False,False,False,False,True,False,False,False
62,female,White,67.46336364746094,5.4633636474609375,45-64,True,False,False,False,False,False,False,True,False,False,False,False,False,True,False,False,False
26,male,Others,24.309728622436523,1.6902713775634766,25-34,False,True,False,False,False,False,True,False,False,False,False,True,False,False,False,False,False
17,female,White,19.839447021484375,2.839447021484375,5-17,True,False,False,False,False,False,False,True,False,True,False,False,False,False,False,False,False
55,female,Indian,44.4992790222168,10.500720977783203,45-64,True,False,False,False,False,True,False,False,False,False,False,False,False,True,False,False,False
89,female,Indian,68.56450653076172,20.43549346923828,85-99,True,False,False,False,False,True,False,False,False,False,False,False,False,False,False,True,False
26,female,Indian,25.169950485229492,0.8300495147705078,25-34,True,False,False,False,False,True,False,False,False,False,False,True,False,False,False,False,False
39,male,White,24.1025333404541,14.897466659545898,35-44,False,True,False,False,False,False,False,True,False,False,False,False,True,False,False,False,False
90,female,White,83.22102355957031,6.7789764404296875,85-99,True,False,False,False,False,False,False,True,False,False,False,False,False,False,False,True,False
45,male,White,33.638397216796875,11.361602783203125,45-64,False,True,False,False,False,False,False,True,False,False,False,False,False,True,False,False,False
31,female,Indian,27.531373977661133,3.468626022338867,25-34,True,False,False,False,False,True,False,False,False,False,False,True,False,False,False,False,False
25,male,Asian,30.225431442260742,5.225431442260742,25-34,False,True,False,True,False,False,False,False,False,False,False,True,False,False,False,False,False
26,male,Others,29.31693458557129,3.316934585571289,25-34,False,True,False,False,False,False,True,False,False,False,False,True,False,False,False,False,False
26,male,Asian,33.43065643310547,7.430656433105469,25-34,False,True,False,True,False,False,False,False,False,False,False,True,False,False,False,False,False
42,male,Black,52.09124755859375,10.09124755859375,35-44,False,True,False,False,True,False,False,False,False,False,False,False,True,False,False,False,False
4,male,Indian,2.7613556385040283,1.2386443614959717,0-4,False,True,False,False,False,True,False,False,True,False,False,False,False,False,False,False,False
56,female,Indian,36.22365951538086,19.77634048461914,45-64,True,False,False,False,False,True,False,False,False,False,False,False,False,True,False,False,False
20,male,Black,20.186660766601562,0.1866607666015625,18-24,False,True,False,False,True,False,False,False,False,False,True,False,False,False,False,False,False
23,male,Indian,26.85847282409668,3.8584728240966797,18-24,False,True,False,False,False,True,False,False,False,False,True,False,False,False,False,False,False
54,female,White,41.99197769165039,12.00802230834961,45-64,True,False,False,False,False,False,False,True,False,False,False,False,False,True,False,False,False
52,female,White,42.52783966064453,9.472160339355469,45-64,True,False,False,False,False,False,False,True,False,False,False,False,False,True,False,False,False
100,male,White,84.4548110961914,15.545188903808594,100-119,False,True,False,False,False,False,False,True,False,False,False,False,False,False,False,False,True
35,female,Asian,33.31003189086914,1.6899681091308594,35-44,True,False,False,True,False,False,False,False,False,False,False,False,True,False,False,False,False
25,female,White,22.022043228149414,2.977956771850586,25-34,True,False,False,False,False,False,False,True,False,False,False,True,False,False,False,False,False
40,male,White,25.64156150817871,14.358438491821289,35-44,False,True,False,False,False,False,False,True,False,False,False,False,True,False,False,False,False
69,male,White,52.71941375732422,16.28058624267578,65-84,False,True,False,False,False,False,False,True,False,False,False,False,False,False,True,False,False
24,female,White,25.027257919311523,1.0272579193115234,18-24,True,False,False,False,False,False,False,True,False,False,True,False,False,False,False,False,False
52,male,White,59.350250244140625,7.350250244140625,45-64,False,True,False,False,False,False,False,True,False,False,False,False,False,True,False,False,False
24,female,Asian,27.47333335876465,3.4733333587646484,18-24,True,False,False,True,False,False,False,False,False,False,True,False,False,False,False,False,False
32,female,Others,27.436506271362305,4.563493728637695,25-34,True,False,False,False,False,False,True,False,False,False,False,True,False,False,False,False,False
25,female,White,18.343610763549805,6.656389236450195,25-34,True,False,False,False,False,False,False,True,False,False,False,True,False,False,False,False,False
58,male,Indian,61.025081634521484,3.0250816345214844,45-64,False,True,False,False,False,True,False,False,False,False,False,False,False,True,False,False,False
34,female,Black,17.947114944458008,16.052885055541992,25-34,True,False,False,False,True,False,False,False,False,False,False,True,False,False,False,False,False
17,female,Black,26.2351131439209,9.235113143920898,5-17,True,False,False,False,True,False,False,False,False,True,False,False,False,False,False,False,False
26,male,Asian,27.70481300354004,1.704813003540039,25-34,False,True,False,True,False,False,False,False,False,False,False,True,False,False,False,False,False
96,female,Asian,88.8371353149414,7.162864685058594,85-99,True,False,False,True,False,False,False,False,False,False,False,False,False,False,False,True,False
43,male,Asian,46.25205612182617,3.252056121826172,35-44,False,True,False,True,False,False,False,False,False,False,False,False,True,False,False,False,False
16,male,White,21.641529083251953,5.641529083251953,5-17,False,True,False,False,False,False,False,True,False,True,False,False,False,False,False,False,False
16,female,Indian,24.743860244750977,8.743860244750977,5-17,True,False,False,False,False,True,False,False,False,True,False,False,False,False,False,False,False
40,male,Asian,40.28077697753906,0.2807769775390625,35-44,False,True,False,True,False,False,False,False,False,False,False,False,True,False,False,False,False
37,female,Indian,30.648658752441406,6.351341247558594,35-44,True,False,False,False,False,True,False,False,False,False,False,False,True,False,False,False,False
6,female,Others,7.6842217445373535,1.6842217445373535,5-17,True,False,False,False,False,False,True,False,False,True,False,False,False,False,False,False,False
49,female,Indian,42.38407897949219,6.6159210205078125,45-64,True,False,False,False,False,True,False,False,False,False,False,False,False,True,False,False,False
14,female,White,6.592801570892334,7.407198429107666,5-17,True,False,False,False,False,False,False,True,False,True,False,False,False,False,False,False,False
53,male,White,59.61920928955078,6.619209289550781,45-64,False,True,False,False,False,False,False,True,False,False,False,False,False,True,False,False,False
4,female,White,3.074826240539551,0.9251737594604492,0-4,True,False,False,False,False,False,False,True,True,False,False,False,False,False,False,False,False
32,female,White,24.326902389526367,7.673097610473633,25-34,True,False,False,False,False,False,False,True,False,False,False,True,False,False,False,False,False
37,female,White,45.23363494873047,8.233634948730469,35-44,True,False,False,False,False,False,False,True,False,False,False,False,True,False,False,False,False
16,female,Indian,16.247915267944336,0.24791526794433594,5-17,True,False,False,False,False,True,False,False,False,True,False,False,False,False,False,False,False
24,female,Asian,30.231321334838867,6.231321334838867,18-24,True,False,False,True,False,False,False,False,False,False,True,False,False,False,False,False,False
62,female,Black,37.59169387817383,24.408306121826172,45-64,True,False,False,False,True,False,False,False,False,False,False,False,False,True,False,False,False
44,female,Indian,36.391990661621094,7.608009338378906,35-44,True,False,False,False,False,True,False,False,False,False,False,False,True,False,False,False,False
52,male,Black,35.13942337036133,16.860576629638672,45-64,False,True,False,False,True,False,False,False,False,False,False,False,False,True,False,False,False
24,male,Asian,20.576183319091797,3.423816680908203,18-24,False,True,False,True,False,False,False,False,False,False,True,False,False,False,False,False,False
34,male,Asian,31.29593276977539,2.7040672302246094,25-34,False,True,False,True,False,False,False,False,False,False,False,True,False,False,False,False,False
50,male,White,41.902130126953125,8.097869873046875,45-64,False,True,False,False,False,False,False,True,False,False,False,False,False,True,False,False,False
25,female,White,19.495237350463867,5.504762649536133,25-34,True,False,False,False,False,False,False,True,False,False,False,True,False,False,False,False,False
56,male,White,41.179443359375,14.820556640625,45-64,False,True,False,False,False,False,False,True,False,False,False,False,False,True,False,False,False
70,male,Indian,51.90711975097656,18.092880249023438,65-84,False,True,False,False,False,True,False,False,False,False,False,False,False,False,True,False,False
55,male,White,57.29940414428711,2.2994041442871094,45-64,False,True,False,False,False,False,False,True,False,False,False,False,False,True,False,False,False
48,male,White,56.824134826660156,8.824134826660156,45-64,False,True,False,False,False,False,False,True,False,False,False,False,False,True,False,False,False
11,female,White,22.507896423339844,11.507896423339844,5-17,True,False,False,False,False,False,False,True,False,True,False,False,False,False,False,False,False
4,female,Others,7.408133029937744,3.408133029937744,0-4,True,False,False,False,False,False,True,False,True,False,False,False,False,False,False,False,False
43,male,White,32.28944778442383,10.710552215576172,35-44,False,True,False,False,False,False,False,True,False,False,False,False,True,False,False,False,False
36,male,Others,43.354331970214844,7.354331970214844,35-44,False,True,False,False,False,False,True,False,False,False,False,False,True,False,False,False,False
38,male,White,31.08095359802246,6.919046401977539,35-44,False,True,False,False,False,False,False,True,False,False,False,False,True,False,False,False,False
24,female,Black,30.362882614135742,6.362882614135742,18-24,True,False,False,False,True,False,False,False,False,False,True,False,False,False,False,False,False
29,female,Asian,28.569229125976562,0.4307708740234375,25-34,True,False,False,True,False,False,False,False,False,False,False,True,False,False,False,False,False
30,male,Asian,28.3104305267334,1.6895694732666016,25-34,False,True,False,True,False,False,False,False,False,False,False,True,False,False,False,False,False
4,female,Asian,2.64583683013916,1.3541631698608398,0-4,True,False,False,True,False,False,False,False,True,False,False,False,False,False,False,False,False
25,male,Indian,38.04100036621094,13.041000366210938,25-34,False,True,False,False,False,True,False,False,False,False,False,True,False,False,False,False,False
71,female,White,78.95616149902344,7.9561614990234375,65-84,True,False,False,False,False,False,False,True,False,False,False,False,False,False,True,False,False
21,female,White,35.18711853027344,14.187118530273438,18-24,True,False,False,False,False,False,False,True,False,False,True,False,False,False,False,False,False
28,female,Black,22.3630428314209,5.636957168579102,25-34,True,False,False,False,True,False,False,False,False,False,False,True,False,False,False,False,False
8,female,White,17.322904586791992,9.322904586791992,5-17,True,False,False,False,False,False,False,True,False,True,False,False,False,False,False,False,False
27,female,Asian,21.3287353515625,5.6712646484375,25-34,True,False,False,True,False,False,False,False,False,False,False,True,False,False,False,False,False
35,male,Others,28.463239669799805,6.536760330200195,35-44,False,True,False,False,False,False,True,False,False,False,False,False,True,False,False,False,False
28,female,White,36.655487060546875,8.655487060546875,25-34,True,False,False,False,False,False,False,True,False,False,False,True,False,False,False,False,False
26,female,White,27.696657180786133,1.6966571807861328,25-34,True,False,False,False,False,False,False,True,False,False,False,True,False,False,False,False,False
1,female,White,1.1604331731796265,0.16043317317962646,0-4,True,False,False,False,False,False,False,True,True,False,False,False,False,False,False,False,False
32,female,White,25.852718353271484,6.147281646728516,25-34,True,False,False,False,False,False,False,True,False,False,False,True,False,False,False,False,False
8,male,White,16.999637603759766,8.999637603759766,5-17,False,True,False,False,False,False,False,True,False,True,False,False,False,False,False,False,False
68,female,White,52.513702392578125,15.486297607421875,65-84,True,False,False,False,False,False,False,True,False,False,False,False,False,False,True,False,False
50,male,White,30.677751541137695,19.322248458862305,45-64,False,True,False,False,False,False,False,True,False,False,False,False,False,True,False,False,False
50,female,Black,36.40350341796875,13.59649658203125,45-64,True,False,False,False,True,False,False,False,False,False,False,False,False,True,False,False,False
62,male,Black,47.35833740234375,14.64166259765625,45-64,False,True,False,False,True,False,False,False,False,False,False,False,False,True,False,False,False
82,male,White,73.1418228149414,8.858177185058594,65-84,False,True,False,False,False,False,False,True,False,False,False,False,False,False,True,False,False
6,female,Indian,14.333952903747559,8.333952903747559,5-17,True,False,False,False,False,True,False,False,False,True,False,False,False,False,False,False,False
28,female,Indian,23.842191696166992,4.157808303833008,25-34,True,False,False,False,False,True,False,False,False,False,False,True,False,False,False,False,False
30,male,Asian,28.346837997436523,1.6531620025634766,25-34,False,True,False,True,False,False,False,False,False,False,False,True,False,False,False,False,False
32,male,Asian,28.796375274658203,3.203624725341797,25-34,False,True,False,True,False,False,False,False,False,False,False,True,False,False,False,False,False
52,male,Black,41.61412811279297,10.385871887207031,45-64,False,True,False,False,True,False,False,False,False,False,False,False,False,True,False,False,False
80,female,White,67.06792449951172,12.932075500488281,65-84,True,False,False,False,False,False,False,True,False,False,False,False,False,False,True,False,False
26,male,White,22.53929901123047,3.4607009887695312,25-34,False,True,False,False,False,False,False,True,False,False,False,True,False,False,False,False,False
35,female,Others,27.8327693939209,7.167230606079102,35-44,True,False,False,False,False,False,True,False,False,False,False,False,True,False,False,False,False
40,female,White,42.69450378417969,2.6945037841796875,35-44,True,False,False,False,False,False,False,True,False,False,False,False,True,False,False,False,False
50,male,White,55.56938934326172,5.569389343261719,45-64,False,True,False,False,False,False,False,True,False,False,False,False,False,True,False,False,False
38,female,Black,22.400590896606445,15.599409103393555,35-44,True,False,False,False,True,False,False,False,False,False,False,False,True,False,False,False,False
54,male,White,36.48790740966797,17.51209259033203,45-64,False,True,False,False,False,False,False,True,False,False,False,False,False,True,False,False,False
36,male,Black,30.974498748779297,5.025501251220703,35-44,False,True,False,False,True,False,False,False,False,False,False,False,True,False,False,False,False
40,female,White,54.74495315551758,14.744953155517578,35-44,True,False,False,False,False,False,False,True,False,False,False,False,True,False,False,False,False
40,male,White,34.393699645996094,5.606300354003906,35-44,False,True,False,False,False,False,False,True,False,False,False,False,True,False,False,False,False
26,female,Indian,24.436918258666992,1.5630817413330078,25-34,True,False,False,False,False,True,False,False,False,False,False,True,False,False,False,False,False
51,male,White,44.78627014160156,6.2137298583984375,45-64,False,True,False,False,False,False,False,True,False,False,False,False,False,True,False,False,False
22,male,White,22.903512954711914,0.9035129547119141,18-24,False,True,False,False,False,False,False,True,False,False,True,False,False,False,False,False,False
43,male,White,56.84599304199219,13.845993041992188,35-44,False,True,False,False,False,False,False,True,False,False,False,False,True,False,False,False,False
24,female,Indian,20.485401153564453,3.514598846435547,18-24,True,False,False,False,False,True,False,False,False,False,True,False,False,False,False,False,False
38,male,White,48.74931335449219,10.749313354492188,35-44,False,True,False,False,False,False,False,True,False,False,False,False,True,False,False,False,False
31,female,Others,26.613985061645508,4.386014938354492,25-34,True,False,False,False,False,False,True,False,False,False,False,True,False,False,False,False,False
30,male,Indian,34.49449920654297,4.494499206542969,25-34,False,True,False,False,False,True,False,False,False,False,False,True,False,False,False,False,False
41,male,White,43.29206848144531,2.2920684814453125,35-44,False,True,False,False,False,False,False,True,False,False,False,False,True,False,False,False,False
1,female,Asian,2.0353379249572754,1.0353379249572754,0-4,True,False,False,True,False,False,False,False,True,False,False,False,False,False,False,False,False
16,male,White,14.761125564575195,1.2388744354248047,5-17,False,True,False,False,False,False,False,True,False,True,False,False,False,False,False,False,False
21,female,White,19.09202003479004,1.907979965209961,18-24,True,False,False,False,False,False,False,True,False,False,True,False,False,False,False,False,False
23,male,Indian,25.448415756225586,2.448415756225586,18-24,False,True,False,False,False,True,False,False,False,False,True,False,False,False,False,False,False
43,female,Black,50.528751373291016,7.528751373291016,35-44,True,False,False,False,True,False,False,False,False,False,False,False,True,False,False,False,False
28,male,White,30.88493537902832,2.8849353790283203,25-34,False,True,False,False,False,False,False,True,False,False,False,True,False,False,False,False,False
29,male,Others,40.6483039855957,11.648303985595703,25-34,False,True,False,False,False,False,True,False,False,False,False,True,False,False,False,False,False
85,female,White,64.53150177001953,20.46849822998047,85-99,True,False,False,False,False,False,False,True,False,False,False,False,False,False,False,True,False
21,female,White,31.190855026245117,10.190855026245117,18-24,True,False,False,False,False,False,False,True,False,False,True,False,False,False,False,False,False
8,female,White,6.814846038818359,1.1851539611816406,5-17,True,False,False,False,False,False,False,True,False,True,False,False,False,False,False,False,False
31,female,Black,24.036821365356445,6.963178634643555,25-34,True,False,False,False,True,False,False,False,False,False,False,True,False,False,False,False,False
45,female,White,31.684667587280273,13.315332412719727,45-64,True,False,False,False,False,False,False,True,False,False,False,False,False,True,False,False,False
3,female,Indian,4.297266006469727,1.2972660064697266,0-4,True,False,False,False,False,True,False,False,True,False,False,False,False,False,False,False,False
29,male,White,23.752702713012695,5.247297286987305,25-34,False,True,False,False,False,False,False,True,False,False,False,True,False,False,False,False,False
44,male,Indian,32.57034683227539,11.42965316772461,35-44,False,True,False,False,False,True,False,False,False,False,False,False,True,False,False,False,False
28,female,Black,34.047523498535156,6.047523498535156,25-34,True,False,False,False,True,False,False,False,False,False,False,True,False,False,False,False,False
48,male,White,29.86739158630371,18.13260841369629,45-64,False,True,False,False,False,False,False,True,False,False,False,False,False,True,False,False,False
40,male,Indian,28.439847946166992,11.560152053833008,35-44,False,True,False,False,False,True,False,False,False,False,False,False,True,False,False,False,False
54,male,White,25.617549896240234,28.382450103759766,45-64,False,True,False,False,False,False,False,True,False,False,False,False,False,True,False,False,False
40,female,Black,32.022640228271484,7.977359771728516,35-44,True,False,False,False,True,False,False,False,False,False,False,False,True,False,False,False,False
24,female,Black,26.953014373779297,2.953014373779297,18-24,True,False,False,False,True,False,False,False,False,False,True,False,False,False,False,False,False
14,female,White,16.0958194732666,2.0958194732666016,5-17,True,False,False,False,False,False,False,True,False,True,False,False,False,False,False,False,False
57,male,White,71.74981689453125,14.74981689453125,45-64,False,True,False,False,False,False,False,True,False,False,False,False,False,True,False,False,False
26,female,Asian,28.580141067504883,2.580141067504883,25-34,True,False,False,True,False,False,False,False,False,False,False,True,False,False,False,False,False
1,female,Indian,0.2638317346572876,0.7361682653427124,0-4,True,False,False,False,False,True,False,False,True,False,False,False,False,False,False,False,False
39,male,Black,44.6202392578125,5.6202392578125,35-44,False,True,False,False,True,False,False,False,False,False,False,False,True,False,False,False,False
34,female,Black,25.05399513244629,8.946004867553711,25-34,True,False,False,False,True,False,False,False,False,False,False,True,False,False,False,False,False
31,female,Others,24.705392837524414,6.294607162475586,25-34,True,False,False,False,False,False,True,False,False,False,False,True,False,False,False,False,False
30,male,White,28.78590965270996,1.214090347290039,25-34,False,True,False,False,False,False,False,True,False,False,False,True,False,False,False,False,False
88,female,White,69.33250427246094,18.667495727539062,85-99,True,False,False,False,False,False,False,True,False,False,False,False,False,False,False,True,False
80,female,White,78.1862564086914,1.8137435913085938,65-84,True,False,False,False,False,False,False,True,False,False,False,False,False,False,True,False,False
32,male,Black,29.311691284179688,2.6883087158203125,25-34,False,True,False,False,True,False,False,False,False,False,False,True,False,False,False,False,False
4,male,Indian,5.267431259155273,1.2674312591552734,0-4,False,True,False,False,False,True,False,False,True,False,False,False,False,False,False,False,False
30,male,White,40.03059768676758,10.030597686767578,25-34,False,True,False,False,False,False,False,True,False,False,False,True,False,False,False,False,False
31,female,Others,25.820669174194336,5.179330825805664,25-34,True,False,False,False,False,False,True,False,False,False,False,True,False,False,False,False,False
36,male,White,30.99897575378418,5.00102424621582,35-44,False,True,False,False,False,False,False,True,False,False,False,False,True,False,False,False,False
62,male,White,69.62586975097656,7.6258697509765625,45-64,False,True,False,False,False,False,False,True,False,False,False,False,False,True,False,False,False
3,male,White,2.7262587547302246,0.2737412452697754,0-4,False,True,False,False,False,False,False,True,True,False,False,False,False,False,False,False,False
26,male,Indian,33.48263168334961,7.482631683349609,25-34,False,True,False,False,False,True,False,False,False,False,False,True,False,False,False,False,False
22,female,Indian,17.054651260375977,4.945348739624023,18-24,True,False,False,False,False,True,False,False,False,False,True,False,False,False,False,False,False
26,female,Indian,23.829509735107422,2.170490264892578,25-34,True,False,False,False,False,True,False,False,False,False,False,True,False,False,False,False,False
29,female,Black,23.646482467651367,5.353517532348633,25-34,True,False,False,False,True,False,False,False,False,False,False,True,False,False,False,False,False
36,male,Indian,33.12366485595703,2.8763351440429688,35-44,False,True,False,False,False,True,False,False,False,False,False,False,True,False,False,False,False
23,male,Asian,28.655309677124023,5.655309677124023,18-24,False,True,False,True,False,False,False,False,False,False,True,False,False,False,False,False,False
75,female,White,73.88568115234375,1.11431884765625,65-84,True,False,False,False,False,False,False,True,False,False,False,False,False,False,True,False,False
58,male,White,58.52096176147461,0.5209617614746094,45-64,False,True,False,False,False,False,False,True,False,False,False,False,False,True,False,False,False
26,male,White,19.52296257019043,6.47703742980957,25-34,False,True,False,False,False,False,False,True,False,False,False,True,False,False,False,False,False
26,male,Indian,40.311058044433594,14.311058044433594,25-34,False,True,False,False,False,True,False,False,False,False,False,True,False,False,False,False,False
90,male,White,73.56212615966797,16.43787384033203,85-99,False,True,False,False,False,False,False,True,False,False,False,False,False,False,False,True,False
4,male,Indian,7.349523067474365,3.3495230674743652,0-4,False,True,False,False,False,True,False,False,True,False,False,False,False,False,False,False,False
30,male,White,26.95487403869629,3.045125961303711,25-34,False,True,False,False,False,False,False,True,False,False,False,True,False,False,False,False,False
36,male,White,44.362953186035156,8.362953186035156,35-44,False,True,False,False,False,False,False,True,False,False,False,False,True,False,False,False,False
5,female,White,3.5637803077697754,1.4362196922302246,5-17,True,False,False,False,False,False,False,True,False,True,False,False,False,False,False,False,False
50,male,White,46.35304641723633,3.646953582763672,45-64,False,True,False,False,False,False,False,True,False,False,False,False,False,True,False,False,False
38,female,Black,23.869626998901367,14.130373001098633,35-44,True,False,False,False,True,False,False,False,False,False,False,False,True,False,False,False,False
43,female,White,46.572418212890625,3.572418212890625,35-44,True,False,False,False,False,False,False,True,False,False,False,False,True,False,False,False,False
26,female,Black,27.695409774780273,1.6954097747802734,25-34,True,False,False,False,True,False,False,False,False,False,False,True,False,False,False,False,False
4,female,White,6.663258075714111,2.6632580757141113,0-4,True,False,False,False,False,False,False,True,True,False,False,False,False,False,False,False,False
26,female,Indian,25.4450740814209,0.5549259185791016,25-34,True,False,False,False,False,True,False,False,False,False,False,True,False,False,False,False,False
31,male,Asian,25.99573516845703,5.004264831542969,25-34,False,True,False,True,False,False,False,False,False,False,False,True,False,False,False,False,False
48,male,White,34.69133377075195,13.308666229248047,45-64,False,True,False,False,False,False,False,True,False,False,False,False,False,True,False,False,False
35,male,Indian,32.721710205078125,2.278289794921875,35-44,False,True,False,False,False,True,False,False,False,False,False,False,True,False,False,False,False
50,female,White,39.63801956176758,10.361980438232422,45-64,True,False,False,False,False,False,False,True,False,False,False,False,False,True,False,False,False
44,male,Black,30.79605484008789,13.20394515991211,35-44,False,True,False,False,True,False,False,False,False,False,False,False,True,False,False,False,False
49,female,White,50.80584716796875,1.80584716796875,45-64,True,False,False,False,False,False,False,True,False,False,False,False,False,True,False,False,False
45,male,Black,36.93394088745117,8.066059112548828,45-64,False,True,False,False,True,False,False,False,False,False,False,False,False,True,False,False,False
32,male,Indian,24.275903701782227,7.724096298217773,25-34,False,True,False,False,False,True,False,False,False,False,False,True,False,False,False,False,False
17,female,White,22.374189376831055,5.374189376831055,5-17,True,False,False,False,False,False,False,True,False,True,False,False,False,False,False,False,False
22,male,Indian,25.253915786743164,3.253915786743164,18-24,False,True,False,False,False,True,False,False,False,False,True,False,False,False,False,False,False
25,female,Indian,24.501558303833008,0.4984416961669922,25-34,True,False,False,False,False,True,False,False,False,False,False,True,False,False,False,False,False
35,female,Black,30.641138076782227,4.358861923217773,35-44,True,False,False,False,True,False,False,False,False,False,False,False,True,False,False,False,False
6,female,Asian,4.401269912719727,1.5987300872802734,5-17,True,False,False,True,False,False,False,False,False,True,False,False,False,False,False,False,False
29,female,Black,24.8277645111084,4.172235488891602,25-34,True,False,False,False,True,False,False,False,False,False,False,True,False,False,False,False,False
27,male,Black,25.225561141967773,1.7744388580322266,25-34,False,True,False,False,True,False,False,False,False,False,False,True,False,False,False,False,False
17,male,White,39.464332580566406,22.464332580566406,5-17,False,True,False,False,False,False,False,True,False,True,False,False,False,False,False,False,False
53,male,Indian,23.996004104614258,29.003995895385742,45-64,False,True,False,False,False,True,False,False,False,False,False,False,False,True,False,False,False
40,male,White,39.271942138671875,0.728057861328125,35-44,False,True,False,False,False,False,False,True,False,False,False,False,True,False,False,False,False
35,male,Asian,25.953550338745117,9.046449661254883,35-44,False,True,False,True,False,False,False,False,False,False,False,False,True,False,False,False,False
66,female,White,57.08595275878906,8.914047241210938,65-84,True,False,False,False,False,False,False,True,False,False,False,False,False,False,True,False,False
26,male,Indian,33.354835510253906,7.354835510253906,25-34,False,True,False,False,False,True,False,False,False,False,False,True,False,False,False,False,False
68,male,White,39.69847869873047,28.30152130126953,65-84,False,True,False,False,False,False,False,True,False,False,False,False,False,False,True,False,False
30,male,White,30.281217575073242,0.2812175750732422,25-34,False,True,False,False,False,False,False,True,False,False,False,True,False,False,False,False,False
26,male,White,30.315399169921875,4.315399169921875,25-34,False,True,False,False,False,False,False,True,False,False,False,True,False,False,False,False,False
27,female,White,25.356842041015625,1.643157958984375,25-34,True,False,False,False,False,False,False,True,False,False,False,True,False,False,False,False,False
53,male,White,40.31557846069336,12.68442153930664,45-64,False,True,False,False,False,False,False,True,False,False,False,False,False,True,False,False,False
63,male,White,66.15459442138672,3.1545944213867188,45-64,False,True,False,False,False,False,False,True,False,False,False,False,False,True,False,False,False
24,female,Asian,26.12982749938965,2.1298274993896484,18-24,True,False,False,True,False,False,False,False,False,False,True,False,False,False,False,False,False
31,male,Asian,28.857040405273438,2.1429595947265625,25-34,False,True,False,True,False,False,False,False,False,False,False,True,False,False,False,False,False
26,female,Indian,27.61730194091797,1.6173019409179688,25-34,True,False,False,False,False,True,False,False,False,False,False,True,False,False,False,False,False
30,female,White,26.54072380065918,3.4592761993408203,25-34,True,False,False,False,False,False,False,True,False,False,False,True,False,False,False,False,False
34,female,White,17.613218307495117,16.386781692504883,25-34,True,False,False,False,False,False,False,True,False,False,False,True,False,False,False,False,False
28,male,Indian,25.01783561706543,2.9821643829345703,25-34,False,True,False,False,False,True,False,False,False,False,False,True,False,False,False,False,False
29,female,White,32.852516174316406,3.8525161743164062,25-34,True,False,False,False,False,False,False,True,False,False,False,True,False,False,False,False,False
16,male,White,23.583715438842773,7.583715438842773,5-17,False,True,False,False,False,False,False,True,False,True,False,False,False,False,False,False,False
2,male,Asian,6.419328689575195,4.419328689575195,0-4,False,True,False,True,False,False,False,False,True,False,False,False,False,False,False,False,False
25,female,Others,33.3775634765625,8.3775634765625,25-34,True,False,False,False,False,False,True,False,False,False,False,True,False,False,False,False,False
28,female,Asian,24.92826271057129,3.071737289428711,25-34,True,False,False,True,False,False,False,False,False,False,False,True,False,False,False,False,False
32,female,White,38.75444793701172,6.754447937011719,25-34,True,False,False,False,False,False,False,True,False,False,False,True,False,False,False,False,False
32,male,Asian,36.2598762512207,4.259876251220703,25-34,False,True,False,True,False,False,False,False,False,False,False,True,False,False,False,False,False
26,female,Asian,23.52828025817871,2.471719741821289,25-34,True,False,False,True,False,False,False,False,False,False,False,True,False,False,False,False,False
32,female,Asian,28.528718948364258,3.471281051635742,25-34,True,False,False,True,False,False,False,False,False,False,False,True,False,False,False,False,False
37,female,Black,47.32725143432617,10.327251434326172,35-44,True,False,False,False,True,False,False,False,False,False,False,False,True,False,False,False,False
29,male,Black,40.19013977050781,11.190139770507812,25-34,False,True,False,False,True,False,False,False,False,False,False,True,False,False,False,False,False
19,female,Indian,24.891788482666016,5.891788482666016,18-24,True,False,False,False,False,True,False,False,False,False,True,False,False,False,False,False,False
43,male,White,38.16807556152344,4.8319244384765625,35-44,False,True,False,False,False,False,False,True,False,False,False,False,True,False,False,False,False
26,female,Black,24.816370010375977,1.1836299896240234,25-34,True,False,False,False,True,False,False,False,False,False,False,True,False,False,False,False,False
4,male,White,1.274863362312317,2.725136637687683,0-4,False,True,False,False,False,False,False,True,True,False,False,False,False,False,False,False,False
26,female,Black,26.12915802001953,0.12915802001953125,25-34,True,False,False,False,True,False,False,False,False,False,False,True,False,False,False,False,False
24,female,Indian,20.051349639892578,3.948650360107422,18-24,True,False,False,False,False,True,False,False,False,False,True,False,False,False,False,False,False
26,male,White,29.88178825378418,3.8817882537841797,25-34,False,True,False,False,False,False,False,True,False,False,False,True,False,False,False,False,False
44,female,Indian,40.94488525390625,3.05511474609375,35-44,True,False,False,False,False,True,False,False,False,False,False,False,True,False,False,False,False
24,female,Asian,26.500673294067383,2.500673294067383,18-24,True,False,False,True,False,False,False,False,False,False,True,False,False,False,False,False,False
7,female,White,6.3049445152282715,0.6950554847717285,5-17,True,False,False,False,False,False,False,True,False,True,False,False,False,False,False,False,False
36,male,Asian,31.979738235473633,4.020261764526367,35-44,False,True,False,True,False,False,False,False,False,False,False,False,True,False,False,False,False
37,male,White,31.559377670288086,5.440622329711914,35-44,False,True,False,False,False,False,False,True,False,False,False,False,True,False,False,False,False
40,female,White,35.429500579833984,4.570499420166016,35-44,True,False,False,False,False,False,False,True,False,False,False,False,True,False,False,False,False
28,female,Black,29.58797836303711,1.5879783630371094,25-34,True,False,False,False,True,False,False,False,False,False,False,True,False,False,False,False,False
32,female,Black,31.98545265197754,0.014547348022460938,25-34,True,False,False,False,True,False,False,False,False,False,False,True,False,False,False,False,False
36,male,Indian,40.528385162353516,4.528385162353516,35-44,False,True,False,False,False,True,False,False,False,False,False,False,True,False,False,False,False
9,female,Others,21.657928466796875,12.657928466796875,5-17,True,False,False,False,False,False,True,False,False,True,False,False,False,False,False,False,False
62,male,White,42.71772384643555,19.282276153564453,45-64,False,True,False,False,False,False,False,True,False,False,False,False,False,True,False,False,False
23,male,Asian,25.803524017333984,2.8035240173339844,18-24,False,True,False,True,False,False,False,False,False,False,True,False,False,False,False,False,False
40,male,White,54.81454849243164,14.81454849243164,35-44,False,True,False,False,False,False,False,True,False,False,False,False,True,False,False,False,False
50,male,Asian,35.45294952392578,14.547050476074219,45-64,False,True,False,True,False,False,False,False,False,False,False,False,False,True,False,False,False
73,female,White,57.82862091064453,15.171379089355469,65-84,True,False,False,False,False,False,False,True,False,False,False,False,False,False,True,False,False
26,male,Asian,33.135398864746094,7.135398864746094,25-34,False,True,False,True,False,False,False,False,False,False,False,True,False,False,False,False,False
24,male,Asian,23.16007423400879,0.8399257659912109,18-24,False,True,False,True,False,False,False,False,False,False,True,False,False,False,False,False,False
2,male,White,-0.32489126920700073,2.3248912692070007,0-4,False,True,False,False,False,False,False,True,True,False,False,False,False,False,False,False,False
27,female,Black,29.858613967895508,2.858613967895508,25-34,True,False,False,False,True,False,False,False,False,False,False,True,False,False,False,False,False
40,male,White,49.79170227050781,9.791702270507812,35-44,False,True,False,False,False,False,False,True,False,False,False,False,True,False,False,False,False
1,male,Asian,1.262298345565796,0.2622983455657959,0-4,False,True,False,True,False,False,False,False,True,False,False,False,False,False,False,False,False
45,male,White,25.89719581604004,19.10280418395996,45-64,False,True,False,False,False,False,False,True,False,False,False,False,False,True,False,False,False
18,male,Asian,24.50300407409668,6.50300407409668,18-24,False,True,False,True,False,False,False,False,False,False,True,False,False,False,False,False,False
1,male,Indian,1.1562607288360596,0.15626072883605957,0-4,False,True,False,False,False,True,False,False,True,False,False,False,False,False,False,False,False
23,female,Asian,20.20826530456543,2.7917346954345703,18-24,True,False,False,True,False,False,False,False,False,False,True,False,False,False,False,False,False
30,male,Asian,30.004169464111328,0.004169464111328125,25-34,False,True,False,True,False,False,False,False,False,False,False,True,False,False,False,False,False
4,female,Others,11.091962814331055,7.091962814331055,0-4,True,False,False,False,False,False,True,False,True,False,False,False,False,False,False,False,False
1,female,Black,0.259689062833786,0.740310937166214,0-4,True,False,False,False,True,False,False,False,True,False,False,False,False,False,False,False,False
23,female,White,25.88147735595703,2.8814773559570312,18-24,True,False,False,False,False,False,False,True,False,False,True,False,False,False,False,False,False
24,male,White,29.370758056640625,5.370758056640625,18-24,False,True,False,False,False,False,False,True,False,False,True,False,False,False,False,False,False
18,male,Indian,25.191349029541016,7.191349029541016,18-24,False,True,False,False,False,True,False,False,False,False,True,False,False,False,False,False,False
52,male,Black,41.344451904296875,10.655548095703125,45-64,False,True,False,False,True,False,False,False,False,False,False,False,False,True,False,False,False
35,male,Indian,37.5706901550293,2.570690155029297,35-44,False,True,False,False,False,True,False,False,False,False,False,False,True,False,False,False,False
63,male,White,60.858482360839844,2.1415176391601562,45-64,False,True,False,False,False,False,False,True,False,False,False,False,False,True,False,False,False
38,female,Black,36.21287536621094,1.7871246337890625,35-44,True,False,False,False,True,False,False,False,False,False,False,False,True,False,False,False,False
42,male,White,35.106964111328125,6.893035888671875,35-44,False,True,False,False,False,False,False,True,False,False,False,False,True,False,False,False,False
54,male,White,39.11067199707031,14.889328002929688,45-64,False,True,False,False,False,False,False,True,False,False,False,False,False,True,False,False,False
38,male,Black,36.967430114746094,1.0325698852539062,35-44,False,True,False,False,True,False,False,False,False,False,False,False,True,False,False,False,False
60,male,White,56.11671447753906,3.8832855224609375,45-64,False,True,False,False,False,False,False,True,False,False,False,False,False,True,False,False,False
53,female,Indian,18.531850814819336,34.468149185180664,45-64,True,False,False,False,False,True,False,False,False,False,False,False,False,True,False,False,False
40,male,Indian,34.820274353027344,5.179725646972656,35-44,False,True,False,False,False,True,False,False,False,False,False,False,True,False,False,False,False
27,male,Asian,27.708803176879883,0.7088031768798828,25-34,False,True,False,True,False,False,False,False,False,False,False,True,False,False,False,False,False
34,male,Indian,26.521554946899414,7.478445053100586,25-34,False,True,False,False,False,True,False,False,False,False,False,True,False,False,False,False,False
8,male,White,24.1821231842041,16.1821231842041,5-17,False,True,False,False,False,False,False,True,False,True,False,False,False,False,False,False,False
15,male,Black,31.518129348754883,16.518129348754883,5-17,False,True,False,False,True,False,False,False,False,True,False,False,False,False,False,False,False
4,female,Others,23.839553833007812,19.839553833007812,0-4,True,False,False,False,False,False,True,False,True,False,False,False,False,False,False,False,False
27,male,Indian,29.324552536010742,2.324552536010742,25-34,False,True,False,False,False,True,False,False,False,False,False,True,False,False,False,False,False
36,female,White,28.83005714416504,7.169942855834961,35-44,True,False,False,False,False,False,False,True,False,False,False,False,True,False,False,False,False
75,male,White,55.42113494873047,19.57886505126953,65-84,False,True,False,False,False,False,False,True,False,False,False,False,False,False,True,False,False
52,male,White,47.56126022338867,4.438739776611328,45-64,False,True,False,False,False,False,False,True,False,False,False,False,False,True,False,False,False
100,female,White,85.82259368896484,14.177406311035156,100-119,True,False,False,False,False,False,False,True,False,False,False,False,False,False,False,False,True
40,female,White,49.3845100402832,9.384510040283203,35-44,True,False,False,False,False,False,False,True,False,False,False,False,True,False,False,False,False
26,female,Black,30.395450592041016,4.395450592041016,25-34,True,False,False,False,True,False,False,False,False,False,False,True,False,False,False,False,False
27,female,White,27.16057014465332,0.1605701446533203,25-34,True,False,False,False,False,False,False,True,False,False,False,True,False,False,False,False,False
58,male,White,63.68701171875,5.68701171875,45-64,False,True,False,False,False,False,False,True,False,False,False,False,False,True,False,False,False
40,male,White,37.55089569091797,2.4491043090820312,35-44,False,True,False,False,False,False,False,True,False,False,False,False,True,False,False,False,False
80,male,White,71.18171691894531,8.818283081054688,65-84,False,True,False,False,False,False,False,True,False,False,False,False,False,False,True,False,False
1,male,Indian,1.9460054636001587,0.9460054636001587,0-4,False,True,False,False,False,True,False,False,True,False,False,False,False,False,False,False,False
27,male,Black,25.589935302734375,1.410064697265625,25-34,False,True,False,False,True,False,False,False,False,False,False,True,False,False,False,False,False
59,male,Indian,42.181312561035156,16.818687438964844,45-64,False,True,False,False,False,True,False,False,False,False,False,False,False,True,False,False,False
8,female,White,14.55558967590332,6.55558967590332,5-17,True,False,False,False,False,False,False,True,False,True,False,False,False,False,False,False,False
24,female,Asian,16.903478622436523,7.096521377563477,18-24,True,False,False,True,False,False,False,False,False,False,True,False,False,False,False,False,False
3,female,Asian,0.3447294235229492,2.655270576477051,0-4,True,False,False,True,False,False,False,False,True,False,False,False,False,False,False,False,False
13,male,White,17.37181282043457,4.37181282043457,5-17,False,True,False,False,False,False,False,True,False,True,False,False,False,False,False,False,False
1,female,Asian,3.4301533699035645,2.4301533699035645,0-4,True,False,False,True,False,False,False,False,True,False,False,False,False,False,False,False,False
5,female,Black,3.9620068073272705,1.0379931926727295,5-17,True,False,False,False,True,False,False,False,False,True,False,False,False,False,False,False,False
48,female,White,44.70227813720703,3.2977218627929688,45-64,True,False,False,False,False,False,False,True,False,False,False,False,False,True,False,False,False
24,female,White,24.95017433166504,0.9501743316650391,18-24,True,False,False,False,False,False,False,True,False,False,True,False,False,False,False,False,False
27,female,Indian,22.2883358001709,4.711664199829102,25-34,True,False,False,False,False,True,False,False,False,False,False,True,False,False,False,False,False
30,female,White,31.353517532348633,1.3535175323486328,25-34,True,False,False,False,False,False,False,True,False,False,False,True,False,False,False,False,False
26,female,White,33.58543395996094,7.5854339599609375,25-34,True,False,False,False,False,False,False,True,False,False,False,True,False,False,False,False,False
38,female,White,44.484710693359375,6.484710693359375,35-44,True,False,False,False,False,False,False,True,False,False,False,False,True,False,False,False,False
26,female,Indian,24.9969482421875,1.0030517578125,25-34,True,False,False,False,False,True,False,False,False,False,False,True,False,False,False,False,False
26,female,Others,28.623672485351562,2.6236724853515625,25-34,True,False,False,False,False,False,True,False,False,False,False,True,False,False,False,False,False
22,female,White,20.54034996032715,1.4596500396728516,18-24,True,False,False,False,False,False,False,True,False,False,True,False,False,False,False,False,False
56,female,Indian,37.46931457519531,18.530685424804688,45-64,True,False,False,False,False,True,False,False,False,False,False,False,False,True,False,False,False
48,female,Black,46.94697952270508,1.0530204772949219,45-64,True,False,False,False,True,False,False,False,False,False,False,False,False,True,False,False,False
56,female,White,52.90282440185547,3.0971755981445312,45-64,True,False,False,False,False,False,False,True,False,False,False,False,False,True,False,False,False
40,female,White,50.0897216796875,10.0897216796875,35-44,True,False,False,False,False,False,False,True,False,False,False,False,True,False,False,False,False
28,male,White,25.496206283569336,2.503793716430664,25-34,False,True,False,False,False,False,False,True,False,False,False,True,False,False,False,False,False
85,male,White,77.25994110107422,7.740058898925781,85-99,False,True,False,False,False,False,False,True,False,False,False,False,False,False,False,True,False
21,female,Black,19.79572868347168,1.2042713165283203,18-24,True,False,False,False,True,False,False,False,False,False,True,False,False,False,False,False,False
52,male,White,39.14881134033203,12.851188659667969,45-64,False,True,False,False,False,False,False,True,False,False,False,False,False,True,False,False,False
8,male,White,6.718993186950684,1.2810068130493164,5-17,False,True,False,False,False,False,False,True,False,True,False,False,False,False,False,False,False
33,male,White,40.29390335083008,7.293903350830078,25-34,False,True,False,False,False,False,False,True,False,False,False,True,False,False,False,False,False
54,male,Others,57.33045959472656,3.3304595947265625,45-64,False,True,False,False,False,False,True,False,False,False,False,False,False,True,False,False,False
12,female,Black,29.866365432739258,17.866365432739258,5-17,True,False,False,False,True,False,False,False,False,True,False,False,False,False,False,False,False
1,male,Indian,2.922600269317627,1.922600269317627,0-4,False,True,False,False,False,True,False,False,True,False,False,False,False,False,False,False,False
2,female,Asian,1.5501514673233032,0.4498485326766968,0-4,True,False,False,True,False,False,False,False,True,False,False,False,False,False,False,False,False
20,female,Black,22.866559982299805,2.8665599822998047,18-24,True,False,False,False,True,False,False,False,False,False,True,False,False,False,False,False,False
18,female,White,23.22180938720703,5.221809387207031,18-24,True,False,False,False,False,False,False,True,False,False,True,False,False,False,False,False,False
25,male,Black,25.148080825805664,0.14808082580566406,25-34,False,True,False,False,True,False,False,False,False,False,False,True,False,False,False,False,False
28,male,Black,39.9521598815918,11.952159881591797,25-34,False,True,False,False,True,False,False,False,False,False,False,True,False,False,False,False,False
29,male,Others,31.250612258911133,2.250612258911133,25-34,False,True,False,False,False,False,True,False,False,False,False,True,False,False,False,False,False
55,female,Black,44.064918518066406,10.935081481933594,45-64,True,False,False,False,True,False,False,False,False,False,False,False,False,True,False,False,False
40,male,White,52.469818115234375,12.469818115234375,35-44,False,True,False,False,False,False,False,True,False,False,False,False,True,False,False,False,False
40,male,White,30.55621910095215,9.443780899047852,35-44,False,True,False,False,False,False,False,True,False,False,False,False,True,False,False,False,False
12,male,Others,24.426355361938477,12.426355361938477,5-17,False,True,False,False,False,False,True,False,False,True,False,False,False,False,False,False,False
76,female,White,69.12960052490234,6.870399475097656,65-84,True,False,False,False,False,False,False,True,False,False,False,False,False,False,True,False,False
25,male,Black,24.197757720947266,0.8022422790527344,25-34,False,True,False,False,True,False,False,False,False,False,False,True,False,False,False,False,False
18,male,White,22.434663772583008,4.434663772583008,18-24,False,True,False,False,False,False,False,True,False,False,True,False,False,False,False,False,False
1,female,Others,1.5612233877182007,0.5612233877182007,0-4,True,False,False,False,False,False,True,False,True,False,False,False,False,False,False,False,False
26,male,Indian,32.957393646240234,6.957393646240234,25-34,False,True,False,False,False,True,False,False,False,False,False,True,False,False,False,False,False
23,female,Black,30.966018676757812,7.9660186767578125,18-24,True,False,False,False,True,False,False,False,False,False,True,False,False,False,False,False,False
30,male,Black,34.751007080078125,4.751007080078125,25-34,False,True,False,False,True,False,False,False,False,False,False,True,False,False,False,False,False
58,female,White,64.76982879638672,6.769828796386719,45-64,True,False,False,False,False,False,False,True,False,False,False,False,False,True,False,False,False
75,male,Black,71.69930267333984,3.3006973266601562,65-84,False,True,False,False,True,False,False,False,False,False,False,False,False,False,True,False,False
26,female,Asian,27.04645347595215,1.0464534759521484,25-34,True,False,False,True,False,False,False,False,False,False,False,True,False,False,False,False,False
9,male,White,6.441591739654541,2.558408260345459,5-17,False,True,False,False,False,False,False,True,False,True,False,False,False,False,False,False,False
28,female,Asian,24.912324905395508,3.087675094604492,25-34,True,False,False,True,False,False,False,False,False,False,False,True,False,False,False,False,False
30,female,White,26.67328453063965,3.3267154693603516,25-34,True,False,False,False,False,False,False,True,False,False,False,True,False,False,False,False,False
26,male,White,27.21613311767578,1.2161331176757812,25-34,False,True,False,False,False,False,False,True,False,False,False,True,False,False,False,False,False
67,male,Black,74.13919067382812,7.139190673828125,65-84,False,True,False,False,True,False,False,False,False,False,False,False,False,False,True,False,False
24,female,White,24.145029067993164,0.14502906799316406,18-24,True,False,False,False,False,False,False,True,False,False,True,False,False,False,False,False,False
5,male,Black,14.004828453063965,9.004828453063965,5-17,False,True,False,False,True,False,False,False,False,True,False,False,False,False,False,False,False
45,male,Black,58.70036315917969,13.700363159179688,45-64,False,True,False,False,True,False,False,False,False,False,False,False,False,True,False,False,False
24,female,Asian,30.588125228881836,6.588125228881836,18-24,True,False,False,True,False,False,False,False,False,False,True,False,False,False,False,False,False
32,male,White,26.18080711364746,5.819192886352539,25-34,False,True,False,False,False,False,False,True,False,False,False,True,False,False,False,False,False
30,female,Indian,24.892663955688477,5.107336044311523,25-34,True,False,False,False,False,True,False,False,False,False,False,True,False,False,False,False,False
39,female,White,40.90071105957031,1.9007110595703125,35-44,True,False,False,False,False,False,False,True,False,False,False,False,True,False,False,False,False
26,male,Indian,32.12210464477539,6.122104644775391,25-34,False,True,False,False,False,True,False,False,False,False,False,True,False,False,False,False,False
26,female,White,22.94462776184082,3.0553722381591797,25-34,True,False,False,False,False,False,False,True,False,False,False,True,False,False,False,False,False
2,female,Indian,2.598109006881714,0.5981090068817139,0-4,True,False,False,False,False,True,False,False,True,False,False,False,False,False,False,False,False
17,male,White,28.765108108520508,11.765108108520508,5-17,False,True,False,False,False,False,False,True,False,True,False,False,False,False,False,False,False
27,female,Asian,26.22336769104004,0.7766323089599609,25-34,True,False,False,True,False,False,False,False,False,False,False,True,False,False,False,False,False
27,male,Asian,31.838865280151367,4.838865280151367,25-34,False,True,False,True,False,False,False,False,False,False,False,True,False,False,False,False,False
66,female,White,65.364501953125,0.635498046875,65-84,True,False,False,False,False,False,False,True,False,False,False,False,False,False,True,False,False
32,female,White,39.89703369140625,7.89703369140625,25-34,True,False,False,False,False,False,False,True,False,False,False,True,False,False,False,False,False
15,female,Indian,18.729469299316406,3.7294692993164062,5-17,True,False,False,False,False,True,False,False,False,True,False,False,False,False,False,False,False
82,male,White,80.87046813964844,1.1295318603515625,65-84,False,True,False,False,False,False,False,True,False,False,False,False,False,False,True,False,False
44,male,White,43.89646911621094,0.1035308837890625,35-44,False,True,False,False,False,False,False,True,False,False,False,False,True,False,False,False,False
54,male,White,45.941768646240234,8.058231353759766,45-64,False,True,False,False,False,False,False,True,False,False,False,False,False,True,False,False,False
61,female,White,43.616790771484375,17.383209228515625,45-64,True,False,False,False,False,False,False,True,False,False,False,False,False,True,False,False,False
47,female,Black,27.045568466186523,19.954431533813477,45-64,True,False,False,False,True,False,False,False,False,False,False,False,False,True,False,False,False
18,male,Indian,31.095727920532227,13.095727920532227,18-24,False,True,False,False,False,True,False,False,False,False,True,False,False,False,False,False,False
42,male,White,34.4937744140625,7.5062255859375,35-44,False,True,False,False,False,False,False,True,False,False,False,False,True,False,False,False,False
26,female,Black,22.78544044494629,3.214559555053711,25-34,True,False,False,False,True,False,False,False,False,False,False,True,False,False,False,False,False
80,female,White,65.07457733154297,14.925422668457031,65-84,True,False,False,False,False,False,False,True,False,False,False,False,False,False,True,False,False
30,female,Black,42.585105895996094,12.585105895996094,25-34,True,False,False,False,True,False,False,False,False,False,False,True,False,False,False,False,False
36,female,White,26.776472091674805,9.223527908325195,35-44,True,False,False,False,False,False,False,True,False,False,False,False,True,False,False,False,False
72,male,White,90.48622131347656,18.486221313476562,65-84,False,True,False,False,False,False,False,True,False,False,False,False,False,False,True,False,False
10,male,White,9.571582794189453,0.4284172058105469,5-17,False,True,False,False,False,False,False,True,False,True,False,False,False,False,False,False,False
30,female,White,27.51421356201172,2.4857864379882812,25-34,True,False,False,False,False,False,False,True,False,False,False,True,False,False,False,False,False
26,male,White,29.123123168945312,3.1231231689453125,25-34,False,True,False,False,False,False,False,True,False,False,False,True,False,False,False,False,False
2,female,Others,3.1269819736480713,1.1269819736480713,0-4,True,False,False,False,False,False,True,False,True,False,False,False,False,False,False,False,False
27,female,Asian,13.625959396362305,13.374040603637695,25-34,True,False,False,True,False,False,False,False,False,False,False,True,False,False,False,False,False
64,female,White,48.1600227355957,15.839977264404297,45-64,True,False,False,False,False,False,False,True,False,False,False,False,False,True,False,False,False
28,female,Indian,35.263145446777344,7.263145446777344,25-34,True,False,False,False,False,True,False,False,False,False,False,True,False,False,False,False,False
45,female,Black,30.26164436340332,14.73835563659668,45-64,True,False,False,False,True,False,False,False,False,False,False,False,False,True,False,False,False
58,female,White,46.604408264160156,11.395591735839844,45-64,True,False,False,False,False,False,False,True,False,False,False,False,False,True,False,False,False
21,female,Black,16.401031494140625,4.598968505859375,18-24,True,False,False,False,True,False,False,False,False,False,True,False,False,False,False,False,False
1,female,White,1.5694602727890015,0.5694602727890015,0-4,True,False,False,False,False,False,False,True,True,False,False,False,False,False,False,False,False
29,female,White,20.30499839782715,8.695001602172852,25-34,True,False,False,False,False,False,False,True,False,False,False,True,False,False,False,False,False
25,female,Indian,27.114839553833008,2.114839553833008,25-34,True,False,False,False,False,True,False,False,False,False,False,True,False,False,False,False,False
75,male,White,76.37529754638672,1.3752975463867188,65-84,False,True,False,False,False,False,False,True,False,False,False,False,False,False,True,False,False
38,female,Indian,28.934043884277344,9.065956115722656,35-44,True,False,False,False,False,True,False,False,False,False,False,False,True,False,False,False,False
47,female,White,36.91857147216797,10.081428527832031,45-64,True,False,False,False,False,False,False,True,False,False,False,False,False,True,False,False,False
35,male,Black,39.03239822387695,4.032398223876953,35-44,False,True,False,False,True,False,False,False,False,False,False,False,True,False,False,False,False
27,female,Black,30.4215087890625,3.4215087890625,25-34,True,False,False,False,True,False,False,False,False,False,False,True,False,False,False,False,False
68,female,Indian,74.49471282958984,6.494712829589844,65-84,True,False,False,False,False,True,False,False,False,False,False,False,False,False,True,False,False
3,male,White,5.113569259643555,2.1135692596435547,0-4,False,True,False,False,False,False,False,True,True,False,False,False,False,False,False,False,False
26,female,White,27.945171356201172,1.9451713562011719,25-34,True,False,False,False,False,False,False,True,False,False,False,True,False,False,False,False,False
26,male,Indian,28.259153366088867,2.259153366088867,25-34,False,True,False,False,False,True,False,False,False,False,False,True,False,False,False,False,False
27,male,White,27.339994430541992,0.3399944305419922,25-34,False,True,False,False,False,False,False,True,False,False,False,True,False,False,False,False,False
32,female,Others,21.323976516723633,10.676023483276367,25-34,True,False,False,False,False,False,True,False,False,False,False,True,False,False,False,False,False
35,female,White,21.562192916870117,13.437807083129883,35-44,True,False,False,False,False,False,False,True,False,False,False,False,True,False,False,False,False
42,male,Asian,34.008689880371094,7.991310119628906,35-44,False,True,False,True,False,False,False,False,False,False,False,False,True,False,False,False,False
36,male,Indian,43.90386962890625,7.90386962890625,35-44,False,True,False,False,False,True,False,False,False,False,False,False,True,False,False,False,False
32,female,Others,35.934452056884766,3.9344520568847656,25-34,True,False,False,False,False,False,True,False,False,False,False,True,False,False,False,False,False
22,female,Black,28.45159912109375,6.45159912109375,18-24,True,False,False,False,True,False,False,False,False,False,True,False,False,False,False,False,False
27,female,Asian,28.290605545043945,1.2906055450439453,25-34,True,False,False,True,False,False,False,False,False,False,False,True,False,False,False,False,False
50,male,White,56.30317687988281,6.3031768798828125,45-64,False,True,False,False,False,False,False,True,False,False,False,False,False,True,False,False,False
50,male,White,58.84435272216797,8.844352722167969,45-64,False,True,False,False,False,False,False,True,False,False,False,False,False,True,False,False,False
31,male,White,44.56869125366211,13.56869125366211,25-34,False,True,False,False,False,False,False,True,False,False,False,True,False,False,False,False,False
28,male,White,20.167882919311523,7.832117080688477,25-34,False,True,False,False,False,False,False,True,False,False,False,True,False,False,False,False,False
25,female,Black,23.013071060180664,1.986928939819336,25-34,True,False,False,False,True,False,False,False,False,False,False,True,False,False,False,False,False
70,female,Black,51.79549789428711,18.20450210571289,65-84,True,False,False,False,True,False,False,False,False,False,False,False,False,False,True,False,False
20,female,Others,23.652389526367188,3.6523895263671875,18-24,True,False,False,False,False,False,True,False,False,False,True,False,False,False,False,False,False
47,female,Black,34.93694305419922,12.063056945800781,45-64,True,False,False,False,True,False,False,False,False,False,False,False,False,True,False,False,False
38,female,Black,52.03165817260742,14.031658172607422,35-44,True,False,False,False,True,False,False,False,False,False,False,False,True,False,False,False,False
60,male,White,47.617576599121094,12.382423400878906,45-64,False,True,False,False,False,False,False,True,False,False,False,False,False,True,False,False,False
42,male,Black,54.3438606262207,12.343860626220703,35-44,False,True,False,False,True,False,False,False,False,False,False,False,True,False,False,False,False
31,female,Others,36.692832946777344,5.692832946777344,25-34,True,False,False,False,False,False,True,False,False,False,False,True,False,False,False,False,False
21,female,Asian,19.162370681762695,1.8376293182373047,18-24,True,False,False,True,False,False,False,False,False,False,True,False,False,False,False,False,False
32,male,Indian,42.864383697509766,10.864383697509766,25-34,False,True,False,False,False,True,False,False,False,False,False,True,False,False,False,False,False
45,male,White,35.055763244628906,9.944236755371094,45-64,False,True,False,False,False,False,False,True,False,False,False,False,False,True,False,False,False
45,male,Black,35.4161376953125,9.5838623046875,45-64,False,True,False,False,True,False,False,False,False,False,False,False,False,True,False,False,False
58,male,White,73.66278839111328,15.662788391113281,45-64,False,True,False,False,False,False,False,True,False,False,False,False,False,True,False,False,False
7,female,Indian,11.847728729248047,4.847728729248047,5-17,True,False,False,False,False,True,False,False,False,True,False,False,False,False,False,False,False
1,female,Asian,0.8715069890022278,0.12849301099777222,0-4,True,False,False,True,False,False,False,False,True,False,False,False,False,False,False,False,False
62,male,Asian,58.97231674194336,3.0276832580566406,45-64,False,True,False,True,False,False,False,False,False,False,False,False,False,True,False,False,False
37,female,Indian,29.688459396362305,7.311540603637695,35-44,True,False,False,False,False,True,False,False,False,False,False,False,True,False,False,False,False
45,male,White,52.60797119140625,7.60797119140625,45-64,False,True,False,False,False,False,False,True,False,False,False,False,False,True,False,False,False
4,female,Indian,12.894453048706055,8.894453048706055,0-4,True,False,False,False,False,True,False,False,True,False,False,False,False,False,False,False,False
54,male,Indian,29.5640926361084,24.4359073638916,45-64,False,True,False,False,False,True,False,False,False,False,False,False,False,True,False,False,False
68,female,White,61.46205139160156,6.5379486083984375,65-84,True,False,False,False,False,False,False,True,False,False,False,False,False,False,True,False,False
35,male,Black,28.323354721069336,6.676645278930664,35-44,False,True,False,False,True,False,False,False,False,False,False,False,True,False,False,False,False
56,male,Indian,59.39667892456055,3.396678924560547,45-64,False,True,False,False,False,True,False,False,False,False,False,False,False,True,False,False,False
27,female,White,27.18230628967285,0.18230628967285156,25-34,True,False,False,False,False,False,False,True,False,False,False,True,False,False,False,False,False
39,male,Indian,36.722679138183594,2.2773208618164062,35-44,False,True,False,False,False,True,False,False,False,False,False,False,True,False,False,False,False
42,male,White,52.42896270751953,10.428962707519531,35-44,False,True,False,False,False,False,False,True,False,False,False,False,True,False,False,False,False
26,female,Black,24.014978408813477,1.9850215911865234,25-34,True,False,False,False,True,False,False,False,False,False,False,True,False,False,False,False,False
32,male,White,38.58940887451172,6.589408874511719,25-34,False,True,False,False,False,False,False,True,False,False,False,True,False,False,False,False,False
26,male,Others,28.516151428222656,2.5161514282226562,25-34,False,True,False,False,False,False,True,False,False,False,False,True,False,False,False,False,False
26,female,White,26.157075881958008,0.1570758819580078,25-34,True,False,False,False,False,False,False,True,False,False,False,True,False,False,False,False,False
18,female,White,15.095931053161621,2.904068946838379,18-24,True,False,False,False,False,False,False,True,False,False,True,False,False,False,False,False,False
88,female,White,76.90486907958984,11.095130920410156,85-99,True,False,False,False,False,False,False,True,False,False,False,False,False,False,False,True,False
27,female,Black,26.163236618041992,0.8367633819580078,25-34,True,False,False,False,True,False,False,False,False,False,False,True,False,False,False,False,False
35,male,Indian,34.58905792236328,0.41094207763671875,35-44,False,True,False,False,False,True,False,False,False,False,False,False,True,False,False,False,False
30,male,White,23.45452308654785,6.545476913452148,25-34,False,True,False,False,False,False,False,True,False,False,False,True,False,False,False,False,False
9,female,Black,26.00908851623535,17.00908851623535,5-17,True,False,False,False,True,False,False,False,False,True,False,False,False,False,False,False,False
32,male,Asian,31.692541122436523,0.30745887756347656,25-34,False,True,False,True,False,False,False,False,False,False,False,True,False,False,False,False,False
74,male,White,52.134578704833984,21.865421295166016,65-84,False,True,False,False,False,False,False,True,False,False,False,False,False,False,True,False,False
25,female,Black,20.103181838989258,4.896818161010742,25-34,True,False,False,False,True,False,False,False,False,False,False,True,False,False,False,False,False
100,female,Asian,87.03388977050781,12.966110229492188,100-119,True,False,False,True,False,False,False,False,False,False,False,False,False,False,False,False,True
15,female,White,15.912223815917969,0.9122238159179688,5-17,True,False,False,False,False,False,False,True,False,True,False,False,False,False,False,False,False
55,male,Black,50.66468048095703,4.335319519042969,45-64,False,True,False,False,True,False,False,False,False,False,False,False,False,True,False,False,False
36,female,White,50.20556640625,14.20556640625,35-44,True,False,False,False,False,False,False,True,False,False,False,False,True,False,False,False,False
80,male,White,50.60052490234375,29.39947509765625,65-84,False,True,False,False,False,False,False,True,False,False,False,False,False,False,True,False,False
80,female,White,63.4063606262207,16.593639373779297,65-84,True,False,False,False,False,False,False,True,False,False,False,False,False,False,True,False,False
68,male,White,52.167198181152344,15.832801818847656,65-84,False,True,False,False,False,False,False,True,False,False,False,False,False,False,True,False,False
40,female,White,27.441381454467773,12.558618545532227,35-44,True,False,False,False,False,False,False,True,False,False,False,False,True,False,False,False,False
7,male,White,15.603630065917969,8.603630065917969,5-17,False,True,False,False,False,False,False,True,False,True,False,False,False,False,False,False,False
72,female,White,57.286190032958984,14.713809967041016,65-84,True,False,False,False,False,False,False,True,False,False,False,False,False,False,True,False,False
14,female,White,20.27937126159668,6.27937126159668,5-17,True,False,False,False,False,False,False,True,False,True,False,False,False,False,False,False,False
41,female,Black,23.44904899597168,17.55095100402832,35-44,True,False,False,False,True,False,False,False,False,False,False,False,True,False,False,False,False
31,female,Indian,35.26836013793945,4.268360137939453,25-34,True,False,False,False,False,True,False,False,False,False,False,True,False,False,False,False,False
2,female,Black,2.3787307739257812,0.37873077392578125,0-4,True,False,False,False,True,False,False,False,True,False,False,False,False,False,False,False,False
1,male,Asian,0.6955061554908752,0.30449384450912476,0-4,False,True,False,True,False,False,False,False,True,False,False,False,False,False,False,False,False
45,male,White,40.90223693847656,4.0977630615234375,45-64,False,True,False,False,False,False,False,True,False,False,False,False,False,True,False,False,False
24,female,Asian,24.07529640197754,0.07529640197753906,18-24,True,False,False,True,False,False,False,False,False,False,True,False,False,False,False,False,False
55,male,White,77.60607147216797,22.60607147216797,45-64,False,True,False,False,False,False,False,True,False,False,False,False,False,True,False,False,False
26,male,Black,22.82041358947754,3.179586410522461,25-34,False,True,False,False,True,False,False,False,False,False,False,True,False,False,False,False,False
25,female,White,21.98518180847168,3.0148181915283203,25-34,True,False,False,False,False,False,False,True,False,False,False,True,False,False,False,False,False
1,female,Indian,4.01115608215332,3.0111560821533203,0-4,True,False,False,False,False,True,False,False,True,False,False,False,False,False,False,False,False
7,female,Others,8.298789024353027,1.2987890243530273,5-17,True,False,False,False,False,False,True,False,False,True,False,False,False,False,False,False,False
116,female,White,81.7355728149414,34.264427185058594,100-119,True,False,False,False,False,False,False,True,False,False,False,False,False,False,False,False,True
60,female,White,54.04750061035156,5.9524993896484375,45-64,True,False,False,False,False,False,False,True,False,False,False,False,False,True,False,False,False
55,male,White,64.66868591308594,9.668685913085938,45-64,False,True,False,False,False,False,False,True,False,False,False,False,False,True,False,False,False
1,female,Indian,1.6184808015823364,0.6184808015823364,0-4,True,False,False,False,False,True,False,False,True,False,False,False,False,False,False,False,False
31,male,Indian,34.789329528808594,3.7893295288085938,25-34,False,True,False,False,False,True,False,False,False,False,False,True,False,False,False,False,False
54,male,Indian,43.636173248291016,10.363826751708984,45-64,False,True,False,False,False,True,False,False,False,False,False,False,False,True,False,False,False
40,female,Black,28.525760650634766,11.474239349365234,35-44,True,False,False,False,True,False,False,False,False,False,False,False,True,False,False,False,False
69,female,White,58.75493240356445,10.245067596435547,65-84,True,False,False,False,False,False,False,True,False,False,False,False,False,False,True,False,False
51,male,White,49.515830993652344,1.4841690063476562,45-64,False,True,False,False,False,False,False,True,False,False,False,False,False,True,False,False,False
24,female,White,22.600393295288086,1.399606704711914,18-24,True,False,False,False,False,False,False,True,False,False,True,False,False,False,False,False,False
85,female,White,67.47222137451172,17.52777862548828,85-99,True,False,False,False,False,False,False,True,False,False,False,False,False,False,False,True,False
26,male,Indian,25.04573631286621,0.9542636871337891,25-34,False,True,False,False,False,True,False,False,False,False,False,True,False,False,False,False,False
3,female,White,3.60625958442688,0.6062595844268799,0-4,True,False,False,False,False,False,False,True,True,False,False,False,False,False,False,False,False
61,male,White,61.059207916259766,0.059207916259765625,45-64,False,True,False,False,False,False,False,True,False,False,False,False,False,True,False,False,False
35,female,Asian,31.72987937927246,3.270120620727539,35-44,True,False,False,True,False,False,False,False,False,False,False,False,True,False,False,False,False
50,female,Black,51.90022277832031,1.9002227783203125,45-64,True,False,False,False,True,False,False,False,False,False,False,False,False,True,False,False,False
45,female,White,41.26082229614258,3.739177703857422,45-64,True,False,False,False,False,False,False,True,False,False,False,False,False,True,False,False,False
7,female,Indian,22.65554428100586,15.65554428100586,5-17,True,False,False,False,False,True,False,False,False,True,False,False,False,False,False,False,False
66,female,White,69.88636016845703,3.8863601684570312,65-84,True,False,False,False,False,False,False,True,False,False,False,False,False,False,True,False,False
42,female,Indian,36.638343811035156,5.361656188964844,35-44,True,False,False,False,False,True,False,False,False,False,False,False,True,False,False,False,False
24,male,Black,22.753019332885742,1.2469806671142578,18-24,False,True,False,False,True,False,False,False,False,False,True,False,False,False,False,False,False
18,female,White,21.98697853088379,3.986978530883789,18-24,True,False,False,False,False,False,False,True,False,False,True,False,False,False,False,False,False
71,male,White,71.26831817626953,0.26831817626953125,65-84,False,True,False,False,False,False,False,True,False,False,False,False,False,False,True,False,False
2,female,Indian,3.049459934234619,1.0494599342346191,0-4,True,False,False,False,False,True,False,False,True,False,False,False,False,False,False,False,False
46,female,White,42.03614807128906,3.9638519287109375,45-64,True,False,False,False,False,False,False,True,False,False,False,False,False,True,False,False,False
15,male,Others,21.05673599243164,6.056735992431641,5-17,False,True,False,False,False,False,True,False,False,True,False,False,False,False,False,False,False
35,female,White,39.50617218017578,4.506172180175781,35-44,True,False,False,False,False,False,False,True,False,False,False,False,True,False,False,False,False
46,male,Indian,42.86793518066406,3.1320648193359375,45-64,False,True,False,False,False,True,False,False,False,False,False,False,False,True,False,False,False
24,female,White,24.69967269897461,0.6996726989746094,18-24,True,False,False,False,False,False,False,True,False,False,True,False,False,False,False,False,False
35,male,White,24.765947341918945,10.234052658081055,35-44,False,True,False,False,False,False,False,True,False,False,False,False,True,False,False,False,False
3,male,White,1.8619688749313354,1.1380311250686646,0-4,False,True,False,False,False,False,False,True,True,False,False,False,False,False,False,False,False
36,female,White,37.25231170654297,1.2523117065429688,35-44,True,False,False,False,False,False,False,True,False,False,False,False,True,False,False,False,False
71,male,Black,47.36797332763672,23.63202667236328,65-84,False,True,False,False,True,False,False,False,False,False,False,False,False,False,True,False,False
28,female,Indian,29.949026107788086,1.949026107788086,25-34,True,False,False,False,False,True,False,False,False,False,False,True,False,False,False,False,False
27,male,White,34.9581298828125,7.9581298828125,25-34,False,True,False,False,False,False,False,True,False,False,False,True,False,False,False,False,False
46,male,Black,55.74481964111328,9.744819641113281,45-64,False,True,False,False,True,False,False,False,False,False,False,False,False,True,False,False,False
1,female,Others,-0.17690441012382507,1.176904410123825,0-4,True,False,False,False,False,False,True,False,True,False,False,False,False,False,False,False,False
26,male,Black,24.830066680908203,1.1699333190917969,25-34,False,True,False,False,True,False,False,False,False,False,False,True,False,False,False,False,False
35,male,White,33.52435302734375,1.47564697265625,35-44,False,True,False,False,False,False,False,True,False,False,False,False,True,False,False,False,False
1,male,White,0.13130638003349304,0.868693619966507,0-4,False,True,False,False,False,False,False,True,True,False,False,False,False,False,False,False,False
6,female,White,5.758136749267578,0.24186325073242188,5-17,True,False,False,False,False,False,False,True,False,True,False,False,False,False,False,False,False
3,female,Others,2.529564142227173,0.47043585777282715,0-4,True,False,False,False,False,False,True,False,True,False,False,False,False,False,False,False,False
2,female,Indian,1.8309822082519531,0.16901779174804688,0-4,True,False,False,False,False,True,False,False,True,False,False,False,False,False,False,False,False
22,female,Asian,21.477733612060547,0.5222663879394531,18-24,True,False,False,True,False,False,False,False,False,False,True,False,False,False,False,False,False
26,male,Asian,24.03196144104004,1.968038558959961,25-34,False,True,False,True,False,False,False,False,False,False,False,True,False,False,False,False,False
16,female,Black,29.054574966430664,13.054574966430664,5-17,True,False,False,False,True,False,False,False,False,True,False,False,False,False,False,False,False
5,male,Asian,13.996856689453125,8.996856689453125,5-17,False,True,False,True,False,False,False,False,False,True,False,False,False,False,False,False,False
30,female,White,33.02471160888672,3.0247116088867188,25-34,True,False,False,False,False,False,False,True,False,False,False,True,False,False,False,False,False
24,male,Asian,21.013349533081055,2.9866504669189453,18-24,False,True,False,True,False,False,False,False,False,False,True,False,False,False,False,False,False
45,female,White,40.74205017089844,4.2579498291015625,45-64,True,False,False,False,False,False,False,True,False,False,False,False,False,True,False,False,False
2,male,Indian,2.7957777976989746,0.7957777976989746,0-4,False,True,False,False,False,True,False,False,True,False,False,False,False,False,False,False,False
3,female,Others,1.476878046989441,1.523121953010559,0-4,True,False,False,False,False,False,True,False,True,False,False,False,False,False,False,False,False
35,male,White,28.854036331176758,6.145963668823242,35-44,False,True,False,False,False,False,False,True,False,False,False,False,True,False,False,False,False
14,female,White,27.753442764282227,13.753442764282227,5-17,True,False,False,False,False,False,False,True,False,True,False,False,False,False,False,False,False
28,female,Asian,22.472867965698242,5.527132034301758,25-34,True,False,False,True,False,False,False,False,False,False,False,True,False,False,False,False,False
25,male,White,26.58160972595215,1.5816097259521484,25-34,False,True,False,False,False,False,False,True,False,False,False,True,False,False,False,False,False
2,female,White,1.82322359085083,0.17677640914916992,0-4,True,False,False,False,False,False,False,True,True,False,False,False,False,False,False,False,False
78,male,Black,62.95903778076172,15.040962219238281,65-84,False,True,False,False,True,False,False,False,False,False,False,False,False,False,True,False,False
23,male,Indian,33.253902435302734,10.253902435302734,18-24,False,True,False,False,False,True,False,False,False,False,True,False,False,False,False,False,False
85,male,White,61.29722595214844,23.702774047851562,85-99,False,True,False,False,False,False,False,True,False,False,False,False,False,False,False,True,False
32,male,Black,34.26628875732422,2.2662887573242188,25-34,False,True,False,False,True,False,False,False,False,False,False,True,False,False,False,False,False
26,female,Indian,28.40834617614746,2.408346176147461,25-34,True,False,False,False,False,True,False,False,False,False,False,True,False,False,False,False,False
2,male,Others,2.498079776763916,0.498079776763916,0-4,False,True,False,False,False,False,True,False,True,False,False,False,False,False,False,False,False
10,male,White,20.090476989746094,10.090476989746094,5-17,False,True,False,False,False,False,False,True,False,True,False,False,False,False,False,False,False
59,male,White,60.41901397705078,1.4190139770507812,45-64,False,True,False,False,False,False,False,True,False,False,False,False,False,True,False,False,False
26,male,White,25.53583335876465,0.46416664123535156,25-34,False,True,False,False,False,False,False,True,False,False,False,True,False,False,False,False,False
29,female,Asian,25.824995040893555,3.1750049591064453,25-34,True,False,False,True,False,False,False,False,False,False,False,True,False,False,False,False,False
15,male,White,21.702207565307617,6.702207565307617,5-17,False,True,False,False,False,False,False,True,False,True,False,False,False,False,False,False,False
6,female,White,19.71107292175293,13.71107292175293,5-17,True,False,False,False,False,False,False,True,False,True,False,False,False,False,False,False,False
25,male,White,20.308481216430664,4.691518783569336,25-34,False,True,False,False,False,False,False,True,False,False,False,True,False,False,False,False,False
25,female,Asian,23.94493293762207,1.0550670623779297,25-34,True,False,False,True,False,False,False,False,False,False,False,True,False,False,False,False,False
47,male,White,61.78669357299805,14.786693572998047,45-64,False,True,False,False,False,False,False,True,False,False,False,False,False,True,False,False,False
9,male,White,5.99930477142334,3.00069522857666,5-17,False,True,False,False,False,False,False,True,False,True,False,False,False,False,False,False,False
55,male,Black,59.87232208251953,4.872322082519531,45-64,False,True,False,False,True,False,False,False,False,False,False,False,False,True,False,False,False
35,male,White,26.705244064331055,8.294755935668945,35-44,False,True,False,False,False,False,False,True,False,False,False,False,True,False,False,False,False
39,female,Indian,34.5173454284668,4.482654571533203,35-44,True,False,False,False,False,True,False,False,False,False,False,False,True,False,False,False,False
1,female,White,-0.07257181406021118,1.0725718140602112,0-4,True,False,False,False,False,False,False,True,True,False,False,False,False,False,False,False,False
32,male,Black,26.79857063293457,5.20142936706543,25-34,False,True,False,False,True,False,False,False,False,False,False,True,False,False,False,False,False
26,male,Black,23.655012130737305,2.3449878692626953,25-34,False,True,False,False,True,False,False,False,False,False,False,True,False,False,False,False,False
1,female,Others,2.3894600868225098,1.3894600868225098,0-4,True,False,False,False,False,False,True,False,True,False,False,False,False,False,False,False,False
10,female,White,11.508853912353516,1.5088539123535156,5-17,True,False,False,False,False,False,False,True,False,True,False,False,False,False,False,False,False
65,male,White,73.58905792236328,8.589057922363281,65-84,False,True,False,False,False,False,False,True,False,False,False,False,False,False,True,False,False
30,female,White,25.206201553344727,4.793798446655273,25-34,True,False,False,False,False,False,False,True,False,False,False,True,False,False,False,False,False
27,male,Black,24.704336166381836,2.295663833618164,25-34,False,True,False,False,True,False,False,False,False,False,False,True,False,False,False,False,False
4,female,Black,5.190876007080078,1.1908760070800781,0-4,True,False,False,False,True,False,False,False,True,False,False,False,False,False,False,False,False
24,female,Others,25.93633460998535,1.9363346099853516,18-24,True,False,False,False,False,False,True,False,False,False,True,False,False,False,False,False,False
30,male,White,31.2274227142334,1.2274227142333984,25-34,False,True,False,False,False,False,False,True,False,False,False,True,False,False,False,False,False
45,male,Indian,32.805564880371094,12.194435119628906,45-64,False,True,False,False,False,True,False,False,False,False,False,False,False,True,False,False,False
60,male,Asian,54.221126556396484,5.778873443603516,45-64,False,True,False,True,False,False,False,False,False,False,False,False,False,True,False,False,False
58,male,White,64.39215850830078,6.392158508300781,45-64,False,True,False,False,False,False,False,True,False,False,False,False,False,True,False,False,False
26,male,Black,27.828088760375977,1.8280887603759766,25-34,False,True,False,False,True,False,False,False,False,False,False,True,False,False,False,False,False
52,male,Black,56.41462707519531,4.4146270751953125,45-64,False,True,False,False,True,False,False,False,False,False,False,False,False,True,False,False,False
2,male,Indian,1.043831467628479,0.956168532371521,0-4,False,True,False,False,False,True,False,False,True,False,False,False,False,False,False,False,False
35,male,White,45.51008224487305,10.510082244873047,35-44,False,True,False,False,False,False,False,True,False,False,False,False,True,False,False,False,False
1,female,Asian,0.6224295496940613,0.3775704503059387,0-4,True,False,False,True,False,False,False,False,True,False,False,False,False,False,False,False,False
29,female,Asian,28.453550338745117,0.5464496612548828,25-34,True,False,False,True,False,False,False,False,False,False,False,True,False,False,False,False,False
1,male,White,0.8190523386001587,0.1809476613998413,0-4,False,True,False,False,False,False,False,True,True,False,False,False,False,False,False,False,False
25,male,Indian,36.26300811767578,11.263008117675781,25-34,False,True,False,False,False,True,False,False,False,False,False,True,False,False,False,False,False
23,female,White,32.21955108642578,9.219551086425781,18-24,True,False,False,False,False,False,False,True,False,False,True,False,False,False,False,False,False
46,female,White,32.70519256591797,13.294807434082031,45-64,True,False,False,False,False,False,False,True,False,False,False,False,False,True,False,False,False
1,female,White,-1.4171384572982788,2.417138457298279,0-4,True,False,False,False,False,False,False,True,True,False,False,False,False,False,False,False,False
60,male,White,69.84349822998047,9.843498229980469,45-64,False,True,False,False,False,False,False,True,False,False,False,False,False,True,False,False,False
9,male,White,8.044389724731445,0.9556102752685547,5-17,False,True,False,False,False,False,False,True,False,True,False,False,False,False,False,False,False
32,female,Others,29.378408432006836,2.621591567993164,25-34,True,False,False,False,False,False,True,False,False,False,False,True,False,False,False,False,False
30,female,Others,39.27560043334961,9.27560043334961,25-34,True,False,False,False,False,False,True,False,False,False,False,True,False,False,False,False,False
1,male,Asian,0.7108051180839539,0.28919488191604614,0-4,False,True,False,True,False,False,False,False,True,False,False,False,False,False,False,False,False
24,female,Indian,22.897363662719727,1.1026363372802734,18-24,True,False,False,False,False,True,False,False,False,False,True,False,False,False,False,False,False
62,female,Indian,46.970394134521484,15.029605865478516,45-64,True,False,False,False,False,True,False,False,False,False,False,False,False,True,False,False,False
24,female,Asian,28.654634475708008,4.654634475708008,18-24,True,False,False,True,False,False,False,False,False,False,True,False,False,False,False,False,False
42,male,White,28.427343368530273,13.572656631469727,35-44,False,True,False,False,False,False,False,True,False,False,False,False,True,False,False,False,False
14,female,White,5.420172214508057,8.579827785491943,5-17,True,False,False,False,False,False,False,True,False,True,False,False,False,False,False,False,False
1,male,Asian,2.4032034873962402,1.4032034873962402,0-4,False,True,False,True,False,False,False,False,True,False,False,False,False,False,False,False,False
1,male,Asian,2.3997802734375,1.3997802734375,0-4,False,True,False,True,False,False,False,False,True,False,False,False,False,False,False,False,False
34,male,White,32.332881927490234,1.6671180725097656,25-34,False,True,False,False,False,False,False,True,False,False,False,True,False,False,False,False,False
46,female,Asian,30.374719619750977,15.625280380249023,45-64,True,False,False,True,False,False,False,False,False,False,False,False,False,True,False,False,False
21,male,Black,33.41596984863281,12.415969848632812,18-24,False,True,False,False,True,False,False,False,False,False,True,False,False,False,False,False,False
30,male,Asian,26.184629440307617,3.815370559692383,25-34,False,True,False,True,False,False,False,False,False,False,False,True,False,False,False,False,False
72,male,Black,55.550140380859375,16.449859619140625,65-84,False,True,False,False,True,False,False,False,False,False,False,False,False,False,True,False,False
31,male,Indian,41.74853515625,10.74853515625,25-34,False,True,False,False,False,True,False,False,False,False,False,True,False,False,False,False,False
1,female,Asian,-0.41704118251800537,1.4170411825180054,0-4,True,False,False,True,False,False,False,False,True,False,False,False,False,False,False,False,False
52,male,White,44.48956298828125,7.51043701171875,45-64,False,True,False,False,False,False,False,True,False,False,False,False,False,True,False,False,False
27,male,Others,31.1533260345459,4.153326034545898,25-34,False,True,False,False,False,False,True,False,False,False,False,True,False,False,False,False,False
71,female,White,72.90921783447266,1.9092178344726562,65-84,True,False,False,False,False,False,False,True,False,False,False,False,False,False,True,False,False
27,female,Others,25.39350700378418,1.6064929962158203,25-34,True,False,False,False,False,False,True,False,False,False,False,True,False,False,False,False,False
9,female,White,12.372112274169922,3.372112274169922,5-17,True,False,False,False,False,False,False,True,False,True,False,False,False,False,False,False,False
5,female,Asian,2.5538716316223145,2.4461283683776855,5-17,True,False,False,True,False,False,False,False,False,True,False,False,False,False,False,False,False
50,male,Indian,48.49330139160156,1.5066986083984375,45-64,False,True,False,False,False,True,False,False,False,False,False,False,False,True,False,False,False
24,male,White,24.071107864379883,0.07110786437988281,18-24,False,True,False,False,False,False,False,True,False,False,True,False,False,False,False,False,False
80,female,White,60.395233154296875,19.604766845703125,65-84,True,False,False,False,False,False,False,True,False,False,False,False,False,False,True,False,False
26,female,Others,27.93570899963379,1.935708999633789,25-34,True,False,False,False,False,False,True,False,False,False,False,True,False,False,False,False,False
36,male,White,43.55154037475586,7.551540374755859,35-44,False,True,False,False,False,False,False,True,False,False,False,False,True,False,False,False,False
16,male,White,11.4031982421875,4.5968017578125,5-17,False,True,False,False,False,False,False,True,False,True,False,False,False,False,False,False,False
43,male,White,48.74494171142578,5.744941711425781,35-44,False,True,False,False,False,False,False,True,False,False,False,False,True,False,False,False,False
62,female,White,54.9053840637207,7.094615936279297,45-64,True,False,False,False,False,False,False,True,False,False,False,False,False,True,False,False,False
2,female,Indian,3.8258931636810303,1.8258931636810303,0-4,True,False,False,False,False,True,False,False,True,False,False,False,False,False,False,False,False
32,female,White,27.937196731567383,4.062803268432617,25-34,True,False,False,False,False,False,False,True,False,False,False,True,False,False,False,False,False
28,male,Black,40.5897102355957,12.589710235595703,25-34,False,True,False,False,True,False,False,False,False,False,False,True,False,False,False,False,False
85,female,White,72.63111877441406,12.368881225585938,85-99,True,False,False,False,False,False,False,True,False,False,False,False,False,False,False,True,False
72,male,Indian,53.591739654541016,18.408260345458984,65-84,False,True,False,False,False,True,False,False,False,False,False,False,False,False,True,False,False
22,female,White,28.324928283691406,6.324928283691406,18-24,True,False,False,False,False,False,False,True,False,False,True,False,False,False,False,False,False
26,male,White,31.796939849853516,5.796939849853516,25-34,False,True,False,False,False,False,False,True,False,False,False,True,False,False,False,False,False
36,male,Indian,43.50786209106445,7.507862091064453,35-44,False,True,False,False,False,True,False,False,False,False,False,False,True,False,False,False,False
25,female,White,24.48635482788086,0.5136451721191406,25-34,True,False,False,False,False,False,False,True,False,False,False,True,False,False,False,False,False
45,male,White,32.266845703125,12.733154296875,45-64,False,True,False,False,False,False,False,True,False,False,False,False,False,True,False,False,False
32,female,White,29.103073120117188,2.8969268798828125,25-34,True,False,False,False,False,False,False,True,False,False,False,True,False,False,False,False,False
25,male,White,24.20566177368164,0.7943382263183594,25-34,False,True,False,False,False,False,False,True,False,False,False,True,False,False,False,False,False
36,male,Indian,44.447044372558594,8.447044372558594,35-44,False,True,False,False,False,True,False,False,False,False,False,False,True,False,False,False,False
25,male,White,22.488412857055664,2.511587142944336,25-34,False,True,False,False,False,False,False,True,False,False,False,True,False,False,False,False,False
28,male,Black,23.926454544067383,4.073545455932617,25-34,False,True,False,False,True,False,False,False,False,False,False,True,False,False,False,False,False
60,male,White,54.07300567626953,5.926994323730469,45-64,False,True,False,False,False,False,False,True,False,False,False,False,False,True,False,False,False
45,female,White,52.694942474365234,7.694942474365234,45-64,True,False,False,False,False,False,False,True,False,False,False,False,False,True,False,False,False
58,male,White,28.351179122924805,29.648820877075195,45-64,False,True,False,False,False,False,False,True,False,False,False,False,False,True,False,False,False
45,male,Indian,26.69266128540039,18.30733871459961,45-64,False,True,False,False,False,True,False,False,False,False,False,False,False,True,False,False,False
25,male,Black,22.831811904907227,2.1681880950927734,25-34,False,True,False,False,True,False,False,False,False,False,False,True,False,False,False,False,False
64,female,White,55.1495246887207,8.850475311279297,45-64,True,False,False,False,False,False,False,True,False,False,False,False,False,True,False,False,False
28,female,White,26.044103622436523,1.9558963775634766,25-34,True,False,False,False,False,False,False,True,False,False,False,True,False,False,False,False,False
27,male,White,26.64798355102539,0.3520164489746094,25-34,False,True,False,False,False,False,False,True,False,False,False,True,False,False,False,False,False
13,female,White,8.32341194152832,4.67658805847168,5-17,True,False,False,False,False,False,False,True,False,True,False,False,False,False,False,False,False
29,female,Asian,29.061717987060547,0.061717987060546875,25-34,True,False,False,True,False,False,False,False,False,False,False,True,False,False,False,False,False
39,female,White,52.99692153930664,13.99692153930664,35-44,True,False,False,False,False,False,False,True,False,False,False,False,True,False,False,False,False
46,male,White,46.309478759765625,0.309478759765625,45-64,False,True,False,False,False,False,False,True,False,False,False,False,False,True,False,False,False
20,female,Others,18.98729133605957,1.0127086639404297,18-24,True,False,False,False,False,False,True,False,False,False,True,False,False,False,False,False,False
45,female,White,30.809114456176758,14.190885543823242,45-64,True,False,False,False,False,False,False,True,False,False,False,False,False,True,False,False,False
28,female,Asian,26.364492416381836,1.635507583618164,25-34,True,False,False,True,False,False,False,False,False,False,False,True,False,False,False,False,False
63,male,White,61.598548889160156,1.4014511108398438,45-64,False,True,False,False,False,False,False,True,False,False,False,False,False,True,False,False,False
50,male,White,36.63322448730469,13.366775512695312,45-64,False,True,False,False,False,False,False,True,False,False,False,False,False,True,False,False,False
54,female,White,25.12434959411621,28.87565040588379,45-64,True,False,False,False,False,False,False,True,False,False,False,False,False,True,False,False,False
24,female,Indian,24.42694854736328,0.42694854736328125,18-24,True,False,False,False,False,True,False,False,False,False,True,False,False,False,False,False,False
77,female,White,70.94047546386719,6.0595245361328125,65-84,True,False,False,False,False,False,False,True,False,False,False,False,False,False,True,False,False
1,male,Indian,1.9456855058670044,0.9456855058670044,0-4,False,True,False,False,False,True,False,False,True,False,False,False,False,False,False,False,False
54,male,Indian,33.581153869628906,20.418846130371094,45-64,False,True,False,False,False,True,False,False,False,False,False,False,False,True,False,False,False
80,male,Asian,63.40757751464844,16.592422485351562,65-84,False,True,False,True,False,False,False,False,False,False,False,False,False,False,True,False,False
26,female,Others,34.14702606201172,8.147026062011719,25-34,True,False,False,False,False,False,True,False,False,False,False,True,False,False,False,False,False
4,female,Indian,13.97561264038086,9.97561264038086,0-4,True,False,False,False,False,True,False,False,True,False,False,False,False,False,False,False,False
28,female,White,25.431163787841797,2.568836212158203,25-34,True,False,False,False,False,False,False,True,False,False,False,True,False,False,False,False,False
32,female,Black,38.00996017456055,6.009960174560547,25-34,True,False,False,False,True,False,False,False,False,False,False,True,False,False,False,False,False
40,male,Indian,41.992393493652344,1.9923934936523438,35-44,False,True,False,False,False,True,False,False,False,False,False,False,True,False,False,False,False
31,male,White,45.175594329833984,14.175594329833984,25-34,False,True,False,False,False,False,False,True,False,False,False,True,False,False,False,False,False
12,female,Indian,21.576112747192383,9.576112747192383,5-17,True,False,False,False,False,True,False,False,False,True,False,False,False,False,False,False,False
34,male,Asian,31.75755500793457,2.2424449920654297,25-34,False,True,False,True,False,False,False,False,False,False,False,True,False,False,False,False,False
29,female,Black,30.71001434326172,1.7100143432617188,25-34,True,False,False,False,True,False,False,False,False,False,False,True,False,False,False,False,False
25,female,White,28.1364688873291,3.1364688873291016,25-34,True,False,False,False,False,False,False,True,False,False,False,True,False,False,False,False,False
75,female,White,58.795989990234375,16.204010009765625,65-84,True,False,False,False,False,False,False,True,False,False,False,False,False,False,True,False,False
31,male,White,45.08287811279297,14.082878112792969,25-34,False,True,False,False,False,False,False,True,False,False,False,True,False,False,False,False,False
85,female,White,70.91033172607422,14.089668273925781,85-99,True,False,False,False,False,False,False,True,False,False,False,False,False,False,False,True,False
36,male,Indian,48.47901153564453,12.479011535644531,35-44,False,True,False,False,False,True,False,False,False,False,False,False,True,False,False,False,False
42,male,Black,37.41901397705078,4.580986022949219,35-44,False,True,False,False,True,False,False,False,False,False,False,False,True,False,False,False,False
26,female,Indian,24.884662628173828,1.1153373718261719,25-34,True,False,False,False,False,True,False,False,False,False,False,True,False,False,False,False,False
60,female,White,63.09075927734375,3.09075927734375,45-64,True,False,False,False,False,False,False,True,False,False,False,False,False,True,False,False,False
40,female,White,46.15178298950195,6.151782989501953,35-44,True,False,False,False,False,False,False,True,False,False,False,False,True,False,False,False,False
28,male,Others,27.681169509887695,0.3188304901123047,25-34,False,True,False,False,False,False,True,False,False,False,False,True,False,False,False,False,False
27,male,White,26.395889282226562,0.6041107177734375,25-34,False,True,False,False,False,False,False,True,False,False,False,True,False,False,False,False,False
17,female,White,2.2332115173339844,14.766788482666016,5-17,True,False,False,False,False,False,False,True,False,True,False,False,False,False,False,False,False
3,male,Indian,3.6670494079589844,0.6670494079589844,0-4,False,True,False,False,False,True,False,False,True,False,False,False,False,False,False,False,False
29,male,Black,32.79041290283203,3.7904129028320312,25-34,False,True,False,False,True,False,False,False,False,False,False,True,False,False,False,False,False
26,female,Black,24.969205856323242,1.0307941436767578,25-34,True,False,False,False,True,False,False,False,False,False,False,True,False,False,False,False,False
2,female,Black,21.950660705566406,19.950660705566406,0-4,True,False,False,False,True,False,False,False,True,False,False,False,False,False,False,False,False
11,male,White,19.455984115600586,8.455984115600586,5-17,False,True,False,False,False,False,False,True,False,True,False,False,False,False,False,False,False
22,female,Others,26.754112243652344,4.754112243652344,18-24,True,False,False,False,False,False,True,False,False,False,True,False,False,False,False,False,False
14,male,White,31.6833438873291,17.6833438873291,5-17,False,True,False,False,False,False,False,True,False,True,False,False,False,False,False,False,False
8,female,Asian,12.663475036621094,4.663475036621094,5-17,True,False,False,True,False,False,False,False,False,True,False,False,False,False,False,False,False
25,female,Indian,26.478391647338867,1.4783916473388672,25-34,True,False,False,False,False,True,False,False,False,False,False,True,False,False,False,False,False
39,male,Black,37.376163482666016,1.6238365173339844,35-44,False,True,False,False,True,False,False,False,False,False,False,False,True,False,False,False,False
17,male,Black,21.923856735229492,4.923856735229492,5-17,False,True,False,False,True,False,False,False,False,True,False,False,False,False,False,False,False
26,female,White,32.89653015136719,6.8965301513671875,25-34,True,False,False,False,False,False,False,True,False,False,False,True,False,False,False,False,False
68,female,White,63.49076843261719,4.5092315673828125,65-84,True,False,False,False,False,False,False,True,False,False,False,False,False,False,True,False,False
26,female,Others,29.963098526000977,3.9630985260009766,25-34,True,False,False,False,False,False,True,False,False,False,False,True,False,False,False,False,False
54,male,Asian,39.08815002441406,14.911849975585938,45-64,False,True,False,True,False,False,False,False,False,False,False,False,False,True,False,False,False
26,female,Others,28.02042579650879,2.020425796508789,25-34,True,False,False,False,False,False,True,False,False,False,False,True,False,False,False,False,False
79,male,Black,74.83792877197266,4.162071228027344,65-84,False,True,False,False,True,False,False,False,False,False,False,False,False,False,True,False,False
52,male,Indian,47.012821197509766,4.987178802490234,45-64,False,True,False,False,False,True,False,False,False,False,False,False,False,True,False,False,False
24,female,Black,25.339200973510742,1.3392009735107422,18-24,True,False,False,False,True,False,False,False,False,False,True,False,False,False,False,False,False
2,female,Others,1.0774095058441162,0.9225904941558838,0-4,True,False,False,False,False,False,True,False,True,False,False,False,False,False,False,False,False
1,male,Asian,1.283552646636963,0.2835526466369629,0-4,False,True,False,True,False,False,False,False,True,False,False,False,False,False,False,False,False
35,female,White,35.37509536743164,0.3750953674316406,35-44,True,False,False,False,False,False,False,True,False,False,False,False,True,False,False,False,False
26,male,Asian,22.823169708251953,3.176830291748047,25-34,False,True,False,True,False,False,False,False,False,False,False,True,False,False,False,False,False
1,male,Indian,0.2734363377094269,0.7265636622905731,0-4,False,True,False,False,False,True,False,False,True,False,False,False,False,False,False,False,False
15,female,Others,23.03400993347168,8.03400993347168,5-17,True,False,False,False,False,False,True,False,False,True,False,False,False,False,False,False,False
80,male,White,66.68643951416016,13.313560485839844,65-84,False,True,False,False,False,False,False,True,False,False,False,False,False,False,True,False,False
90,female,White,71.83124542236328,18.16875457763672,85-99,True,False,False,False,False,False,False,True,False,False,False,False,False,False,False,True,False
35,male,White,31.405057907104492,3.594942092895508,35-44,False,True,False,False,False,False,False,True,False,False,False,False,True,False,False,False,False
68,female,Black,40.43290710449219,27.567092895507812,65-84,True,False,False,False,True,False,False,False,False,False,False,False,False,False,True,False,False
27,female,White,35.50526428222656,8.505264282226562,25-34,True,False,False,False,False,False,False,True,False,False,False,True,False,False,False,False,False
28,female,Asian,26.367721557617188,1.6322784423828125,25-34,True,False,False,True,False,False,False,False,False,False,False,True,False,False,False,False,False
52,female,White,32.56475067138672,19.43524932861328,45-64,True,False,False,False,False,False,False,True,False,False,False,False,False,True,False,False,False
36,male,White,39.00084686279297,3.0008468627929688,35-44,False,True,False,False,False,False,False,True,False,False,False,False,True,False,False,False,False
44,male,Indian,40.69646453857422,3.3035354614257812,35-44,False,True,False,False,False,True,False,False,False,False,False,False,True,False,False,False,False
3,female,White,0.9735519289970398,2.02644807100296,0-4,True,False,False,False,False,False,False,True,True,False,False,False,False,False,False,False,False
2,female,Indian,2.023646831512451,0.023646831512451172,0-4,True,False,False,False,False,True,False,False,True,False,False,False,False,False,False,False,False
39,male,White,38.99444580078125,0.00555419921875,35-44,False,True,False,False,False,False,False,True,False,False,False,False,True,False,False,False,False
24,female,White,21.68817710876465,2.3118228912353516,18-24,True,False,False,False,False,False,False,True,False,False,True,False,False,False,False,False,False
35,male,Black,31.17386817932129,3.826131820678711,35-44,False,True,False,False,True,False,False,False,False,False,False,False,True,False,False,False,False
32,female,Indian,26.054929733276367,5.945070266723633,25-34,True,False,False,False,False,True,False,False,False,False,False,True,False,False,False,False,False
32,female,White,29.381216049194336,2.618783950805664,25-34,True,False,False,False,False,False,False,True,False,False,False,True,False,False,False,False,False
5,male,White,6.804157733917236,1.8041577339172363,5-17,False,True,False,False,False,False,False,True,False,True,False,False,False,False,False,False,False
82,male,Others,59.690460205078125,22.309539794921875,65-84,False,True,False,False,False,False,True,False,False,False,False,False,False,False,True,False,False
35,female,Black,29.35921287536621,5.640787124633789,35-44,True,False,False,False,True,False,False,False,False,False,False,False,True,False,False,False,False
27,female,White,22.557905197143555,4.442094802856445,25-34,True,False,False,False,False,False,False,True,False,False,False,True,False,False,False,False,False
1,male,Asian,-0.2744484841823578,1.2744484841823578,0-4,False,True,False,True,False,False,False,False,True,False,False,False,False,False,False,False,False
22,male,White,26.316316604614258,4.316316604614258,18-24,False,True,False,False,False,False,False,True,False,False,True,False,False,False,False,False,False
35,male,White,27.919673919677734,7.080326080322266,35-44,False,True,False,False,False,False,False,True,False,False,False,False,True,False,False,False,False
26,female,White,13.811235427856445,12.188764572143555,25-34,True,False,False,False,False,False,False,True,False,False,False,True,False,False,False,False,False
36,male,Black,39.13435745239258,3.134357452392578,35-44,False,True,False,False,True,False,False,False,False,False,False,False,True,False,False,False,False
34,female,White,44.2451171875,10.2451171875,25-34,True,False,False,False,False,False,False,True,False,False,False,True,False,False,False,False,False
36,male,Black,27.21156120300293,8.78843879699707,35-44,False,True,False,False,True,False,False,False,False,False,False,False,True,False,False,False,False
44,male,Black,31.422086715698242,12.577913284301758,35-44,False,True,False,False,True,False,False,False,False,False,False,False,True,False,False,False,False
25,female,White,29.610368728637695,4.610368728637695,25-34,True,False,False,False,False,False,False,True,False,False,False,True,False,False,False,False,False
26,female,Indian,31.927885055541992,5.927885055541992,25-34,True,False,False,False,False,True,False,False,False,False,False,True,False,False,False,False,False
34,male,White,32.090675354003906,1.9093246459960938,25-34,False,True,False,False,False,False,False,True,False,False,False,True,False,False,False,False,False
24,male,Black,34.49547576904297,10.495475769042969,18-24,False,True,False,False,True,False,False,False,False,False,True,False,False,False,False,False,False
34,male,White,43.51605224609375,9.51605224609375,25-34,False,True,False,False,False,False,False,True,False,False,False,True,False,False,False,False,False
35,female,Black,25.77460479736328,9.225395202636719,35-44,True,False,False,False,True,False,False,False,False,False,False,False,True,False,False,False,False
2,female,Black,3.9757907390594482,1.9757907390594482,0-4,True,False,False,False,True,False,False,False,True,False,False,False,False,False,False,False,False
7,male,White,6.950992107391357,0.04900789260864258,5-17,False,True,False,False,False,False,False,True,False,True,False,False,False,False,False,False,False
38,female,White,23.69816780090332,14.30183219909668,35-44,True,False,False,False,False,False,False,True,False,False,False,False,True,False,False,False,False
32,male,White,20.42939567565918,11.57060432434082,25-34,False,True,False,False,False,False,False,True,False,False,False,True,False,False,False,False,False
1,female,Indian,1.6314033269882202,0.6314033269882202,0-4,True,False,False,False,False,True,False,False,True,False,False,False,False,False,False,False,False
28,female,Indian,31.23880386352539,3.2388038635253906,25-34,True,False,False,False,False,True,False,False,False,False,False,True,False,False,False,False,False
39,male,Black,26.31315040588379,12.686849594116211,35-44,False,True,False,False,True,False,False,False,False,False,False,False,True,False,False,False,False
29,male,White,27.56126594543457,1.4387340545654297,25-34,False,True,False,False,False,False,False,True,False,False,False,True,False,False,False,False,False
20,female,Others,29.05109214782715,9.051092147827148,18-24,True,False,False,False,False,False,True,False,False,False,True,False,False,False,False,False,False
54,male,White,50.325172424316406,3.6748275756835938,45-64,False,True,False,False,False,False,False,True,False,False,False,False,False,True,False,False,False
26,male,Indian,22.96206283569336,3.0379371643066406,25-34,False,True,False,False,False,True,False,False,False,False,False,True,False,False,False,False,False
9,female,Asian,9.075338363647461,0.07533836364746094,5-17,True,False,False,True,False,False,False,False,False,True,False,False,False,False,False,False,False
27,female,Indian,35.34795379638672,8.347953796386719,25-34,True,False,False,False,False,True,False,False,False,False,False,True,False,False,False,False,False
34,female,Indian,28.441558837890625,5.558441162109375,25-34,True,False,False,False,False,True,False,False,False,False,False,True,False,False,False,False,False
20,male,Others,27.216344833374023,7.216344833374023,18-24,False,True,False,False,False,False,True,False,False,False,True,False,False,False,False,False,False
1,female,Asian,1.6581755876541138,0.6581755876541138,0-4,True,False,False,True,False,False,False,False,True,False,False,False,False,False,False,False,False
45,female,White,38.91593933105469,6.0840606689453125,45-64,True,False,False,False,False,False,False,True,False,False,False,False,False,True,False,False,False
30,female,Asian,25.57790184020996,4.422098159790039,25-34,True,False,False,True,False,False,False,False,False,False,False,True,False,False,False,False,False
27,female,Asian,21.858154296875,5.141845703125,25-34,True,False,False,True,False,False,False,False,False,False,False,True,False,False,False,False,False
39,male,Black,30.693899154663086,8.306100845336914,35-44,False,True,False,False,True,False,False,False,False,False,False,False,True,False,False,False,False
29,female,Indian,24.687353134155273,4.312646865844727,25-34,True,False,False,False,False,True,False,False,False,False,False,True,False,False,False,False,False
65,female,Indian,28.269411087036133,36.73058891296387,65-84,True,False,False,False,False,True,False,False,False,False,False,False,False,False,True,False,False
29,male,White,23.920000076293945,5.079999923706055,25-34,False,True,False,False,False,False,False,True,False,False,False,True,False,False,False,False,False
5,male,Asian,1.7183762788772583,3.2816237211227417,5-17,False,True,False,True,False,False,False,False,False,True,False,False,False,False,False,False,False
28,female,White,33.01252746582031,5.0125274658203125,25-34,True,False,False,False,False,False,False,True,False,False,False,True,False,False,False,False,False
51,female,White,27.700191497802734,23.299808502197266,45-64,True,False,False,False,False,False,False,True,False,False,False,False,False,True,False,False,False
26,female,Indian,25.132444381713867,0.8675556182861328,25-34,True,False,False,False,False,True,False,False,False,False,False,True,False,False,False,False,False
35,female,White,29.586780548095703,5.413219451904297,35-44,True,False,False,False,False,False,False,True,False,False,False,False,True,False,False,False,False
25,male,Black,31.993703842163086,6.993703842163086,25-34,False,True,False,False,True,False,False,False,False,False,False,True,False,False,False,False,False
21,male,White,20.761850357055664,0.23814964294433594,18-24,False,True,False,False,False,False,False,True,False,False,True,False,False,False,False,False,False
12,male,White,7.430629730224609,4.569370269775391,5-17,False,True,False,False,False,False,False,True,False,True,False,False,False,False,False,False,False
28,female,Black,26.945520401000977,1.0544795989990234,25-34,True,False,False,False,True,False,False,False,False,False,False,True,False,False,False,False,False
26,female,Others,25.994930267333984,0.005069732666015625,25-34,True,False,False,False,False,False,True,False,False,False,False,True,False,False,False,False,False
32,female,Asian,29.37025260925293,2.6297473907470703,25-34,True,False,False,True,False,False,False,False,False,False,False,True,False,False,False,False,False
54,male,White,51.99201202392578,2.0079879760742188,45-64,False,True,False,False,False,False,False,True,False,False,False,False,False,True,False,False,False
30,male,Others,32.580177307128906,2.5801773071289062,25-34,False,True,False,False,False,False,True,False,False,False,False,True,False,False,False,False,False
52,female,Black,48.18079376220703,3.8192062377929688,45-64,True,False,False,False,True,False,False,False,False,False,False,False,False,True,False,False,False
25,female,White,35.96710205078125,10.96710205078125,25-34,True,False,False,False,False,False,False,True,False,False,False,True,False,False,False,False,False
27,female,White,27.496004104614258,0.4960041046142578,25-34,True,False,False,False,False,False,False,True,False,False,False,True,False,False,False,False,False
43,male,White,44.60614013671875,1.60614013671875,35-44,False,True,False,False,False,False,False,True,False,False,False,False,True,False,False,False,False
48,male,Indian,39.64729690551758,8.352703094482422,45-64,False,True,False,False,False,True,False,False,False,False,False,False,False,True,False,False,False
27,male,Others,35.24188995361328,8.241889953613281,25-34,False,True,False,False,False,False,True,False,False,False,False,True,False,False,False,False,False
24,male,Black,27.4146785736084,3.4146785736083984,18-24,False,True,False,False,True,False,False,False,False,False,True,False,False,False,False,False,False
29,female,Black,22.63210105895996,6.367898941040039,25-34,True,False,False,False,True,False,False,False,False,False,False,True,False,False,False,False,False
6,female,White,5.597235679626465,0.40276432037353516,5-17,True,False,False,False,False,False,False,True,False,True,False,False,False,False,False,False,False
13,female,White,8.02914047241211,4.970859527587891,5-17,True,False,False,False,False,False,False,True,False,True,False,False,False,False,False,False,False
30,female,Asian,21.636104583740234,8.363895416259766,25-34,True,False,False,True,False,False,False,False,False,False,False,True,False,False,False,False,False
27,female,Asian,25.23496437072754,1.765035629272461,25-34,True,False,False,True,False,False,False,False,False,False,False,True,False,False,False,False,False
32,female,White,25.029571533203125,6.970428466796875,25-34,True,False,False,False,False,False,False,True,False,False,False,True,False,False,False,False,False
26,male,Asian,35.91852569580078,9.918525695800781,25-34,False,True,False,True,False,False,False,False,False,False,False,True,False,False,False,False,False
28,male,Black,27.4022159576416,0.5977840423583984,25-34,False,True,False,False,True,False,False,False,False,False,False,True,False,False,False,False,False
50,male,Indian,40.16102981567383,9.838970184326172,45-64,False,True,False,False,False,True,False,False,False,False,False,False,False,True,False,False,False
35,male,Indian,35.13316345214844,0.1331634521484375,35-44,False,True,False,False,False,True,False,False,False,False,False,False,True,False,False,False,False
24,female,Asian,21.506345748901367,2.493654251098633,18-24,True,False,False,True,False,False,False,False,False,False,True,False,False,False,False,False,False
38,male,Others,33.01163101196289,4.988368988037109,35-44,False,True,False,False,False,False,True,False,False,False,False,False,True,False,False,False,False
85,male,Black,77.68128967285156,7.3187103271484375,85-99,False,True,False,False,True,False,False,False,False,False,False,False,False,False,False,True,False
60,female,Black,66.85442352294922,6.854423522949219,45-64,True,False,False,False,True,False,False,False,False,False,False,False,False,True,False,False,False
14,male,White,14.06341552734375,0.06341552734375,5-17,False,True,False,False,False,False,False,True,False,True,False,False,False,False,False,False,False
1,female,Indian,1.2635222673416138,0.26352226734161377,0-4,True,False,False,False,False,True,False,False,True,False,False,False,False,False,False,False,False
32,female,Black,24.387609481811523,7.612390518188477,25-34,True,False,False,False,True,False,False,False,False,False,False,True,False,False,False,False,False
30,male,Others,29.991680145263672,0.008319854736328125,25-34,False,True,False,False,False,False,True,False,False,False,False,True,False,False,False,False,False
29,male,White,32.008750915527344,3.0087509155273438,25-34,False,True,False,False,False,False,False,True,False,False,False,True,False,False,False,False,False
28,male,Indian,29.814817428588867,1.8148174285888672,25-34,False,True,False,False,False,True,False,False,False,False,False,True,False,False,False,False,False
17,female,White,20.923030853271484,3.9230308532714844,5-17,True,False,False,False,False,False,False,True,False,True,False,False,False,False,False,False,False
29,male,White,50.82994842529297,21.82994842529297,25-34,False,True,False,False,False,False,False,True,False,False,False,True,False,False,False,False,False
61,female,Indian,50.538360595703125,10.461639404296875,45-64,True,False,False,False,False,True,False,False,False,False,False,False,False,True,False,False,False
35,female,Asian,35.908050537109375,0.908050537109375,35-44,True,False,False,True,False,False,False,False,False,False,False,False,True,False,False,False,False
27,female,Asian,24.621559143066406,2.3784408569335938,25-34,True,False,False,True,False,False,False,False,False,False,False,True,False,False,False,False,False
43,male,Indian,36.974639892578125,6.025360107421875,35-44,False,True,False,False,False,True,False,False,False,False,False,False,True,False,False,False,False
42,female,White,29.589458465576172,12.410541534423828,35-44,True,False,False,False,False,False,False,True,False,False,False,False,True,False,False,False,False
26,female,Indian,22.40961265563965,3.5903873443603516,25-34,True,False,False,False,False,True,False,False,False,False,False,True,False,False,False,False,False
18,female,White,11.224348068237305,6.775651931762695,18-24,True,False,False,False,False,False,False,True,False,False,True,False,False,False,False,False,False
31,male,White,24.908620834350586,6.091379165649414,25-34,False,True,False,False,False,False,False,True,False,False,False,True,False,False,False,False,False
54,female,White,56.39963150024414,2.3996315002441406,45-64,True,False,False,False,False,False,False,True,False,False,False,False,False,True,False,False,False
51,female,White,43.5827751159668,7.417224884033203,45-64,True,False,False,False,False,False,False,True,False,False,False,False,False,True,False,False,False
56,male,White,53.45905303955078,2.5409469604492188,45-64,False,True,False,False,False,False,False,True,False,False,False,False,False,True,False,False,False
45,male,White,29.44674301147461,15.55325698852539,45-64,False,True,False,False,False,False,False,True,False,False,False,False,False,True,False,False,False
24,male,Asian,29.615562438964844,5.615562438964844,18-24,False,True,False,True,False,False,False,False,False,False,True,False,False,False,False,False,False
32,female,White,25.94270133972168,6.05729866027832,25-34,True,False,False,False,False,False,False,True,False,False,False,True,False,False,False,False,False
65,female,Indian,58.959835052490234,6.040164947509766,65-84,True,False,False,False,False,True,False,False,False,False,False,False,False,False,True,False,False
42,male,Black,31.90871810913086,10.09128189086914,35-44,False,True,False,False,True,False,False,False,False,False,False,False,True,False,False,False,False
20,male,Black,22.293912887573242,2.293912887573242,18-24,False,True,False,False,True,False,False,False,False,False,True,False,False,False,False,False,False
15,female,Others,19.622007369995117,4.622007369995117,5-17,True,False,False,False,False,False,True,False,False,True,False,False,False,False,False,False,False
26,female,White,27.02259063720703,1.0225906372070312,25-34,True,False,False,False,False,False,False,True,False,False,False,True,False,False,False,False,False
1,male,Indian,4.9536590576171875,3.9536590576171875,0-4,False,True,False,False,False,True,False,False,True,False,False,False,False,False,False,False,False
60,male,White,59.23682403564453,0.7631759643554688,45-64,False,True,False,False,False,False,False,True,False,False,False,False,False,True,False,False,False
75,male,White,59.37479019165039,15.62520980834961,65-84,False,True,False,False,False,False,False,True,False,False,False,False,False,False,True,False,False
2,female,White,2.9937047958374023,0.9937047958374023,0-4,True,False,False,False,False,False,False,True,True,False,False,False,False,False,False,False,False
2,male,Others,1.788571834564209,0.21142816543579102,0-4,False,True,False,False,False,False,True,False,True,False,False,False,False,False,False,False,False
48,female,White,32.96484375,15.03515625,45-64,True,False,False,False,False,False,False,True,False,False,False,False,False,True,False,False,False
32,female,White,34.138328552246094,2.1383285522460938,25-34,True,False,False,False,False,False,False,True,False,False,False,True,False,False,False,False,False
50,male,White,36.876495361328125,13.123504638671875,45-64,False,True,False,False,False,False,False,True,False,False,False,False,False,True,False,False,False
62,male,Black,63.48862075805664,1.4886207580566406,45-64,False,True,False,False,True,False,False,False,False,False,False,False,False,True,False,False,False
66,male,White,39.58149719238281,26.418502807617188,65-84,False,True,False,False,False,False,False,True,False,False,False,False,False,False,True,False,False
26,male,White,61.900230407714844,35.900230407714844,25-34,False,True,False,False,False,False,False,True,False,False,False,True,False,False,False,False,False
50,male,White,30.88949203491211,19.11050796508789,45-64,False,True,False,False,False,False,False,True,False,False,False,False,False,True,False,False,False
53,male,Black,42.00529098510742,10.994709014892578,45-64,False,True,False,False,True,False,False,False,False,False,False,False,False,True,False,False,False
26,male,Indian,29.42814826965332,3.4281482696533203,25-34,False,True,False,False,False,True,False,False,False,False,False,True,False,False,False,False,False
36,male,White,34.96070861816406,1.0392913818359375,35-44,False,True,False,False,False,False,False,True,False,False,False,False,True,False,False,False,False
27,female,White,24.728792190551758,2.271207809448242,25-34,True,False,False,False,False,False,False,True,False,False,False,True,False,False,False,False,False
29,male,Indian,35.38608932495117,6.386089324951172,25-34,False,True,False,False,False,True,False,False,False,False,False,True,False,False,False,False,False
49,male,White,37.418575286865234,11.581424713134766,45-64,False,True,False,False,False,False,False,True,False,False,False,False,False,True,False,False,False
60,male,Asian,27.186609268188477,32.81339073181152,45-64,False,True,False,True,False,False,False,False,False,False,False,False,False,True,False,False,False
3,female,White,6.866533279418945,3.8665332794189453,0-4,True,False,False,False,False,False,False,True,True,False,False,False,False,False,False,False,False
34,female,White,30.598955154418945,3.4010448455810547,25-34,True,False,False,False,False,False,False,True,False,False,False,True,False,False,False,False,False
35,male,White,41.73603057861328,6.736030578613281,35-44,False,True,False,False,False,False,False,True,False,False,False,False,True,False,False,False,False
23,male,Black,21.509502410888672,1.4904975891113281,18-24,False,True,False,False,True,False,False,False,False,False,True,False,False,False,False,False,False
25,male,White,30.010046005249023,5.010046005249023,25-34,False,True,False,False,False,False,False,True,False,False,False,True,False,False,False,False,False
32,male,White,29.31721305847168,2.6827869415283203,25-34,False,True,False,False,False,False,False,True,False,False,False,True,False,False,False,False,False
58,male,Black,28.09990692138672,29.90009307861328,45-64,False,True,False,False,True,False,False,False,False,False,False,False,False,True,False,False,False
34,male,Black,31.02764320373535,2.9723567962646484,25-34,False,True,False,False,True,False,False,False,False,False,False,True,False,False,False,False,False
20,female,White,22.755815505981445,2.7558155059814453,18-24,True,False,False,False,False,False,False,True,False,False,True,False,False,False,False,False,False
1,female,White,0.5677282214164734,0.4322717785835266,0-4,True,False,False,False,False,False,False,True,True,False,False,False,False,False,False,False,False
45,male,White,45.9185791015625,0.9185791015625,45-64,False,True,False,False,False,False,False,True,False,False,False,False,False,True,False,False,False
28,male,White,32.67662048339844,4.6766204833984375,25-34,False,True,False,False,False,False,False,True,False,False,False,True,False,False,False,False,False
52,male,White,58.51879119873047,6.518791198730469,45-64,False,True,False,False,False,False,False,True,False,False,False,False,False,True,False,False,False
35,female,Black,36.77742004394531,1.7774200439453125,35-44,True,False,False,False,True,False,False,False,False,False,False,False,True,False,False,False,False
35,female,White,32.33478546142578,2.6652145385742188,35-44,True,False,False,False,False,False,False,True,False,False,False,False,True,False,False,False,False
37,female,Indian,22.531648635864258,14.468351364135742,35-44,True,False,False,False,False,True,False,False,False,False,False,False,True,False,False,False,False
9,male,White,5.141427040100098,3.8585729598999023,5-17,False,True,False,False,False,False,False,True,False,True,False,False,False,False,False,False,False
24,male,White,27.19831085205078,3.1983108520507812,18-24,False,True,False,False,False,False,False,True,False,False,True,False,False,False,False,False,False
25,male,Indian,24.345643997192383,0.6543560028076172,25-34,False,True,False,False,False,True,False,False,False,False,False,True,False,False,False,False,False
79,male,White,69.63016510009766,9.369834899902344,65-84,False,True,False,False,False,False,False,True,False,False,False,False,False,False,True,False,False
70,male,White,54.435272216796875,15.564727783203125,65-84,False,True,False,False,False,False,False,True,False,False,False,False,False,False,True,False,False
62,female,White,57.973690032958984,4.026309967041016,45-64,True,False,False,False,False,False,False,True,False,False,False,False,False,True,False,False,False
40,female,Asian,26.864072799682617,13.135927200317383,35-44,True,False,False,True,False,False,False,False,False,False,False,False,True,False,False,False,False
7,male,Black,11.500927925109863,4.500927925109863,5-17,False,True,False,False,True,False,False,False,False,True,False,False,False,False,False,False,False
21,male,Black,26.09452247619629,5.094522476196289,18-24,False,True,False,False,True,False,False,False,False,False,True,False,False,False,False,False,False
80,female,White,76.70716857910156,3.2928314208984375,65-84,True,False,False,False,False,False,False,True,False,False,False,False,False,False,True,False,False
26,female,Asian,18.724475860595703,7.275524139404297,25-34,True,False,False,True,False,False,False,False,False,False,False,True,False,False,False,False,False
25,male,White,26.69554328918457,1.6955432891845703,25-34,False,True,False,False,False,False,False,True,False,False,False,True,False,False,False,False,False
40,male,White,38.36665725708008,1.6333427429199219,35-44,False,True,False,False,False,False,False,True,False,False,False,False,True,False,False,False,False
27,female,Black,24.613510131835938,2.3864898681640625,25-34,True,False,False,False,True,False,False,False,False,False,False,True,False,False,False,False,False
38,male,Indian,33.496131896972656,4.503868103027344,35-44,False,True,False,False,False,True,False,False,False,False,False,False,True,False,False,False,False
12,male,White,8.198054313659668,3.801945686340332,5-17,False,True,False,False,False,False,False,True,False,True,False,False,False,False,False,False,False
25,female,Indian,23.178415298461914,1.821584701538086,25-34,True,False,False,False,False,True,False,False,False,False,False,True,False,False,False,False,False
28,female,Asian,24.727294921875,3.272705078125,25-34,True,False,False,True,False,False,False,False,False,False,False,True,False,False,False,False,False
39,male,Black,33.311912536621094,5.688087463378906,35-44,False,True,False,False,True,False,False,False,False,False,False,False,True,False,False,False,False
1,male,Asian,0.386959046125412,0.613040953874588,0-4,False,True,False,True,False,False,False,False,True,False,False,False,False,False,False,False,False
33,female,White,48.39585876464844,15.395858764648438,25-34,True,False,False,False,False,False,False,True,False,False,False,True,False,False,False,False,False
26,female,White,27.364347457885742,1.3643474578857422,25-34,True,False,False,False,False,False,False,True,False,False,False,True,False,False,False,False,False
76,female,White,56.812644958496094,19.187355041503906,65-84,True,False,False,False,False,False,False,True,False,False,False,False,False,False,True,False,False
49,male,White,35.578853607177734,13.421146392822266,45-64,False,True,False,False,False,False,False,True,False,False,False,False,False,True,False,False,False
68,male,White,51.732269287109375,16.267730712890625,65-84,False,True,False,False,False,False,False,True,False,False,False,False,False,False,True,False,False
65,female,White,57.76191711425781,7.2380828857421875,65-84,True,False,False,False,False,False,False,True,False,False,False,False,False,False,True,False,False
80,male,White,59.63070297241211,20.36929702758789,65-84,False,True,False,False,False,False,False,True,False,False,False,False,False,False,True,False,False
84,female,White,66.09412384033203,17.90587615966797,65-84,True,False,False,False,False,False,False,True,False,False,False,False,False,False,True,False,False
1,male,Asian,0.10764813423156738,0.8923518657684326,0-4,False,True,False,True,False,False,False,False,True,False,False,False,False,False,False,False,False
24,male,Black,30.605451583862305,6.605451583862305,18-24,False,True,False,False,True,False,False,False,False,False,True,False,False,False,False,False,False
35,male,Black,30.671701431274414,4.328298568725586,35-44,False,True,False,False,True,False,False,False,False,False,False,False,True,False,False,False,False
34,male,Black,32.441162109375,1.558837890625,25-34,False,True,False,False,True,False,False,False,False,False,False,True,False,False,False,False,False
26,female,Black,21.635873794555664,4.364126205444336,25-34,True,False,False,False,True,False,False,False,False,False,False,True,False,False,False,False,False
58,male,White,50.97465133666992,7.025348663330078,45-64,False,True,False,False,False,False,False,True,False,False,False,False,False,True,False,False,False
70,male,Indian,62.063514709472656,7.936485290527344,65-84,False,True,False,False,False,True,False,False,False,False,False,False,False,False,True,False,False
3,female,Others,1.3950458765029907,1.6049541234970093,0-4,True,False,False,False,False,False,True,False,True,False,False,False,False,False,False,False,False
18,female,White,31.32328987121582,13.32328987121582,18-24,True,False,False,False,False,False,False,True,False,False,True,False,False,False,False,False,False
25,female,White,25.22749900817871,0.22749900817871094,25-34,True,False,False,False,False,False,False,True,False,False,False,True,False,False,False,False,False
32,male,Asian,30.251371383666992,1.7486286163330078,25-34,False,True,False,True,False,False,False,False,False,False,False,True,False,False,False,False,False
30,female,Asian,22.643747329711914,7.356252670288086,25-34,True,False,False,True,False,False,False,False,False,False,False,True,False,False,False,False,False
25,male,White,30.503705978393555,5.503705978393555,25-34,False,True,False,False,False,False,False,True,False,False,False,True,False,False,False,False,False
20,female,Indian,15.142424583435059,4.857575416564941,18-24,True,False,False,False,False,True,False,False,False,False,True,False,False,False,False,False,False
25,female,Black,29.499717712402344,4.499717712402344,25-34,True,False,False,False,True,False,False,False,False,False,False,True,False,False,False,False,False
27,female,Asian,25.908967971801758,1.0910320281982422,25-34,True,False,False,True,False,False,False,False,False,False,False,True,False,False,False,False,False
58,male,White,55.393890380859375,2.606109619140625,45-64,False,True,False,False,False,False,False,True,False,False,False,False,False,True,False,False,False
20,male,White,19.984739303588867,0.015260696411132812,18-24,False,True,False,False,False,False,False,True,False,False,True,False,False,False,False,False,False
21,male,White,28.933244705200195,7.933244705200195,18-24,False,True,False,False,False,False,False,True,False,False,True,False,False,False,False,False,False
24,female,Asian,29.489351272583008,5.489351272583008,18-24,True,False,False,True,False,False,False,False,False,False,True,False,False,False,False,False,False
38,male,White,42.815670013427734,4.815670013427734,35-44,False,True,False,False,False,False,False,True,False,False,False,False,True,False,False,False,False
23,male,Indian,23.356996536254883,0.3569965362548828,18-24,False,True,False,False,False,True,False,False,False,False,True,False,False,False,False,False,False
60,male,White,61.42214584350586,1.4221458435058594,45-64,False,True,False,False,False,False,False,True,False,False,False,False,False,True,False,False,False
26,female,Black,18.392759323120117,7.607240676879883,25-34,True,False,False,False,True,False,False,False,False,False,False,True,False,False,False,False,False
52,male,Indian,56.653076171875,4.653076171875,45-64,False,True,False,False,False,True,False,False,False,False,False,False,False,True,False,False,False
38,female,Black,25.738719940185547,12.261280059814453,35-44,True,False,False,False,True,False,False,False,False,False,False,False,True,False,False,False,False
69,female,White,47.593711853027344,21.406288146972656,65-84,True,False,False,False,False,False,False,True,False,False,False,False,False,False,True,False,False
53,male,White,58.847381591796875,5.847381591796875,45-64,False,True,False,False,False,False,False,True,False,False,False,False,False,True,False,False,False
3,male,Asian,1.4071170091629028,1.5928829908370972,0-4,False,True,False,True,False,False,False,False,True,False,False,False,False,False,False,False,False
29,male,Indian,24.097761154174805,4.902238845825195,25-34,False,True,False,False,False,True,False,False,False,False,False,True,False,False,False,False,False
54,female,White,52.61209487915039,1.3879051208496094,45-64,True,False,False,False,False,False,False,True,False,False,False,False,False,True,False,False,False
35,male,White,31.043994903564453,3.956005096435547,35-44,False,True,False,False,False,False,False,True,False,False,False,False,True,False,False,False,False
1,male,White,1.7559343576431274,0.7559343576431274,0-4,False,True,False,False,False,False,False,True,True,False,False,False,False,False,False,False,False
35,male,White,34.047119140625,0.952880859375,35-44,False,True,False,False,False,False,False,True,False,False,False,False,True,False,False,False,False
26,male,White,24.495210647583008,1.5047893524169922,25-34,False,True,False,False,False,False,False,True,False,False,False,True,False,False,False,False,False
26,male,White,26.098730087280273,0.09873008728027344,25-34,False,True,False,False,False,False,False,True,False,False,False,True,False,False,False,False,False
65,male,White,60.241661071777344,4.758338928222656,65-84,False,True,False,False,False,False,False,True,False,False,False,False,False,False,True,False,False
15,male,Asian,26.1637020111084,11.163702011108398,5-17,False,True,False,True,False,False,False,False,False,True,False,False,False,False,False,False,False
20,female,White,22.87264633178711,2.8726463317871094,18-24,True,False,False,False,False,False,False,True,False,False,True,False,False,False,False,False,False
54,male,Indian,72.78436279296875,18.78436279296875,45-64,False,True,False,False,False,True,False,False,False,False,False,False,False,True,False,False,False
13,male,White,5.404386043548584,7.595613956451416,5-17,False,True,False,False,False,False,False,True,False,True,False,False,False,False,False,False,False
25,female,Others,27.007694244384766,2.0076942443847656,25-34,True,False,False,False,False,False,True,False,False,False,False,True,False,False,False,False,False
82,male,White,95.20964050292969,13.209640502929688,65-84,False,True,False,False,False,False,False,True,False,False,False,False,False,False,True,False,False
13,female,Indian,8.358912467956543,4.641087532043457,5-17,True,False,False,False,False,True,False,False,False,True,False,False,False,False,False,False,False
30,female,White,24.524599075317383,5.475400924682617,25-34,True,False,False,False,False,False,False,True,False,False,False,True,False,False,False,False,False
52,female,White,48.02654266357422,3.9734573364257812,45-64,True,False,False,False,False,False,False,True,False,False,False,False,False,True,False,False,False
51,male,White,34.62181091308594,16.378189086914062,45-64,False,True,False,False,False,False,False,True,False,False,False,False,False,True,False,False,False
1,male,Asian,0.2686133086681366,0.7313866913318634,0-4,False,True,False,True,False,False,False,False,True,False,False,False,False,False,False,False,False
21,female,White,26.147077560424805,5.147077560424805,18-24,True,False,False,False,False,False,False,True,False,False,True,False,False,False,False,False,False
25,female,Asian,25.56538200378418,0.5653820037841797,25-34,True,False,False,True,False,False,False,False,False,False,False,True,False,False,False,False,False
25,female,Asian,22.568973541259766,2.4310264587402344,25-34,True,False,False,True,False,False,False,False,False,False,False,True,False,False,False,False,False
27,female,Indian,15.562665939331055,11.437334060668945,25-34,True,False,False,False,False,True,False,False,False,False,False,True,False,False,False,False,False
37,female,White,37.01404571533203,0.01404571533203125,35-44,True,False,False,False,False,False,False,True,False,False,False,False,True,False,False,False,False
57,male,White,52.0499267578125,4.9500732421875,45-64,False,True,False,False,False,False,False,True,False,False,False,False,False,True,False,False,False
21,female,Black,29.65943717956543,8.65943717956543,18-24,True,False,False,False,True,False,False,False,False,False,True,False,False,False,False,False,False
55,male,White,45.40261459350586,9.59738540649414,45-64,False,True,False,False,False,False,False,True,False,False,False,False,False,True,False,False,False
39,male,White,47.63050842285156,8.630508422851562,35-44,False,True,False,False,False,False,False,True,False,False,False,False,True,False,False,False,False
40,male,White,53.355445861816406,13.355445861816406,35-44,False,True,False,False,False,False,False,True,False,False,False,False,True,False,False,False,False
12,male,White,9.793684005737305,2.2063159942626953,5-17,False,True,False,False,False,False,False,True,False,True,False,False,False,False,False,False,False
35,female,Indian,25.64448356628418,9.35551643371582,35-44,True,False,False,False,False,True,False,False,False,False,False,False,True,False,False,False,False
47,female,White,25.67735481262207,21.32264518737793,45-64,True,False,False,False,False,False,False,True,False,False,False,False,False,True,False,False,False
68,male,White,52.46302795410156,15.536972045898438,65-84,False,True,False,False,False,False,False,True,False,False,False,False,False,False,True,False,False
29,female,White,40.34690856933594,11.346908569335938,25-34,True,False,False,False,False,False,False,True,False,False,False,True,False,False,False,False,False
21,female,White,20.672765731811523,0.32723426818847656,18-24,True,False,False,False,False,False,False,True,False,False,True,False,False,False,False,False,False
47,male,Others,42.8056755065918,4.194324493408203,45-64,False,True,False,False,False,False,True,False,False,False,False,False,False,True,False,False,False
70,male,White,56.28542709350586,13.71457290649414,65-84,False,True,False,False,False,False,False,True,False,False,False,False,False,False,True,False,False
45,male,Black,44.40330505371094,0.5966949462890625,45-64,False,True,False,False,True,False,False,False,False,False,False,False,False,True,False,False,False
3,male,Asian,12.474842071533203,9.474842071533203,0-4,False,True,False,True,False,False,False,False,True,False,False,False,False,False,False,False,False
25,male,Black,23.552675247192383,1.4473247528076172,25-34,False,True,False,False,True,False,False,False,False,False,False,True,False,False,False,False,False
14,female,White,9.445533752441406,4.554466247558594,5-17,True,False,False,False,False,False,False,True,False,True,False,False,False,False,False,False,False
9,male,White,19.860118865966797,10.860118865966797,5-17,False,True,False,False,False,False,False,True,False,True,False,False,False,False,False,False,False
35,female,White,31.324575424194336,3.675424575805664,35-44,True,False,False,False,False,False,False,True,False,False,False,False,True,False,False,False,False
1,female,Indian,0.982244074344635,0.01775592565536499,0-4,True,False,False,False,False,True,False,False,True,False,False,False,False,False,False,False,False
5,female,White,2.7938995361328125,2.2061004638671875,5-17,True,False,False,False,False,False,False,True,False,True,False,False,False,False,False,False,False
5,female,Others,23.259912490844727,18.259912490844727,5-17,True,False,False,False,False,False,True,False,False,True,False,False,False,False,False,False,False
28,female,Indian,35.454864501953125,7.454864501953125,25-34,True,False,False,False,False,True,False,False,False,False,False,True,False,False,False,False,False
80,male,White,66.46949768066406,13.530502319335938,65-84,False,True,False,False,False,False,False,True,False,False,False,False,False,False,True,False,False
61,male,White,62.322669982910156,1.3226699829101562,45-64,False,True,False,False,False,False,False,True,False,False,False,False,False,True,False,False,False
40,female,Indian,40.646484375,0.646484375,35-44,True,False,False,False,False,True,False,False,False,False,False,False,True,False,False,False,False
31,male,White,29.169925689697266,1.8300743103027344,25-34,False,True,False,False,False,False,False,True,False,False,False,True,False,False,False,False,False
32,female,Asian,28.078554153442383,3.921445846557617,25-34,True,False,False,True,False,False,False,False,False,False,False,True,False,False,False,False,False
32,male,Black,28.809099197387695,3.1909008026123047,25-34,False,True,False,False,True,False,False,False,False,False,False,True,False,False,False,False,False
75,male,White,56.83737564086914,18.16262435913086,65-84,False,True,False,False,False,False,False,True,False,False,False,False,False,False,True,False,False
3,male,White,9.5050048828125,6.5050048828125,0-4,False,True,False,False,False,False,False,True,True,False,False,False,False,False,False,False,False
45,male,Indian,44.59199523925781,0.4080047607421875,45-64,False,True,False,False,False,True,False,False,False,False,False,False,False,True,False,False,False
8,female,White,6.213961601257324,1.7860383987426758,5-17,True,False,False,False,False,False,False,True,False,True,False,False,False,False,False,False,False
4,female,White,3.187350034713745,0.8126499652862549,0-4,True,False,False,False,False,False,False,True,True,False,False,False,False,False,False,False,False
20,female,Others,20.344236373901367,0.3442363739013672,18-24,True,False,False,False,False,False,True,False,False,False,True,False,False,False,False,False,False
50,male,Indian,46.24575424194336,3.7542457580566406,45-64,False,True,False,False,False,True,False,False,False,False,False,False,False,True,False,False,False
1,male,Indian,2.5540125370025635,1.5540125370025635,0-4,False,True,False,False,False,True,False,False,True,False,False,False,False,False,False,False,False
1,male,Indian,-0.3600947856903076,1.3600947856903076,0-4,False,True,False,False,False,True,False,False,True,False,False,False,False,False,False,False,False
1,male,Others,5.276988506317139,4.276988506317139,0-4,False,True,False,False,False,False,True,False,True,False,False,False,False,False,False,False,False
46,female,Indian,40.096923828125,5.903076171875,45-64,True,False,False,False,False,True,False,False,False,False,False,False,False,True,False,False,False
4,male,White,9.85858154296875,5.85858154296875,0-4,False,True,False,False,False,False,False,True,True,False,False,False,False,False,False,False,False
4,female,White,5.134274482727051,1.1342744827270508,0-4,True,False,False,False,False,False,False,True,True,False,False,False,False,False,False,False,False
85,female,Black,88.3481674194336,3.3481674194335938,85-99,True,False,False,False,True,False,False,False,False,False,False,False,False,False,False,True,False
26,female,White,31.052778244018555,5.052778244018555,25-34,True,False,False,False,False,False,False,True,False,False,False,True,False,False,False,False,False
38,male,Asian,21.525537490844727,16.474462509155273,35-44,False,True,False,True,False,False,False,False,False,False,False,False,True,False,False,False,False
22,female,Black,31.981855392456055,9.981855392456055,18-24,True,False,False,False,True,False,False,False,False,False,True,False,False,False,False,False,False
29,male,Black,30.48463249206543,1.4846324920654297,25-34,False,True,False,False,True,False,False,False,False,False,False,True,False,False,False,False,False
27,female,Black,30.58103370666504,3.581033706665039,25-34,True,False,False,False,True,False,False,False,False,False,False,True,False,False,False,False,False
24,female,Others,27.09485626220703,3.0948562622070312,18-24,True,False,False,False,False,False,True,False,False,False,True,False,False,False,False,False,False
50,female,Black,36.564414978027344,13.435585021972656,45-64,True,False,False,False,True,False,False,False,False,False,False,False,False,True,False,False,False
28,male,White,36.11628723144531,8.116287231445312,25-34,False,True,False,False,False,False,False,True,False,False,False,True,False,False,False,False,False
86,male,Asian,72.12921905517578,13.870780944824219,85-99,False,True,False,True,False,False,False,False,False,False,False,False,False,False,False,True,False
27,female,Indian,24.659212112426758,2.340787887573242,25-34,True,False,False,False,False,True,False,False,False,False,False,True,False,False,False,False,False
30,male,Asian,26.082483291625977,3.9175167083740234,25-34,False,True,False,True,False,False,False,False,False,False,False,True,False,False,False,False,False
26,female,White,24.061540603637695,1.9384593963623047,25-34,True,False,False,False,False,False,False,True,False,False,False,True,False,False,False,False,False
48,female,White,28.644954681396484,19.355045318603516,45-64,True,False,False,False,False,False,False,True,False,False,False,False,False,True,False,False,False
26,female,Indian,25.543418884277344,0.45658111572265625,25-34,True,False,False,False,False,True,False,False,False,False,False,True,False,False,False,False,False
36,male,White,39.90925216674805,3.909252166748047,35-44,False,True,False,False,False,False,False,True,False,False,False,False,True,False,False,False,False
35,male,White,34.400638580322266,0.5993614196777344,35-44,False,True,False,False,False,False,False,True,False,False,False,False,True,False,False,False,False
30,female,White,25.797691345214844,4.202308654785156,25-34,True,False,False,False,False,False,False,True,False,False,False,True,False,False,False,False,False
21,male,Black,23.831165313720703,2.831165313720703,18-24,False,True,False,False,True,False,False,False,False,False,True,False,False,False,False,False,False
35,female,Black,42.99602508544922,7.996025085449219,35-44,True,False,False,False,True,False,False,False,False,False,False,False,True,False,False,False,False
62,male,Black,61.777923583984375,0.222076416015625,45-64,False,True,False,False,True,False,False,False,False,False,False,False,False,True,False,False,False
65,female,Asian,45.732181549072266,19.267818450927734,65-84,True,False,False,True,False,False,False,False,False,False,False,False,False,False,True,False,False
29,female,Indian,26.438344955444336,2.561655044555664,25-34,True,False,False,False,False,True,False,False,False,False,False,True,False,False,False,False,False
41,male,White,27.92694854736328,13.073051452636719,35-44,False,True,False,False,False,False,False,True,False,False,False,False,True,False,False,False,False
58,male,White,55.665321350097656,2.3346786499023438,45-64,False,True,False,False,False,False,False,True,False,False,False,False,False,True,False,False,False
26,female,Black,28.63306999206543,2.6330699920654297,25-34,True,False,False,False,True,False,False,False,False,False,False,True,False,False,False,False,False
26,female,Black,33.085609436035156,7.085609436035156,25-34,True,False,False,False,True,False,False,False,False,False,False,True,False,False,False,False,False
30,female,White,29.050355911254883,0.9496440887451172,25-34,True,False,False,False,False,False,False,True,False,False,False,True,False,False,False,False,False
36,male,White,29.087053298950195,6.912946701049805,35-44,False,True,False,False,False,False,False,True,False,False,False,False,True,False,False,False,False
20,female,White,18.170133590698242,1.8298664093017578,18-24,True,False,False,False,False,False,False,True,False,False,True,False,False,False,False,False,False
58,female,White,32.70854949951172,25.29145050048828,45-64,True,False,False,False,False,False,False,True,False,False,False,False,False,True,False,False,False
72,female,White,69.3469009399414,2.6530990600585938,65-84,True,False,False,False,False,False,False,True,False,False,False,False,False,False,True,False,False
26,male,White,27.168676376342773,1.1686763763427734,25-34,False,True,False,False,False,False,False,True,False,False,False,True,False,False,False,False,False
41,female,Black,44.811485290527344,3.8114852905273438,35-44,True,False,False,False,True,False,False,False,False,False,False,False,True,False,False,False,False
26,female,Black,32.065216064453125,6.065216064453125,25-34,True,False,False,False,True,False,False,False,False,False,False,True,False,False,False,False,False
8,male,Asian,6.1752095222473145,1.8247904777526855,5-17,False,True,False,True,False,False,False,False,False,True,False,False,False,False,False,False,False
46,female,White,39.208900451660156,6.791099548339844,45-64,True,False,False,False,False,False,False,True,False,False,False,False,False,True,False,False,False
55,female,Indian,25.0481014251709,29.9518985748291,45-64,True,False,False,False,False,True,False,False,False,False,False,False,False,True,False,False,False
27,male,Asian,27.27341651916504,0.27341651916503906,25-34,False,True,False,True,False,False,False,False,False,False,False,True,False,False,False,False,False
13,male,White,13.816970825195312,0.8169708251953125,5-17,False,True,False,False,False,False,False,True,False,True,False,False,False,False,False,False,False
36,female,Black,28.280908584594727,7.719091415405273,35-44,True,False,False,False,True,False,False,False,False,False,False,False,True,False,False,False,False
21,female,Others,22.30863380432129,1.308633804321289,18-24,True,False,False,False,False,False,True,False,False,False,True,False,False,False,False,False,False
30,female,White,34.445072174072266,4.445072174072266,25-34,True,False,False,False,False,False,False,True,False,False,False,True,False,False,False,False,False
35,male,White,31.49955177307129,3.500448226928711,35-44,False,True,False,False,False,False,False,True,False,False,False,False,True,False,False,False,False
33,male,White,26.624603271484375,6.375396728515625,25-34,False,True,False,False,False,False,False,True,False,False,False,True,False,False,False,False,False
89,male,Black,68.67121124267578,20.32878875732422,85-99,False,True,False,False,True,False,False,False,False,False,False,False,False,False,False,True,False
40,male,Indian,36.23291015625,3.76708984375,35-44,False,True,False,False,False,True,False,False,False,False,False,False,True,False,False,False,False
26,female,Asian,21.091238021850586,4.908761978149414,25-34,True,False,False,True,False,False,False,False,False,False,False,True,False,False,False,False,False
2,male,Asian,1.7730633020401,0.2269366979598999,0-4,False,True,False,True,False,False,False,False,True,False,False,False,False,False,False,False,False
14,male,White,7.662959098815918,6.337040901184082,5-17,False,True,False,False,False,False,False,True,False,True,False,False,False,False,False,False,False
73,male,White,62.008262634277344,10.991737365722656,65-84,False,True,False,False,False,False,False,True,False,False,False,False,False,False,True,False,False
30,male,Indian,28.713899612426758,1.2861003875732422,25-34,False,True,False,False,False,True,False,False,False,False,False,True,False,False,False,False,False
3,female,White,0.9826300740242004,2.0173699259757996,0-4,True,False,False,False,False,False,False,True,True,False,False,False,False,False,False,False,False
65,female,White,61.09723663330078,3.9027633666992188,65-84,True,False,False,False,False,False,False,True,False,False,False,False,False,False,True,False,False
53,male,Black,56.868553161621094,3.8685531616210938,45-64,False,True,False,False,True,False,False,False,False,False,False,False,False,True,False,False,False
26,male,Indian,17.117170333862305,8.882829666137695,25-34,False,True,False,False,False,True,False,False,False,False,False,True,False,False,False,False,False
74,female,White,58.279029846191406,15.720970153808594,65-84,True,False,False,False,False,False,False,True,False,False,False,False,False,False,True,False,False
25,female,Asian,26.590633392333984,1.5906333923339844,25-34,True,False,False,True,False,False,False,False,False,False,False,True,False,False,False,False,False
5,female,White,7.603603363037109,2.6036033630371094,5-17,True,False,False,False,False,False,False,True,False,True,False,False,False,False,False,False,False
54,female,Indian,51.35249710083008,2.647502899169922,45-64,True,False,False,False,False,True,False,False,False,False,False,False,False,True,False,False,False
1,male,Asian,0.8553262948989868,0.14467370510101318,0-4,False,True,False,True,False,False,False,False,True,False,False,False,False,False,False,False,False
27,male,Indian,27.09339141845703,0.09339141845703125,25-34,False,True,False,False,False,True,False,False,False,False,False,True,False,False,False,False,False
27,male,Asian,25.115245819091797,1.8847541809082031,25-34,False,True,False,True,False,False,False,False,False,False,False,True,False,False,False,False,False
24,male,White,28.823381423950195,4.823381423950195,18-24,False,True,False,False,False,False,False,True,False,False,True,False,False,False,False,False,False
35,male,White,47.49909973144531,12.499099731445312,35-44,False,True,False,False,False,False,False,True,False,False,False,False,True,False,False,False,False
55,male,Indian,54.45624542236328,0.5437545776367188,45-64,False,True,False,False,False,True,False,False,False,False,False,False,False,True,False,False,False
28,female,Asian,35.930747985839844,7.930747985839844,25-34,True,False,False,True,False,False,False,False,False,False,False,True,False,False,False,False,False
21,female,Black,22.66240119934082,1.6624011993408203,18-24,True,False,False,False,True,False,False,False,False,False,True,False,False,False,False,False,False
26,female,Black,22.027006149291992,3.972993850708008,25-34,True,False,False,False,True,False,False,False,False,False,False,True,False,False,False,False,False
10,male,White,27.792829513549805,17.792829513549805,5-17,False,True,False,False,False,False,False,True,False,True,False,False,False,False,False,False,False
1,male,Asian,3.8604025840759277,2.8604025840759277,0-4,False,True,False,True,False,False,False,False,True,False,False,False,False,False,False,False,False
21,male,Black,22.580455780029297,1.5804557800292969,18-24,False,True,False,False,True,False,False,False,False,False,True,False,False,False,False,False,False
14,male,Others,22.87900733947754,8.879007339477539,5-17,False,True,False,False,False,False,True,False,False,True,False,False,False,False,False,False,False
30,male,White,34.14311981201172,4.143119812011719,25-34,False,True,False,False,False,False,False,True,False,False,False,True,False,False,False,False,False
56,female,White,54.233272552490234,1.7667274475097656,45-64,True,False,False,False,False,False,False,True,False,False,False,False,False,True,False,False,False
20,male,Indian,28.13144874572754,8.131448745727539,18-24,False,True,False,False,False,True,False,False,False,False,True,False,False,False,False,False,False
55,female,White,27.579782485961914,27.420217514038086,45-64,True,False,False,False,False,False,False,True,False,False,False,False,False,True,False,False,False
1,male,White,1.8405827283859253,0.8405827283859253,0-4,False,True,False,False,False,False,False,True,True,False,False,False,False,False,False,False,False
26,female,Asian,32.333412170410156,6.333412170410156,25-34,True,False,False,True,False,False,False,False,False,False,False,True,False,False,False,False,False
2,male,Indian,2.802483558654785,0.8024835586547852,0-4,False,True,False,False,False,True,False,False,True,False,False,False,False,False,False,False,False
54,male,Indian,57.989044189453125,3.989044189453125,45-64,False,True,False,False,False,True,False,False,False,False,False,False,False,True,False,False,False
29,female,White,25.990510940551758,3.009489059448242,25-34,True,False,False,False,False,False,False,True,False,False,False,True,False,False,False,False,False
3,female,White,7.241903781890869,4.241903781890869,0-4,True,False,False,False,False,False,False,True,True,False,False,False,False,False,False,False,False
1,female,Indian,0.5597140192985535,0.44028598070144653,0-4,True,False,False,False,False,True,False,False,True,False,False,False,False,False,False,False,False
24,female,White,28.8165340423584,4.816534042358398,18-24,True,False,False,False,False,False,False,True,False,False,True,False,False,False,False,False,False
50,female,White,49.16156768798828,0.8384323120117188,45-64,True,False,False,False,False,False,False,True,False,False,False,False,False,True,False,False,False
75,male,White,58.513671875,16.486328125,65-84,False,True,False,False,False,False,False,True,False,False,False,False,False,False,True,False,False
26,female,Asian,24.68793296813965,1.3120670318603516,25-34,True,False,False,True,False,False,False,False,False,False,False,True,False,False,False,False,False
22,female,Asian,13.988338470458984,8.011661529541016,18-24,True,False,False,True,False,False,False,False,False,False,True,False,False,False,False,False,False
53,male,White,47.51636505126953,5.483634948730469,45-64,False,True,False,False,False,False,False,True,False,False,False,False,False,True,False,False,False
4,male,White,3.9379398822784424,0.06206011772155762,0-4,False,True,False,False,False,False,False,True,True,False,False,False,False,False,False,False,False
1,female,White,0.12887698411941528,0.8711230158805847,0-4,True,False,False,False,False,False,False,True,True,False,False,False,False,False,False,False,False
17,male,White,30.194971084594727,13.194971084594727,5-17,False,True,False,False,False,False,False,True,False,True,False,False,False,False,False,False,False
28,male,White,32.523658752441406,4.523658752441406,25-34,False,True,False,False,False,False,False,True,False,False,False,True,False,False,False,False,False
28,female,Asian,26.556182861328125,1.443817138671875,25-34,True,False,False,True,False,False,False,False,False,False,False,True,False,False,False,False,False
32,female,Black,28.561222076416016,3.4387779235839844,25-34,True,False,False,False,True,False,False,False,False,False,False,True,False,False,False,False,False
67,male,Indian,66.80431365966797,0.19568634033203125,65-84,False,True,False,False,False,True,False,False,False,False,False,False,False,False,True,False,False
73,male,Black,47.13717269897461,25.86282730102539,65-84,False,True,False,False,True,False,False,False,False,False,False,False,False,False,True,False,False
6,female,Others,10.746734619140625,4.746734619140625,5-17,True,False,False,False,False,False,True,False,False,True,False,False,False,False,False,False,False
35,male,Asian,36.33911895751953,1.3391189575195312,35-44,False,True,False,True,False,False,False,False,False,False,False,False,True,False,False,False,False
85,female,White,70.15516662597656,14.844833374023438,85-99,True,False,False,False,False,False,False,True,False,False,False,False,False,False,False,True,False
33,female,White,27.62127685546875,5.37872314453125,25-34,True,False,False,False,False,False,False,True,False,False,False,True,False,False,False,False,False
46,male,White,52.62604522705078,6.626045227050781,45-64,False,True,False,False,False,False,False,True,False,False,False,False,False,True,False,False,False
35,male,Indian,43.08741760253906,8.087417602539062,35-44,False,True,False,False,False,True,False,False,False,False,False,False,True,False,False,False,False
26,male,Indian,28.13854217529297,2.1385421752929688,25-34,False,True,False,False,False,True,False,False,False,False,False,True,False,False,False,False,False
1,female,White,-1.1243383884429932,2.124338388442993,0-4,True,False,False,False,False,False,False,True,True,False,False,False,False,False,False,False,False
40,male,White,30.678808212280273,9.321191787719727,35-44,False,True,False,False,False,False,False,True,False,False,False,False,True,False,False,False,False
80,male,White,62.424156188964844,17.575843811035156,65-84,False,True,False,False,False,False,False,True,False,False,False,False,False,False,True,False,False
11,female,Black,12.950719833374023,1.9507198333740234,5-17,True,False,False,False,True,False,False,False,False,True,False,False,False,False,False,False,False
3,female,Black,3.543354034423828,0.5433540344238281,0-4,True,False,False,False,True,False,False,False,True,False,False,False,False,False,False,False,False
26,female,Asian,31.960098266601562,5.9600982666015625,25-34,True,False,False,True,False,False,False,False,False,False,False,True,False,False,False,False,False
26,male,Others,28.34125328063965,2.3412532806396484,25-34,False,True,False,False,False,False,True,False,False,False,False,True,False,False,False,False,False
75,male,White,68.8360595703125,6.1639404296875,65-84,False,True,False,False,False,False,False,True,False,False,False,False,False,False,True,False,False
58,male,White,55.2401008605957,2.759899139404297,45-64,False,True,False,False,False,False,False,True,False,False,False,False,False,True,False,False,False
35,male,White,28.528654098510742,6.471345901489258,35-44,False,True,False,False,False,False,False,True,False,False,False,False,True,False,False,False,False
14,female,Asian,8.343587875366211,5.656412124633789,5-17,True,False,False,True,False,False,False,False,False,True,False,False,False,False,False,False,False
2,male,Asian,5.687767028808594,3.6877670288085938,0-4,False,True,False,True,False,False,False,False,True,False,False,False,False,False,False,False,False
65,female,Black,53.02458190917969,11.975418090820312,65-84,True,False,False,False,True,False,False,False,False,False,False,False,False,False,True,False,False
88,female,Asian,55.809181213378906,32.190818786621094,85-99,True,False,False,True,False,False,False,False,False,False,False,False,False,False,False,True,False
26,female,Asian,22.52598762512207,3.4740123748779297,25-34,True,False,False,True,False,False,False,False,False,False,False,True,False,False,False,False,False
61,male,Black,69.63008880615234,8.630088806152344,45-64,False,True,False,False,True,False,False,False,False,False,False,False,False,True,False,False,False
26,male,Black,26.182783126831055,0.1827831268310547,25-34,False,True,False,False,True,False,False,False,False,False,False,True,False,False,False,False,False
22,male,Others,33.5034294128418,11.503429412841797,18-24,False,True,False,False,False,False,True,False,False,False,True,False,False,False,False,False,False
52,female,White,32.98663330078125,19.01336669921875,45-64,True,False,False,False,False,False,False,True,False,False,False,False,False,True,False,False,False
50,male,White,39.942665100097656,10.057334899902344,45-64,False,True,False,False,False,False,False,True,False,False,False,False,False,True,False,False,False
2,female,White,2.7122981548309326,0.7122981548309326,0-4,True,False,False,False,False,False,False,True,True,False,False,False,False,False,False,False,False
18,female,Indian,27.301450729370117,9.301450729370117,18-24,True,False,False,False,False,True,False,False,False,False,True,False,False,False,False,False,False
26,female,Black,31.24094009399414,5.240940093994141,25-34,True,False,False,False,True,False,False,False,False,False,False,True,False,False,False,False,False
40,male,White,45.136131286621094,5.136131286621094,35-44,False,True,False,False,False,False,False,True,False,False,False,False,True,False,False,False,False
15,male,White,17.524587631225586,2.524587631225586,5-17,False,True,False,False,False,False,False,True,False,True,False,False,False,False,False,False,False
32,female,Asian,27.7224063873291,4.277593612670898,25-34,True,False,False,True,False,False,False,False,False,False,False,True,False,False,False,False,False
23,male,Asian,24.978174209594727,1.9781742095947266,18-24,False,True,False,True,False,False,False,False,False,False,True,False,False,False,False,False,False
37,male,White,31.18474578857422,5.815254211425781,35-44,False,True,False,False,False,False,False,True,False,False,False,False,True,False,False,False,False
84,female,White,65.4766845703125,18.5233154296875,65-84,True,False,False,False,False,False,False,True,False,False,False,False,False,False,True,False,False
32,male,Black,34.67877197265625,2.67877197265625,25-34,False,True,False,False,True,False,False,False,False,False,False,True,False,False,False,False,False
9,male,Asian,3.3268942832946777,5.673105716705322,5-17,False,True,False,True,False,False,False,False,False,True,False,False,False,False,False,False,False
38,female,White,45.5351676940918,7.535167694091797,35-44,True,False,False,False,False,False,False,True,False,False,False,False,True,False,False,False,False
2,male,Asian,1.154852271080017,0.8451477289199829,0-4,False,True,False,True,False,False,False,False,True,False,False,False,False,False,False,False,False
26,male,White,43.418006896972656,17.418006896972656,25-34,False,True,False,False,False,False,False,True,False,False,False,True,False,False,False,False,False
14,female,White,6.410126686096191,7.589873313903809,5-17,True,False,False,False,False,False,False,True,False,True,False,False,False,False,False,False,False
26,female,Black,27.27048110961914,1.2704811096191406,25-34,True,False,False,False,True,False,False,False,False,False,False,True,False,False,False,False,False
14,female,White,8.489496231079102,5.510503768920898,5-17,True,False,False,False,False,False,False,True,False,True,False,False,False,False,False,False,False
30,male,Asian,32.4720458984375,2.4720458984375,25-34,False,True,False,True,False,False,False,False,False,False,False,True,False,False,False,False,False
45,male,White,41.02851486206055,3.971485137939453,45-64,False,True,False,False,False,False,False,True,False,False,False,False,False,True,False,False,False
84,female,White,78.94731903076172,5.052680969238281,65-84,True,False,False,False,False,False,False,True,False,False,False,False,False,False,True,False,False
12,male,Asian,2.221235752105713,9.778764247894287,5-17,False,True,False,True,False,False,False,False,False,True,False,False,False,False,False,False,False
46,female,Black,26.108375549316406,19.891624450683594,45-64,True,False,False,False,True,False,False,False,False,False,False,False,False,True,False,False,False
29,female,Black,33.465484619140625,4.465484619140625,25-34,True,False,False,False,True,False,False,False,False,False,False,True,False,False,False,False,False
35,male,Black,28.666013717651367,6.333986282348633,35-44,False,True,False,False,True,False,False,False,False,False,False,False,True,False,False,False,False
17,female,Indian,26.02574920654297,9.025749206542969,5-17,True,False,False,False,False,True,False,False,False,True,False,False,False,False,False,False,False
30,male,Asian,35.72589874267578,5.725898742675781,25-34,False,True,False,True,False,False,False,False,False,False,False,True,False,False,False,False,False
30,female,Indian,42.52616882324219,12.526168823242188,25-34,True,False,False,False,False,True,False,False,False,False,False,True,False,False,False,False,False
33,male,White,36.86260986328125,3.86260986328125,25-34,False,True,False,False,False,False,False,True,False,False,False,True,False,False,False,False,False
26,female,White,40.56476593017578,14.564765930175781,25-34,True,False,False,False,False,False,False,True,False,False,False,True,False,False,False,False,False
20,female,White,22.013029098510742,2.013029098510742,18-24,True,False,False,False,False,False,False,True,False,False,True,False,False,False,False,False,False
34,male,Black,38.658145904541016,4.658145904541016,25-34,False,True,False,False,True,False,False,False,False,False,False,True,False,False,False,False,False
34,male,White,34.535240173339844,0.5352401733398438,25-34,False,True,False,False,False,False,False,True,False,False,False,True,False,False,False,False,False
47,male,Others,39.607059478759766,7.392940521240234,45-64,False,True,False,False,False,False,True,False,False,False,False,False,False,True,False,False,False
4,male,White,2.466287612915039,1.533712387084961,0-4,False,True,False,False,False,False,False,True,True,False,False,False,False,False,False,False,False
44,male,Indian,51.037071228027344,7.037071228027344,35-44,False,True,False,False,False,True,False,False,False,False,False,False,True,False,False,False,False
22,female,Black,22.137022018432617,0.1370220184326172,18-24,True,False,False,False,True,False,False,False,False,False,True,False,False,False,False,False,False
73,male,White,75.1420669555664,2.1420669555664062,65-84,False,True,False,False,False,False,False,True,False,False,False,False,False,False,True,False,False
25,female,White,20.172136306762695,4.827863693237305,25-34,True,False,False,False,False,False,False,True,False,False,False,True,False,False,False,False,False
41,male,White,42.6413459777832,1.6413459777832031,35-44,False,True,False,False,False,False,False,True,False,False,False,False,True,False,False,False,False
32,male,Black,31.392545700073242,0.6074542999267578,25-34,False,True,False,False,True,False,False,False,False,False,False,True,False,False,False,False,False
28,male,Black,36.160240173339844,8.160240173339844,25-34,False,True,False,False,True,False,False,False,False,False,False,True,False,False,False,False,False
54,male,White,56.27116394042969,2.2711639404296875,45-64,False,True,False,False,False,False,False,True,False,False,False,False,False,True,False,False,False
16,male,White,19.453845977783203,3.453845977783203,5-17,False,True,False,False,False,False,False,True,False,True,False,False,False,False,False,False,False
25,female,White,28.380266189575195,3.3802661895751953,25-34,True,False,False,False,False,False,False,True,False,False,False,True,False,False,False,False,False
57,male,White,38.0211181640625,18.9788818359375,45-64,False,True,False,False,False,False,False,True,False,False,False,False,False,True,False,False,False
26,female,Asian,23.26237678527832,2.7376232147216797,25-34,True,False,False,True,False,False,False,False,False,False,False,True,False,False,False,False,False
42,female,White,49.76570510864258,7.765705108642578,35-44,True,False,False,False,False,False,False,True,False,False,False,False,True,False,False,False,False
58,male,White,44.34687042236328,13.653129577636719,45-64,False,True,False,False,False,False,False,True,False,False,False,False,False,True,False,False,False
1,female,White,0.2547414004802704,0.7452585995197296,0-4,True,False,False,False,False,False,False,True,True,False,False,False,False,False,False,False,False
28,female,Black,21.895776748657227,6.104223251342773,25-34,True,False,False,False,True,False,False,False,False,False,False,True,False,False,False,False,False
30,female,White,26.82285499572754,3.177145004272461,25-34,True,False,False,False,False,False,False,True,False,False,False,True,False,False,False,False,False
64,female,White,56.028465270996094,7.971534729003906,45-64,True,False,False,False,False,False,False,True,False,False,False,False,False,True,False,False,False
21,female,Indian,28.00071907043457,7.00071907043457,18-24,True,False,False,False,False,True,False,False,False,False,True,False,False,False,False,False,False
35,female,White,24.195236206054688,10.804763793945312,35-44,True,False,False,False,False,False,False,True,False,False,False,False,True,False,False,False,False
35,female,Indian,28.37969970703125,6.62030029296875,35-44,True,False,False,False,False,True,False,False,False,False,False,False,True,False,False,False,False
78,female,White,62.56913375854492,15.430866241455078,65-84,True,False,False,False,False,False,False,True,False,False,False,False,False,False,True,False,False
3,female,White,2.2236006259918213,0.7763993740081787,0-4,True,False,False,False,False,False,False,True,True,False,False,False,False,False,False,False,False
37,male,White,27.198036193847656,9.801963806152344,35-44,False,True,False,False,False,False,False,True,False,False,False,False,True,False,False,False,False
1,male,Asian,0.21194112300872803,0.788058876991272,0-4,False,True,False,True,False,False,False,False,True,False,False,False,False,False,False,False,False
11,female,White,7.087856769561768,3.9121432304382324,5-17,True,False,False,False,False,False,False,True,False,True,False,False,False,False,False,False,False
1,female,White,0.6154519319534302,0.3845480680465698,0-4,True,False,False,False,False,False,False,True,True,False,False,False,False,False,False,False,False
26,female,Indian,27.473417282104492,1.4734172821044922,25-34,True,False,False,False,False,True,False,False,False,False,False,True,False,False,False,False,False
50,male,Indian,57.631385803222656,7.631385803222656,45-64,False,True,False,False,False,True,False,False,False,False,False,False,False,True,False,False,False
26,female,Black,24.78019142150879,1.219808578491211,25-34,True,False,False,False,True,False,False,False,False,False,False,True,False,False,False,False,False
4,female,Asian,9.869546890258789,5.869546890258789,0-4,True,False,False,True,False,False,False,False,True,False,False,False,False,False,False,False,False
27,male,White,42.41657257080078,15.416572570800781,25-34,False,True,False,False,False,False,False,True,False,False,False,True,False,False,False,False,False
50,male,White,41.778038024902344,8.221961975097656,45-64,False,True,False,False,False,False,False,True,False,False,False,False,False,True,False,False,False
48,male,White,48.728614807128906,0.7286148071289062,45-64,False,True,False,False,False,False,False,True,False,False,False,False,False,True,False,False,False
1,female,White,-0.7097898125648499,1.7097898125648499,0-4,True,False,False,False,False,False,False,True,True,False,False,False,False,False,False,False,False
3,female,Asian,0.8485637903213501,2.15143620967865,0-4,True,False,False,True,False,False,False,False,True,False,False,False,False,False,False,False,False
50,male,White,22.864076614379883,27.135923385620117,45-64,False,True,False,False,False,False,False,True,False,False,False,False,False,True,False,False,False
59,male,White,46.5419921875,12.4580078125,45-64,False,True,False,False,False,False,False,True,False,False,False,False,False,True,False,False,False
21,female,Indian,23.19440269470215,2.1944026947021484,18-24,True,False,False,False,False,True,False,False,False,False,True,False,False,False,False,False,False
32,male,Asian,30.403600692749023,1.5963993072509766,25-34,False,True,False,True,False,False,False,False,False,False,False,True,False,False,False,False,False
54,male,Indian,60.14773178100586,6.147731781005859,45-64,False,True,False,False,False,True,False,False,False,False,False,False,False,True,False,False,False
48,male,Black,34.189903259277344,13.810096740722656,45-64,False,True,False,False,True,False,False,False,False,False,False,False,False,True,False,False,False
80,male,White,63.88877487182617,16.111225128173828,65-84,False,True,False,False,False,False,False,True,False,False,False,False,False,False,True,False,False
30,male,Black,33.99900817871094,3.9990081787109375,25-34,False,True,False,False,True,False,False,False,False,False,False,True,False,False,False,False,False
34,male,White,32.12960433959961,1.8703956604003906,25-34,False,True,False,False,False,False,False,True,False,False,False,True,False,False,False,False,False
39,female,Black,25.736940383911133,13.263059616088867,35-44,True,False,False,False,True,False,False,False,False,False,False,False,True,False,False,False,False
26,female,Indian,27.301517486572266,1.3015174865722656,25-34,True,False,False,False,False,True,False,False,False,False,False,True,False,False,False,False,False
2,male,Others,0.44351160526275635,1.5564883947372437,0-4,False,True,False,False,False,False,True,False,True,False,False,False,False,False,False,False,False
35,male,Black,32.124237060546875,2.875762939453125,35-44,False,True,False,False,True,False,False,False,False,False,False,False,True,False,False,False,False
26,female,Asian,26.365055084228516,0.3650550842285156,25-34,True,False,False,True,False,False,False,False,False,False,False,True,False,False,False,False,False
45,female,White,44.192413330078125,0.807586669921875,45-64,True,False,False,False,False,False,False,True,False,False,False,False,False,True,False,False,False
23,female,Asian,27.353849411010742,4.353849411010742,18-24,True,False,False,True,False,False,False,False,False,False,True,False,False,False,False,False,False
35,male,Asian,41.53447723388672,6.534477233886719,35-44,False,True,False,True,False,False,False,False,False,False,False,False,True,False,False,False,False
18,male,White,21.538846969604492,3.538846969604492,18-24,False,True,False,False,False,False,False,True,False,False,True,False,False,False,False,False,False
35,male,White,23.315017700195312,11.684982299804688,35-44,False,True,False,False,False,False,False,True,False,False,False,False,True,False,False,False,False
35,male,Asian,30.71925163269043,4.28074836730957,35-44,False,True,False,True,False,False,False,False,False,False,False,False,True,False,False,False,False
40,male,Black,52.884193420410156,12.884193420410156,35-44,False,True,False,False,True,False,False,False,False,False,False,False,True,False,False,False,False
36,male,White,40.76715850830078,4.767158508300781,35-44,False,True,False,False,False,False,False,True,False,False,False,False,True,False,False,False,False
29,female,Black,26.59050750732422,2.4094924926757812,25-34,True,False,False,False,True,False,False,False,False,False,False,True,False,False,False,False,False
25,female,White,37.0716552734375,12.0716552734375,25-34,True,False,False,False,False,False,False,True,False,False,False,True,False,False,False,False,False
26,male,Indian,25.5573673248291,0.44263267517089844,25-34,False,True,False,False,False,True,False,False,False,False,False,True,False,False,False,False,False
1,female,Others,1.6238394975662231,0.6238394975662231,0-4,True,False,False,False,False,False,True,False,True,False,False,False,False,False,False,False,False
36,female,Black,25.870393753051758,10.129606246948242,35-44,True,False,False,False,True,False,False,False,False,False,False,False,True,False,False,False,False
27,male,Black,44.514488220214844,17.514488220214844,25-34,False,True,False,False,True,False,False,False,False,False,False,True,False,False,False,False,False
60,male,White,54.6446647644043,5.355335235595703,45-64,False,True,False,False,False,False,False,True,False,False,False,False,False,True,False,False,False
14,male,Indian,8.980612754821777,5.019387245178223,5-17,False,True,False,False,False,True,False,False,False,True,False,False,False,False,False,False,False
82,female,Black,62.78214645385742,19.217853546142578,65-84,True,False,False,False,True,False,False,False,False,False,False,False,False,False,True,False,False
53,female,Black,42.680118560791016,10.319881439208984,45-64,True,False,False,False,True,False,False,False,False,False,False,False,False,True,False,False,False
34,male,White,36.81166458129883,2.811664581298828,25-34,False,True,False,False,False,False,False,True,False,False,False,True,False,False,False,False,False
38,male,Asian,28.34473419189453,9.655265808105469,35-44,False,True,False,True,False,False,False,False,False,False,False,False,True,False,False,False,False
29,female,Indian,32.08685302734375,3.08685302734375,25-34,True,False,False,False,False,True,False,False,False,False,False,True,False,False,False,False,False
26,male,Indian,38.24116516113281,12.241165161132812,25-34,False,True,False,False,False,True,False,False,False,False,False,True,False,False,False,False,False
1,male,Asian,0.30792632699012756,0.6920736730098724,0-4,False,True,False,True,False,False,False,False,True,False,False,False,False,False,False,False,False
26,male,White,30.98805809020996,4.988058090209961,25-34,False,True,False,False,False,False,False,True,False,False,False,True,False,False,False,False,False
60,male,White,50.891029357910156,9.108970642089844,45-64,False,True,False,False,False,False,False,True,False,False,False,False,False,True,False,False,False
40,female,White,39.35728454589844,0.6427154541015625,35-44,True,False,False,False,False,False,False,True,False,False,False,False,True,False,False,False,False
37,female,Black,22.805095672607422,14.194904327392578,35-44,True,False,False,False,True,False,False,False,False,False,False,False,True,False,False,False,False
85,female,White,74.09786987304688,10.902130126953125,85-99,True,False,False,False,False,False,False,True,False,False,False,False,False,False,False,True,False
73,male,White,78.32682037353516,5.326820373535156,65-84,False,True,False,False,False,False,False,True,False,False,False,False,False,False,True,False,False
24,male,Indian,27.16602897644043,3.1660289764404297,18-24,False,True,False,False,False,True,False,False,False,False,True,False,False,False,False,False,False
12,female,White,9.200791358947754,2.799208641052246,5-17,True,False,False,False,False,False,False,True,False,True,False,False,False,False,False,False,False
23,female,White,39.03077697753906,16.030776977539062,18-24,True,False,False,False,False,False,False,True,False,False,True,False,False,False,False,False,False
26,female,White,14.480663299560547,11.519336700439453,25-34,True,False,False,False,False,False,False,True,False,False,False,True,False,False,False,False,False
24,male,White,23.32817268371582,0.6718273162841797,18-24,False,True,False,False,False,False,False,True,False,False,True,False,False,False,False,False,False
18,female,Black,22.64236068725586,4.642360687255859,18-24,True,False,False,False,True,False,False,False,False,False,True,False,False,False,False,False,False
25,female,Indian,31.89391326904297,6.893913269042969,25-34,True,False,False,False,False,True,False,False,False,False,False,True,False,False,False,False,False
52,female,White,57.85291290283203,5.852912902832031,45-64,True,False,False,False,False,False,False,True,False,False,False,False,False,True,False,False,False
61,female,Indian,37.937435150146484,23.062564849853516,45-64,True,False,False,False,False,True,False,False,False,False,False,False,False,True,False,False,False
40,female,White,36.002994537353516,3.9970054626464844,35-44,True,False,False,False,False,False,False,True,False,False,False,False,True,False,False,False,False
9,male,Black,15.107504844665527,6.107504844665527,5-17,False,True,False,False,True,False,False,False,False,True,False,False,False,False,False,False,False
25,female,Black,27.385107040405273,2.3851070404052734,25-34,True,False,False,False,True,False,False,False,False,False,False,True,False,False,False,False,False
58,male,White,50.26458740234375,7.73541259765625,45-64,False,True,False,False,False,False,False,True,False,False,False,False,False,True,False,False,False
1,male,Asian,0.5782111287117004,0.42178887128829956,0-4,False,True,False,True,False,False,False,False,True,False,False,False,False,False,False,False,False
24,male,Asian,24.0330753326416,0.03307533264160156,18-24,False,True,False,True,False,False,False,False,False,False,True,False,False,False,False,False,False
38,female,Black,26.520307540893555,11.479692459106445,35-44,True,False,False,False,True,False,False,False,False,False,False,False,True,False,False,False,False
96,female,White,99.10588836669922,3.1058883666992188,85-99,True,False,False,False,False,False,False,True,False,False,False,False,False,False,False,True,False
4,female,Others,3.4363133907318115,0.5636866092681885,0-4,True,False,False,False,False,False,True,False,True,False,False,False,False,False,False,False,False
26,male,Black,31.38953971862793,5.38953971862793,25-34,False,True,False,False,True,False,False,False,False,False,False,True,False,False,False,False,False
28,female,Asian,21.438108444213867,6.561891555786133,25-34,True,False,False,True,False,False,False,False,False,False,False,True,False,False,False,False,False
58,male,Black,54.37065124511719,3.6293487548828125,45-64,False,True,False,False,True,False,False,False,False,False,False,False,False,True,False,False,False
42,male,White,36.541343688964844,5.458656311035156,35-44,False,True,False,False,False,False,False,True,False,False,False,False,True,False,False,False,False
79,female,White,55.18922424316406,23.810775756835938,65-84,True,False,False,False,False,False,False,True,False,False,False,False,False,False,True,False,False
35,male,Black,31.536956787109375,3.463043212890625,35-44,False,True,False,False,True,False,False,False,False,False,False,False,True,False,False,False,False
35,female,Indian,26.93726921081543,8.06273078918457,35-44,True,False,False,False,False,True,False,False,False,False,False,False,True,False,False,False,False
7,female,White,5.026268482208252,1.973731517791748,5-17,True,False,False,False,False,False,False,True,False,True,False,False,False,False,False,False,False
22,female,Black,29.472623825073242,7.472623825073242,18-24,True,False,False,False,True,False,False,False,False,False,True,False,False,False,False,False,False
1,male,Black,6.340704917907715,5.340704917907715,0-4,False,True,False,False,True,False,False,False,True,False,False,False,False,False,False,False,False
35,female,Indian,27.825841903686523,7.174158096313477,35-44,True,False,False,False,False,True,False,False,False,False,False,False,True,False,False,False,False
8,female,White,11.465414047241211,3.465414047241211,5-17,True,False,False,False,False,False,False,True,False,True,False,False,False,False,False,False,False
58,male,Black,59.65159606933594,1.6515960693359375,45-64,False,True,False,False,True,False,False,False,False,False,False,False,False,True,False,False,False
35,female,Indian,27.327102661132812,7.6728973388671875,35-44,True,False,False,False,False,True,False,False,False,False,False,False,True,False,False,False,False
38,male,Black,44.211299896240234,6.211299896240234,35-44,False,True,False,False,True,False,False,False,False,False,False,False,True,False,False,False,False
53,male,White,44.63946533203125,8.36053466796875,45-64,False,True,False,False,False,False,False,True,False,False,False,False,False,True,False,False,False
1,male,White,-0.02133735828101635,1.0213373582810163,0-4,False,True,False,False,False,False,False,True,True,False,False,False,False,False,False,False,False
24,male,Asian,27.815622329711914,3.815622329711914,18-24,False,True,False,True,False,False,False,False,False,False,True,False,False,False,False,False,False
38,male,Asian,33.54595947265625,4.45404052734375,35-44,False,True,False,True,False,False,False,False,False,False,False,False,True,False,False,False,False
30,male,White,43.80146026611328,13.801460266113281,25-34,False,True,False,False,False,False,False,True,False,False,False,True,False,False,False,False,False
9,male,White,12.174779891967773,3.1747798919677734,5-17,False,True,False,False,False,False,False,True,False,True,False,False,False,False,False,False,False
28,male,White,22.422752380371094,5.577247619628906,25-34,False,True,False,False,False,False,False,True,False,False,False,True,False,False,False,False,False
26,female,Black,24.650392532348633,1.3496074676513672,25-34,True,False,False,False,True,False,False,False,False,False,False,True,False,False,False,False,False
68,male,White,57.52731704711914,10.47268295288086,65-84,False,True,False,False,False,False,False,True,False,False,False,False,False,False,True,False,False
52,male,White,53.11328125,1.11328125,45-64,False,True,False,False,False,False,False,True,False,False,False,False,False,True,False,False,False
35,female,White,37.07746887207031,2.0774688720703125,35-44,True,False,False,False,False,False,False,True,False,False,False,False,True,False,False,False,False
38,female,Black,27.279573440551758,10.720426559448242,35-44,True,False,False,False,True,False,False,False,False,False,False,False,True,False,False,False,False
1,male,Asian,0.46712803840637207,0.5328719615936279,0-4,False,True,False,True,False,False,False,False,True,False,False,False,False,False,False,False,False
42,female,Black,32.83592224121094,9.164077758789062,35-44,True,False,False,False,True,False,False,False,False,False,False,False,True,False,False,False,False
32,female,Others,26.983102798461914,5.016897201538086,25-34,True,False,False,False,False,False,True,False,False,False,False,True,False,False,False,False,False
20,female,Black,24.511430740356445,4.511430740356445,18-24,True,False,False,False,True,False,False,False,False,False,True,False,False,False,False,False,False
25,female,White,23.08309555053711,1.9169044494628906,25-34,True,False,False,False,False,False,False,True,False,False,False,True,False,False,False,False,False
1,female,White,1.4280864000320435,0.42808640003204346,0-4,True,False,False,False,False,False,False,True,True,False,False,False,False,False,False,False,False
1,female,Others,1.118639349937439,0.11863934993743896,0-4,True,False,False,False,False,False,True,False,True,False,False,False,False,False,False,False,False
22,female,Indian,25.00324821472168,3.0032482147216797,18-24,True,False,False,False,False,True,False,False,False,False,True,False,False,False,False,False,False
35,female,Black,24.904016494750977,10.095983505249023,35-44,True,False,False,False,True,False,False,False,False,False,False,False,True,False,False,False,False
64,male,Indian,47.196617126464844,16.803382873535156,45-64,False,True,False,False,False,True,False,False,False,False,False,False,False,True,False,False,False
26,male,Asian,21.930654525756836,4.069345474243164,25-34,False,True,False,True,False,False,False,False,False,False,False,True,False,False,False,False,False
12,female,White,7.340997695922852,4.659002304077148,5-17,True,False,False,False,False,False,False,True,False,True,False,False,False,False,False,False,False
6,female,White,3.7528374195098877,2.2471625804901123,5-17,True,False,False,False,False,False,False,True,False,True,False,False,False,False,False,False,False
54,female,White,45.974151611328125,8.025848388671875,45-64,True,False,False,False,False,False,False,True,False,False,False,False,False,True,False,False,False
7,female,White,7.244225978851318,0.24422597885131836,5-17,True,False,False,False,False,False,False,True,False,True,False,False,False,False,False,False,False
70,male,Indian,59.7100830078125,10.2899169921875,65-84,False,True,False,False,False,True,False,False,False,False,False,False,False,False,True,False,False
26,female,Black,27.073192596435547,1.0731925964355469,25-34,True,False,False,False,True,False,False,False,False,False,False,True,False,False,False,False,False
37,female,White,31.633466720581055,5.366533279418945,35-44,True,False,False,False,False,False,False,True,False,False,False,False,True,False,False,False,False
25,female,Asian,23.87175178527832,1.1282482147216797,25-34,True,False,False,True,False,False,False,False,False,False,False,True,False,False,False,False,False
36,female,Black,22.33454704284668,13.66545295715332,35-44,True,False,False,False,True,False,False,False,False,False,False,False,True,False,False,False,False
32,female,Indian,33.43930435180664,1.4393043518066406,25-34,True,False,False,False,False,True,False,False,False,False,False,True,False,False,False,False,False
42,male,White,37.92597579956055,4.074024200439453,35-44,False,True,False,False,False,False,False,True,False,False,False,False,True,False,False,False,False
62,male,White,64.88935089111328,2.8893508911132812,45-64,False,True,False,False,False,False,False,True,False,False,False,False,False,True,False,False,False
26,female,Asian,26.677274703979492,0.6772747039794922,25-34,True,False,False,True,False,False,False,False,False,False,False,True,False,False,False,False,False
18,female,Indian,28.054306030273438,10.054306030273438,18-24,True,False,False,False,False,True,False,False,False,False,True,False,False,False,False,False,False
35,male,Indian,26.227312088012695,8.772687911987305,35-44,False,True,False,False,False,True,False,False,False,False,False,False,True,False,False,False,False
1,male,White,1.189358115196228,0.18935811519622803,0-4,False,True,False,False,False,False,False,True,True,False,False,False,False,False,False,False,False
26,female,Black,28.24812889099121,2.248128890991211,25-34,True,False,False,False,True,False,False,False,False,False,False,True,False,False,False,False,False
25,female,Indian,25.469985961914062,0.4699859619140625,25-34,True,False,False,False,False,True,False,False,False,False,False,True,False,False,False,False,False
63,male,White,58.84882354736328,4.151176452636719,45-64,False,True,False,False,False,False,False,True,False,False,False,False,False,True,False,False,False
24,female,White,20.59990882873535,3.4000911712646484,18-24,True,False,False,False,False,False,False,True,False,False,True,False,False,False,False,False,False
55,male,White,48.602874755859375,6.397125244140625,45-64,False,True,False,False,False,False,False,True,False,False,False,False,False,True,False,False,False
7,female,White,5.787477970123291,1.212522029876709,5-17,True,False,False,False,False,False,False,True,False,True,False,False,False,False,False,False,False
47,male,Indian,45.908287048339844,1.0917129516601562,45-64,False,True,False,False,False,True,False,False,False,False,False,False,False,True,False,False,False
30,male,White,26.918498992919922,3.081501007080078,25-34,False,True,False,False,False,False,False,True,False,False,False,True,False,False,False,False,False
27,female,Black,23.995092391967773,3.0049076080322266,25-34,True,False,False,False,True,False,False,False,False,False,False,True,False,False,False,False,False
62,female,White,71.36681365966797,9.366813659667969,45-64,True,False,False,False,False,False,False,True,False,False,False,False,False,True,False,False,False
52,female,White,41.50402069091797,10.495979309082031,45-64,True,False,False,False,False,False,False,True,False,False,False,False,False,True,False,False,False
40,male,White,32.16862487792969,7.8313751220703125,35-44,False,True,False,False,False,False,False,True,False,False,False,False,True,False,False,False,False
31,female,Black,21.357065200805664,9.642934799194336,25-34,True,False,False,False,True,False,False,False,False,False,False,True,False,False,False,False,False
58,male,White,53.99375534057617,4.006244659423828,45-64,False,True,False,False,False,False,False,True,False,False,False,False,False,True,False,False,False
49,female,White,27.887487411499023,21.112512588500977,45-64,True,False,False,False,False,False,False,True,False,False,False,False,False,True,False,False,False
27,male,Asian,32.888126373291016,5.888126373291016,25-34,False,True,False,True,False,False,False,False,False,False,False,True,False,False,False,False,False
57,male,White,45.61797332763672,11.382026672363281,45-64,False,True,False,False,False,False,False,True,False,False,False,False,False,True,False,False,False
42,male,Asian,42.09281539916992,0.09281539916992188,35-44,False,True,False,True,False,False,False,False,False,False,False,False,True,False,False,False,False
70,male,Indian,63.31422805786133,6.685771942138672,65-84,False,True,False,False,False,True,False,False,False,False,False,False,False,False,True,False,False
50,male,Indian,49.13441467285156,0.8655853271484375,45-64,False,True,False,False,False,True,False,False,False,False,False,False,False,True,False,False,False
36,male,White,40.5777473449707,4.577747344970703,35-44,False,True,False,False,False,False,False,True,False,False,False,False,True,False,False,False,False
26,male,Others,30.937610626220703,4.937610626220703,25-34,False,True,False,False,False,False,True,False,False,False,False,True,False,False,False,False,False
42,male,Black,50.748741149902344,8.748741149902344,35-44,False,True,False,False,True,False,False,False,False,False,False,False,True,False,False,False,False
58,male,Indian,53.54253387451172,4.457466125488281,45-64,False,True,False,False,False,True,False,False,False,False,False,False,False,True,False,False,False
42,female,White,47.325374603271484,5.325374603271484,35-44,True,False,False,False,False,False,False,True,False,False,False,False,True,False,False,False,False
58,male,White,68.41020202636719,10.410202026367188,45-64,False,True,False,False,False,False,False,True,False,False,False,False,False,True,False,False,False
56,female,Black,35.1408576965332,20.859142303466797,45-64,True,False,False,False,True,False,False,False,False,False,False,False,False,True,False,False,False
62,male,Asian,62.76983642578125,0.76983642578125,45-64,False,True,False,True,False,False,False,False,False,False,False,False,False,True,False,False,False
50,female,White,57.20515060424805,7.205150604248047,45-64,True,False,False,False,False,False,False,True,False,False,False,False,False,True,False,False,False
28,male,Black,40.250484466552734,12.250484466552734,25-34,False,True,False,False,True,False,False,False,False,False,False,True,False,False,False,False,False
35,male,Black,43.28411865234375,8.28411865234375,35-44,False,True,False,False,True,False,False,False,False,False,False,False,True,False,False,False,False
35,female,Asian,31.554340362548828,3.445659637451172,35-44,True,False,False,True,False,False,False,False,False,False,False,False,True,False,False,False,False
29,male,White,25.72340965270996,3.276590347290039,25-34,False,True,False,False,False,False,False,True,False,False,False,True,False,False,False,False,False
15,female,Others,14.848222732543945,0.1517772674560547,5-17,True,False,False,False,False,False,True,False,False,True,False,False,False,False,False,False,False
61,male,White,52.840415954589844,8.159584045410156,45-64,False,True,False,False,False,False,False,True,False,False,False,False,False,True,False,False,False
24,male,Black,26.438461303710938,2.4384613037109375,18-24,False,True,False,False,True,False,False,False,False,False,True,False,False,False,False,False,False
6,male,Indian,12.140617370605469,6.140617370605469,5-17,False,True,False,False,False,True,False,False,False,True,False,False,False,False,False,False,False
26,male,White,31.658584594726562,5.6585845947265625,25-34,False,True,False,False,False,False,False,True,False,False,False,True,False,False,False,False,False
35,male,Asian,36.059818267822266,1.0598182678222656,35-44,False,True,False,True,False,False,False,False,False,False,False,False,True,False,False,False,False
7,male,Black,27.855100631713867,20.855100631713867,5-17,False,True,False,False,True,False,False,False,False,True,False,False,False,False,False,False,False
46,male,White,43.113399505615234,2.8866004943847656,45-64,False,True,False,False,False,False,False,True,False,False,False,False,False,True,False,False,False
16,female,Black,14.197240829467773,1.8027591705322266,5-17,True,False,False,False,True,False,False,False,False,True,False,False,False,False,False,False,False
24,female,Black,24.40452766418457,0.4045276641845703,18-24,True,False,False,False,True,False,False,False,False,False,True,False,False,False,False,False,False
24,female,Asian,27.926973342895508,3.926973342895508,18-24,True,False,False,True,False,False,False,False,False,False,True,False,False,False,False,False,False
32,male,White,32.186763763427734,0.18676376342773438,25-34,False,True,False,False,False,False,False,True,False,False,False,True,False,False,False,False,False
24,female,Black,21.436927795410156,2.5630722045898438,18-24,True,False,False,False,True,False,False,False,False,False,True,False,False,False,False,False,False
26,female,White,41.495811462402344,15.495811462402344,25-34,True,False,False,False,False,False,False,True,False,False,False,True,False,False,False,False,False
23,male,Black,21.76481819152832,1.2351818084716797,18-24,False,True,False,False,True,False,False,False,False,False,True,False,False,False,False,False,False
54,male,White,44.635414123535156,9.364585876464844,45-64,False,True,False,False,False,False,False,True,False,False,False,False,False,True,False,False,False
23,male,White,34.69922637939453,11.699226379394531,18-24,False,True,False,False,False,False,False,True,False,False,True,False,False,False,False,False,False
29,female,Black,27.897188186645508,1.1028118133544922,25-34,True,False,False,False,True,False,False,False,False,False,False,True,False,False,False,False,False
28,female,Asian,20.596193313598633,7.403806686401367,25-34,True,False,False,True,False,False,False,False,False,False,False,True,False,False,False,False,False
60,female,Black,52.704227447509766,7.295772552490234,45-64,True,False,False,False,True,False,False,False,False,False,False,False,False,True,False,False,False
1,male,Asian,4.293649673461914,3.293649673461914,0-4,False,True,False,True,False,False,False,False,True,False,False,False,False,False,False,False,False
3,male,Asian,0.13017362356185913,2.869826376438141,0-4,False,True,False,True,False,False,False,False,True,False,False,False,False,False,False,False,False
35,male,Indian,52.84209060668945,17.842090606689453,35-44,False,True,False,False,False,True,False,False,False,False,False,False,True,False,False,False,False
45,male,White,41.637123107910156,3.3628768920898438,45-64,False,True,False,False,False,False,False,True,False,False,False,False,False,True,False,False,False
21,female,Others,35.152652740478516,14.152652740478516,18-24,True,False,False,False,False,False,True,False,False,False,True,False,False,False,False,False,False
30,female,Indian,25.629281997680664,4.370718002319336,25-34,True,False,False,False,False,True,False,False,False,False,False,True,False,False,False,False,False
61,female,Asian,61.67161560058594,0.6716156005859375,45-64,True,False,False,True,False,False,False,False,False,False,False,False,False,True,False,False,False
32,female,Black,43.127357482910156,11.127357482910156,25-34,True,False,False,False,True,False,False,False,False,False,False,True,False,False,False,False,False
34,male,White,27.442020416259766,6.557979583740234,25-34,False,True,False,False,False,False,False,True,False,False,False,True,False,False,False,False,False
38,female,White,38.08222961425781,0.0822296142578125,35-44,True,False,False,False,False,False,False,True,False,False,False,False,True,False,False,False,False
25,female,Black,29.680116653442383,4.680116653442383,25-34,True,False,False,False,True,False,False,False,False,False,False,True,False,False,False,False,False
25,male,Others,19.94161033630371,5.058389663696289,25-34,False,True,False,False,False,False,True,False,False,False,False,True,False,False,False,False,False
20,female,White,20.690536499023438,0.6905364990234375,18-24,True,False,False,False,False,False,False,True,False,False,True,False,False,False,False,False,False
1,female,Asian,2.3052866458892822,1.3052866458892822,0-4,True,False,False,True,False,False,False,False,True,False,False,False,False,False,False,False,False
54,female,White,40.598575592041016,13.401424407958984,45-64,True,False,False,False,False,False,False,True,False,False,False,False,False,True,False,False,False
33,male,White,42.00201416015625,9.00201416015625,25-34,False,True,False,False,False,False,False,True,False,False,False,True,False,False,False,False,False
56,male,Asian,45.629478454589844,10.370521545410156,45-64,False,True,False,True,False,False,False,False,False,False,False,False,False,True,False,False,False
2,female,White,16.41534996032715,14.415349960327148,0-4,True,False,False,False,False,False,False,True,True,False,False,False,False,False,False,False,False
24,female,Asian,25.05217742919922,1.0521774291992188,18-24,True,False,False,True,False,False,False,False,False,False,True,False,False,False,False,False,False
4,female,Black,28.75584602355957,24.75584602355957,0-4,True,False,False,False,True,False,False,False,True,False,False,False,False,False,False,False,False
51,female,White,57.33485412597656,6.3348541259765625,45-64,True,False,False,False,False,False,False,True,False,False,False,False,False,True,False,False,False
16,female,White,19.700429916381836,3.700429916381836,5-17,True,False,False,False,False,False,False,True,False,True,False,False,False,False,False,False,False
35,male,Indian,43.14645767211914,8.14645767211914,35-44,False,True,False,False,False,True,False,False,False,False,False,False,True,False,False,False,False
9,male,White,6.231846809387207,2.768153190612793,5-17,False,True,False,False,False,False,False,True,False,True,False,False,False,False,False,False,False
46,female,Black,26.615610122680664,19.384389877319336,45-64,True,False,False,False,True,False,False,False,False,False,False,False,False,True,False,False,False
6,female,Others,7.85983419418335,1.8598341941833496,5-17,True,False,False,False,False,False,True,False,False,True,False,False,False,False,False,False,False
60,female,White,27.437091827392578,32.56290817260742,45-64,True,False,False,False,False,False,False,True,False,False,False,False,False,True,False,False,False
35,male,Asian,27.690128326416016,7.309871673583984,35-44,False,True,False,True,False,False,False,False,False,False,False,False,True,False,False,False,False
29,female,Black,28.4164981842041,0.5835018157958984,25-34,True,False,False,False,True,False,False,False,False,False,False,True,False,False,False,False,False
63,male,Others,59.84703063964844,3.1529693603515625,45-64,False,True,False,False,False,False,True,False,False,False,False,False,False,True,False,False,False
30,male,Asian,27.39551544189453,2.6044845581054688,25-34,False,True,False,True,False,False,False,False,False,False,False,True,False,False,False,False,False
23,female,White,29.614595413208008,6.614595413208008,18-24,True,False,False,False,False,False,False,True,False,False,True,False,False,False,False,False,False
44,male,Black,33.820655822753906,10.179344177246094,35-44,False,True,False,False,True,False,False,False,False,False,False,False,True,False,False,False,False
44,male,White,38.37989044189453,5.620109558105469,35-44,False,True,False,False,False,False,False,True,False,False,False,False,True,False,False,False,False
54,male,Black,45.64742660522461,8.35257339477539,45-64,False,True,False,False,True,False,False,False,False,False,False,False,False,True,False,False,False
30,male,White,31.497488021850586,1.497488021850586,25-34,False,True,False,False,False,False,False,True,False,False,False,True,False,False,False,False,False
2,female,Others,9.616305351257324,7.616305351257324,0-4,True,False,False,False,False,False,True,False,True,False,False,False,False,False,False,False,False
35,male,Indian,40.49089431762695,5.490894317626953,35-44,False,True,False,False,False,True,False,False,False,False,False,False,True,False,False,False,False
8,female,White,18.736013412475586,10.736013412475586,5-17,True,False,False,False,False,False,False,True,False,True,False,False,False,False,False,False,False
26,male,Indian,23.66886329650879,2.331136703491211,25-34,False,True,False,False,False,True,False,False,False,False,False,True,False,False,False,False,False
29,male,White,28.34092903137207,0.6590709686279297,25-34,False,True,False,False,False,False,False,True,False,False,False,True,False,False,False,False,False
31,female,Indian,23.536531448364258,7.463468551635742,25-34,True,False,False,False,False,True,False,False,False,False,False,True,False,False,False,False,False
16,male,Black,23.177988052368164,7.177988052368164,5-17,False,True,False,False,True,False,False,False,False,True,False,False,False,False,False,False,False
39,female,White,50.75495910644531,11.754959106445312,35-44,True,False,False,False,False,False,False,True,False,False,False,False,True,False,False,False,False
2,female,Indian,0.6904170513153076,1.3095829486846924,0-4,True,False,False,False,False,True,False,False,True,False,False,False,False,False,False,False,False
26,female,Asian,25.81782341003418,0.1821765899658203,25-34,True,False,False,True,False,False,False,False,False,False,False,True,False,False,False,False,False
30,female,Black,44.920997619628906,14.920997619628906,25-34,True,False,False,False,True,False,False,False,False,False,False,True,False,False,False,False,False
26,male,White,25.330141067504883,0.6698589324951172,25-34,False,True,False,False,False,False,False,True,False,False,False,True,False,False,False,False,False
32,male,White,43.539039611816406,11.539039611816406,25-34,False,True,False,False,False,False,False,True,False,False,False,True,False,False,False,False,False
7,male,White,7.033684730529785,0.033684730529785156,5-17,False,True,False,False,False,False,False,True,False,True,False,False,False,False,False,False,False
30,female,White,44.605079650878906,14.605079650878906,25-34,True,False,False,False,False,False,False,True,False,False,False,True,False,False,False,False,False
55,female,Indian,39.46282958984375,15.53717041015625,45-64,True,False,False,False,False,True,False,False,False,False,False,False,False,True,False,False,False
31,male,White,28.43001937866211,2.5699806213378906,25-34,False,True,False,False,False,False,False,True,False,False,False,True,False,False,False,False,False
54,male,Indian,41.27397918701172,12.726020812988281,45-64,False,True,False,False,False,True,False,False,False,False,False,False,False,True,False,False,False
1,male,Indian,2.62180233001709,1.6218023300170898,0-4,False,True,False,False,False,True,False,False,True,False,False,False,False,False,False,False,False
27,male,Asian,31.55719757080078,4.557197570800781,25-34,False,True,False,True,False,False,False,False,False,False,False,True,False,False,False,False,False
20,female,Asian,24.400257110595703,4.400257110595703,18-24,True,False,False,True,False,False,False,False,False,False,True,False,False,False,False,False,False
47,male,White,35.771568298339844,11.228431701660156,45-64,False,True,False,False,False,False,False,True,False,False,False,False,False,True,False,False,False
47,male,Indian,42.55599594116211,4.444004058837891,45-64,False,True,False,False,False,True,False,False,False,False,False,False,False,True,False,False,False
18,female,Black,22.56328010559082,4.56328010559082,18-24,True,False,False,False,True,False,False,False,False,False,True,False,False,False,False,False,False
54,female,White,30.993244171142578,23.006755828857422,45-64,True,False,False,False,False,False,False,True,False,False,False,False,False,True,False,False,False
75,male,White,69.48434448242188,5.515655517578125,65-84,False,True,False,False,False,False,False,True,False,False,False,False,False,False,True,False,False
17,female,Black,38.65428161621094,21.654281616210938,5-17,True,False,False,False,True,False,False,False,False,True,False,False,False,False,False,False,False
22,female,White,27.15076446533203,5.150764465332031,18-24,True,False,False,False,False,False,False,True,False,False,True,False,False,False,False,False,False
55,male,White,35.225914001464844,19.774085998535156,45-64,False,True,False,False,False,False,False,True,False,False,False,False,False,True,False,False,False
34,female,White,27.360811233520508,6.639188766479492,25-34,True,False,False,False,False,False,False,True,False,False,False,True,False,False,False,False,False
26,female,Indian,22.460922241210938,3.5390777587890625,25-34,True,False,False,False,False,True,False,False,False,False,False,True,False,False,False,False,False
55,male,Indian,39.110374450683594,15.889625549316406,45-64,False,True,False,False,False,True,False,False,False,False,False,False,False,True,False,False,False
46,male,White,46.19306945800781,0.1930694580078125,45-64,False,True,False,False,False,False,False,True,False,False,False,False,False,True,False,False,False
1,male,Asian,4.091827869415283,3.091827869415283,0-4,False,True,False,True,False,False,False,False,True,False,False,False,False,False,False,False,False
54,male,Indian,49.32746124267578,4.672538757324219,45-64,False,True,False,False,False,True,False,False,False,False,False,False,False,True,False,False,False
18,female,White,28.577804565429688,10.577804565429688,18-24,True,False,False,False,False,False,False,True,False,False,True,False,False,False,False,False,False
2,female,Asian,2.709385871887207,0.709385871887207,0-4,True,False,False,True,False,False,False,False,True,False,False,False,False,False,False,False,False
46,male,Indian,38.643287658691406,7.356712341308594,45-64,False,True,False,False,False,True,False,False,False,False,False,False,False,True,False,False,False
35,male,Others,36.293521881103516,1.2935218811035156,35-44,False,True,False,False,False,False,True,False,False,False,False,False,True,False,False,False,False
32,male,Others,28.69821548461914,3.3017845153808594,25-34,False,True,False,False,False,False,True,False,False,False,False,True,False,False,False,False,False
38,male,Asian,28.77985191345215,9.220148086547852,35-44,False,True,False,True,False,False,False,False,False,False,False,False,True,False,False,False,False
26,female,Asian,22.070354461669922,3.929645538330078,25-34,True,False,False,True,False,False,False,False,False,False,False,True,False,False,False,False,False
52,male,White,45.89197540283203,6.108024597167969,45-64,False,True,False,False,False,False,False,True,False,False,False,False,False,True,False,False,False
33,male,Asian,30.18994903564453,2.8100509643554688,25-34,False,True,False,True,False,False,False,False,False,False,False,True,False,False,False,False,False
26,female,White,17.85845375061035,8.141546249389648,25-34,True,False,False,False,False,False,False,True,False,False,False,True,False,False,False,False,False
16,female,Others,20.03306770324707,4.03306770324707,5-17,True,False,False,False,False,False,True,False,False,True,False,False,False,False,False,False,False
25,female,White,34.64097595214844,9.640975952148438,25-34,True,False,False,False,False,False,False,True,False,False,False,True,False,False,False,False,False
17,female,White,24.450471878051758,7.450471878051758,5-17,True,False,False,False,False,False,False,True,False,True,False,False,False,False,False,False,False
47,male,White,35.06745147705078,11.932548522949219,45-64,False,True,False,False,False,False,False,True,False,False,False,False,False,True,False,False,False
29,female,White,29.631067276000977,0.6310672760009766,25-34,True,False,False,False,False,False,False,True,False,False,False,True,False,False,False,False,False
63,male,White,54.36036682128906,8.639633178710938,45-64,False,True,False,False,False,False,False,True,False,False,False,False,False,True,False,False,False
65,male,White,73.68981170654297,8.689811706542969,65-84,False,True,False,False,False,False,False,True,False,False,False,False,False,False,True,False,False
1,female,Indian,2.1696786880493164,1.1696786880493164,0-4,True,False,False,False,False,True,False,False,True,False,False,False,False,False,False,False,False
40,female,White,55.96672821044922,15.966728210449219,35-44,True,False,False,False,False,False,False,True,False,False,False,False,True,False,False,False,False
40,male,White,27.45469856262207,12.54530143737793,35-44,False,True,False,False,False,False,False,True,False,False,False,False,True,False,False,False,False
14,female,White,39.75517272949219,25.755172729492188,5-17,True,False,False,False,False,False,False,True,False,True,False,False,False,False,False,False,False
58,male,Indian,67.29117584228516,9.291175842285156,45-64,False,True,False,False,False,True,False,False,False,False,False,False,False,True,False,False,False
29,male,Black,31.23724937438965,2.2372493743896484,25-34,False,True,False,False,True,False,False,False,False,False,False,True,False,False,False,False,False
32,male,White,22.308717727661133,9.691282272338867,25-34,False,True,False,False,False,False,False,True,False,False,False,True,False,False,False,False,False
9,male,White,9.765908241271973,0.7659082412719727,5-17,False,True,False,False,False,False,False,True,False,True,False,False,False,False,False,False,False
33,female,Black,24.658824920654297,8.341175079345703,25-34,True,False,False,False,True,False,False,False,False,False,False,True,False,False,False,False,False
3,female,White,6.648167610168457,3.648167610168457,0-4,True,False,False,False,False,False,False,True,True,False,False,False,False,False,False,False,False
88,female,Indian,71.71137237548828,16.28862762451172,85-99,True,False,False,False,False,True,False,False,False,False,False,False,False,False,False,True,False
53,male,White,54.49734115600586,1.4973411560058594,45-64,False,True,False,False,False,False,False,True,False,False,False,False,False,True,False,False,False
23,male,Others,23.152429580688477,0.15242958068847656,18-24,False,True,False,False,False,False,True,False,False,False,True,False,False,False,False,False,False
51,female,White,54.60675811767578,3.6067581176757812,45-64,True,False,False,False,False,False,False,True,False,False,False,False,False,True,False,False,False
69,female,Black,66.99188232421875,2.00811767578125,65-84,True,False,False,False,True,False,False,False,False,False,False,False,False,False,True,False,False
21,female,Black,24.395551681518555,3.3955516815185547,18-24,True,False,False,False,True,False,False,False,False,False,True,False,False,False,False,False,False
31,female,Black,35.144779205322266,4.144779205322266,25-34,True,False,False,False,True,False,False,False,False,False,False,True,False,False,False,False,False
27,female,White,29.87748908996582,2.8774890899658203,25-34,True,False,False,False,False,False,False,True,False,False,False,True,False,False,False,False,False
26,male,White,26.515539169311523,0.5155391693115234,25-34,False,True,False,False,False,False,False,True,False,False,False,True,False,False,False,False,False
36,male,White,39.385765075683594,3.3857650756835938,35-44,False,True,False,False,False,False,False,True,False,False,False,False,True,False,False,False,False
34,male,Black,40.01129150390625,6.01129150390625,25-34,False,True,False,False,True,False,False,False,False,False,False,True,False,False,False,False,False
38,female,Black,40.64762878417969,2.6476287841796875,35-44,True,False,False,False,True,False,False,False,False,False,False,False,True,False,False,False,False
26,female,White,24.948627471923828,1.0513725280761719,25-34,True,False,False,False,False,False,False,True,False,False,False,True,False,False,False,False,False
25,male,Others,37.941471099853516,12.941471099853516,25-34,False,True,False,False,False,False,True,False,False,False,False,True,False,False,False,False,False
69,female,White,61.07746124267578,7.922538757324219,65-84,True,False,False,False,False,False,False,True,False,False,False,False,False,False,True,False,False
22,male,White,25.646848678588867,3.646848678588867,18-24,False,True,False,False,False,False,False,True,False,False,True,False,False,False,False,False,False
85,female,White,79.88282775878906,5.1171722412109375,85-99,True,False,False,False,False,False,False,True,False,False,False,False,False,False,False,True,False
61,male,Black,53.439170837402344,7.560829162597656,45-64,False,True,False,False,True,False,False,False,False,False,False,False,False,True,False,False,False
24,female,White,34.902252197265625,10.902252197265625,18-24,True,False,False,False,False,False,False,True,False,False,True,False,False,False,False,False,False
58,male,Indian,63.398216247558594,5.398216247558594,45-64,False,True,False,False,False,True,False,False,False,False,False,False,False,True,False,False,False
25,male,White,24.656496047973633,0.3435039520263672,25-34,False,True,False,False,False,False,False,True,False,False,False,True,False,False,False,False,False
58,male,Indian,43.7237663269043,14.276233673095703,45-64,False,True,False,False,False,True,False,False,False,False,False,False,False,True,False,False,False
25,male,Indian,22.42337989807129,2.576620101928711,25-34,False,True,False,False,False,True,False,False,False,False,False,True,False,False,False,False,False
15,male,Others,16.150712966918945,1.1507129669189453,5-17,False,True,False,False,False,False,True,False,False,True,False,False,False,False,False,False,False
26,female,White,28.031953811645508,2.031953811645508,25-34,True,False,False,False,False,False,False,True,False,False,False,True,False,False,False,False,False
24,female,Asian,26.004005432128906,2.0040054321289062,18-24,True,False,False,True,False,False,False,False,False,False,True,False,False,False,False,False,False
69,female,White,71.96646881103516,2.9664688110351562,65-84,True,False,False,False,False,False,False,True,False,False,False,False,False,False,True,False,False
35,female,Indian,30.113733291625977,4.886266708374023,35-44,True,False,False,False,False,True,False,False,False,False,False,False,True,False,False,False,False
90,male,Asian,74.61418151855469,15.385818481445312,85-99,False,True,False,True,False,False,False,False,False,False,False,False,False,False,False,True,False
10,male,Others,14.86697006225586,4.866970062255859,5-17,False,True,False,False,False,False,True,False,False,True,False,False,False,False,False,False,False
28,male,Black,32.453880310058594,4.453880310058594,25-34,False,True,False,False,True,False,False,False,False,False,False,True,False,False,False,False,False
60,female,White,62.241756439208984,2.2417564392089844,45-64,True,False,False,False,False,False,False,True,False,False,False,False,False,True,False,False,False
54,male,White,35.134483337402344,18.865516662597656,45-64,False,True,False,False,False,False,False,True,False,False,False,False,False,True,False,False,False
10,female,White,19.94850730895996,9.948507308959961,5-17,True,False,False,False,False,False,False,True,False,True,False,False,False,False,False,False,False
21,female,Asian,24.1959171295166,3.1959171295166016,18-24,True,False,False,True,False,False,False,False,False,False,True,False,False,False,False,False,False
65,female,White,46.4891357421875,18.5108642578125,65-84,True,False,False,False,False,False,False,True,False,False,False,False,False,False,True,False,False
3,female,White,3.1045689582824707,0.1045689582824707,0-4,True,False,False,False,False,False,False,True,True,False,False,False,False,False,False,False,False
37,male,White,34.92766571044922,2.0723342895507812,35-44,False,True,False,False,False,False,False,True,False,False,False,False,True,False,False,False,False
35,male,White,21.866411209106445,13.133588790893555,35-44,False,True,False,False,False,False,False,True,False,False,False,False,True,False,False,False,False
20,male,Indian,27.446781158447266,7.446781158447266,18-24,False,True,False,False,False,True,False,False,False,False,True,False,False,False,False,False,False
22,female,White,25.401241302490234,3.4012413024902344,18-24,True,False,False,False,False,False,False,True,False,False,True,False,False,False,False,False,False
50,male,Indian,55.83201599121094,5.8320159912109375,45-64,False,True,False,False,False,True,False,False,False,False,False,False,False,True,False,False,False
30,female,Asian,22.011430740356445,7.988569259643555,25-34,True,False,False,True,False,False,False,False,False,False,False,True,False,False,False,False,False
38,male,White,30.34107780456543,7.65892219543457,35-44,False,True,False,False,False,False,False,True,False,False,False,False,True,False,False,False,False
32,male,Black,33.9370231628418,1.9370231628417969,25-34,False,True,False,False,True,False,False,False,False,False,False,True,False,False,False,False,False
23,female,Asian,22.412527084350586,0.5874729156494141,18-24,True,False,False,True,False,False,False,False,False,False,True,False,False,False,False,False,False
30,male,White,24.949663162231445,5.050336837768555,25-34,False,True,False,False,False,False,False,True,False,False,False,True,False,False,False,False,False
1,male,Others,1.4755796194076538,0.4755796194076538,0-4,False,True,False,False,False,False,True,False,True,False,False,False,False,False,False,False,False
39,male,White,33.381893157958984,5.618106842041016,35-44,False,True,False,False,False,False,False,True,False,False,False,False,True,False,False,False,False
46,male,White,30.740217208862305,15.259782791137695,45-64,False,True,False,False,False,False,False,True,False,False,False,False,False,True,False,False,False
26,female,Black,21.35253143310547,4.647468566894531,25-34,True,False,False,False,True,False,False,False,False,False,False,True,False,False,False,False,False
24,female,Indian,23.954509735107422,0.045490264892578125,18-24,True,False,False,False,False,True,False,False,False,False,True,False,False,False,False,False,False
28,female,Asian,26.461164474487305,1.5388355255126953,25-34,True,False,False,True,False,False,False,False,False,False,False,True,False,False,False,False,False
26,female,White,40.081207275390625,14.081207275390625,25-34,True,False,False,False,False,False,False,True,False,False,False,True,False,False,False,False,False
61,male,Indian,36.39836120605469,24.601638793945312,45-64,False,True,False,False,False,True,False,False,False,False,False,False,False,True,False,False,False
54,male,Asian,42.955806732177734,11.044193267822266,45-64,False,True,False,True,False,False,False,False,False,False,False,False,False,True,False,False,False
27,female,White,28.990060806274414,1.990060806274414,25-34,True,False,False,False,False,False,False,True,False,False,False,True,False,False,False,False,False
95,female,White,85.76094818115234,9.239051818847656,85-99,True,False,False,False,False,False,False,True,False,False,False,False,False,False,False,True,False
61,female,White,53.87565994262695,7.124340057373047,45-64,True,False,False,False,False,False,False,True,False,False,False,False,False,True,False,False,False
48,male,Indian,48.354400634765625,0.354400634765625,45-64,False,True,False,False,False,True,False,False,False,False,False,False,False,True,False,False,False
26,female,Black,26.362810134887695,0.3628101348876953,25-34,True,False,False,False,True,False,False,False,False,False,False,True,False,False,False,False,False
29,female,White,40.50250244140625,11.50250244140625,25-34,True,False,False,False,False,False,False,True,False,False,False,True,False,False,False,False,False
26,male,Black,25.7498722076416,0.25012779235839844,25-34,False,True,False,False,True,False,False,False,False,False,False,True,False,False,False,False,False
24,female,Indian,19.81125831604004,4.188741683959961,18-24,True,False,False,False,False,True,False,False,False,False,True,False,False,False,False,False,False
26,female,Black,19.20916748046875,6.79083251953125,25-34,True,False,False,False,True,False,False,False,False,False,False,True,False,False,False,False,False
28,female,Asian,26.640222549438477,1.3597774505615234,25-34,True,False,False,True,False,False,False,False,False,False,False,True,False,False,False,False,False
1,male,White,0.46402508020401,0.53597491979599,0-4,False,True,False,False,False,False,False,True,True,False,False,False,False,False,False,False,False
46,female,Indian,42.8078727722168,3.192127227783203,45-64,True,False,False,False,False,True,False,False,False,False,False,False,False,True,False,False,False
45,male,Others,29.50347328186035,15.496526718139648,45-64,False,True,False,False,False,False,True,False,False,False,False,False,False,True,False,False,False
10,female,White,7.016210556030273,2.9837894439697266,5-17,True,False,False,False,False,False,False,True,False,True,False,False,False,False,False,False,False
37,male,Indian,32.27225112915039,4.727748870849609,35-44,False,True,False,False,False,True,False,False,False,False,False,False,True,False,False,False,False
1,female,Asian,0.26552510261535645,0.7344748973846436,0-4,True,False,False,True,False,False,False,False,True,False,False,False,False,False,False,False,False
40,male,White,30.89867401123047,9.101325988769531,35-44,False,True,False,False,False,False,False,True,False,False,False,False,True,False,False,False,False
34,female,Indian,30.643468856811523,3.3565311431884766,25-34,True,False,False,False,False,True,False,False,False,False,False,True,False,False,False,False,False
31,female,Black,28.52863121032715,2.4713687896728516,25-34,True,False,False,False,True,False,False,False,False,False,False,True,False,False,False,False,False
31,female,White,25.676359176635742,5.323640823364258,25-34,True,False,False,False,False,False,False,True,False,False,False,True,False,False,False,False,False
1,female,Others,0.3276340961456299,0.6723659038543701,0-4,True,False,False,False,False,False,True,False,True,False,False,False,False,False,False,False,False
23,male,White,24.78631591796875,1.78631591796875,18-24,False,True,False,False,False,False,False,True,False,False,True,False,False,False,False,False,False
40,male,Black,31.595483779907227,8.404516220092773,35-44,False,True,False,False,True,False,False,False,False,False,False,False,True,False,False,False,False
22,female,Black,25.7194881439209,3.7194881439208984,18-24,True,False,False,False,True,False,False,False,False,False,True,False,False,False,False,False,False
45,male,Indian,55.17326354980469,10.173263549804688,45-64,False,True,False,False,False,True,False,False,False,False,False,False,False,True,False,False,False
68,male,Asian,56.02833557128906,11.971664428710938,65-84,False,True,False,True,False,False,False,False,False,False,False,False,False,False,True,False,False
2,male,White,3.0673084259033203,1.0673084259033203,0-4,False,True,False,False,False,False,False,True,True,False,False,False,False,False,False,False,False
35,female,White,24.508859634399414,10.491140365600586,35-44,True,False,False,False,False,False,False,True,False,False,False,False,True,False,False,False,False
15,male,Indian,20.296161651611328,5.296161651611328,5-17,False,True,False,False,False,True,False,False,False,True,False,False,False,False,False,False,False
34,male,Indian,29.54884147644043,4.45115852355957,25-34,False,True,False,False,False,True,False,False,False,False,False,True,False,False,False,False,False
28,male,Indian,29.69394302368164,1.6939430236816406,25-34,False,True,False,False,False,True,False,False,False,False,False,True,False,False,False,False,False
13,female,Others,17.16505241394043,4.16505241394043,5-17,True,False,False,False,False,False,True,False,False,True,False,False,False,False,False,False,False
1,male,Others,-0.009413866326212883,1.0094138663262129,0-4,False,True,False,False,False,False,True,False,True,False,False,False,False,False,False,False,False
47,male,Black,47.2132568359375,0.2132568359375,45-64,False,True,False,False,True,False,False,False,False,False,False,False,False,True,False,False,False
28,female,Black,25.18525505065918,2.8147449493408203,25-34,True,False,False,False,True,False,False,False,False,False,False,True,False,False,False,False,False
29,female,Black,29.17360496520996,0.17360496520996094,25-34,True,False,False,False,True,False,False,False,False,False,False,True,False,False,False,False,False
28,male,White,28.670860290527344,0.6708602905273438,25-34,False,True,False,False,False,False,False,True,False,False,False,True,False,False,False,False,False
2,female,Asian,3.2672102451324463,1.2672102451324463,0-4,True,False,False,True,False,False,False,False,True,False,False,False,False,False,False,False,False
35,female,White,28.708715438842773,6.291284561157227,35-44,True,False,False,False,False,False,False,True,False,False,False,False,True,False,False,False,False
21,female,Asian,22.380027770996094,1.3800277709960938,18-24,True,False,False,True,False,False,False,False,False,False,True,False,False,False,False,False,False
36,female,Black,28.55784034729004,7.442159652709961,35-44,True,False,False,False,True,False,False,False,False,False,False,False,True,False,False,False,False
58,male,White,53.01435470581055,4.985645294189453,45-64,False,True,False,False,False,False,False,True,False,False,False,False,False,True,False,False,False
35,female,Asian,35.66159439086914,0.6615943908691406,35-44,True,False,False,True,False,False,False,False,False,False,False,False,True,False,False,False,False
24,female,White,41.54559326171875,17.54559326171875,18-24,True,False,False,False,False,False,False,True,False,False,True,False,False,False,False,False,False
25,male,White,27.965238571166992,2.965238571166992,25-34,False,True,False,False,False,False,False,True,False,False,False,True,False,False,False,False,False
72,male,White,62.58076477050781,9.419235229492188,65-84,False,True,False,False,False,False,False,True,False,False,False,False,False,False,True,False,False
49,male,White,50.07134246826172,1.0713424682617188,45-64,False,True,False,False,False,False,False,True,False,False,False,False,False,True,False,False,False
64,male,White,46.86883544921875,17.13116455078125,45-64,False,True,False,False,False,False,False,True,False,False,False,False,False,True,False,False,False
26,female,Others,23.37118911743164,2.6288108825683594,25-34,True,False,False,False,False,False,True,False,False,False,False,True,False,False,False,False,False
46,male,Others,32.760948181152344,13.239051818847656,45-64,False,True,False,False,False,False,True,False,False,False,False,False,False,True,False,False,False
19,male,White,27.550491333007812,8.550491333007812,18-24,False,True,False,False,False,False,False,True,False,False,True,False,False,False,False,False,False
12,female,Indian,19.236791610717773,7.236791610717773,5-17,True,False,False,False,False,True,False,False,False,True,False,False,False,False,False,False,False
35,female,Black,36.08534622192383,1.0853462219238281,35-44,True,False,False,False,True,False,False,False,False,False,False,False,True,False,False,False,False
34,female,White,38.73035430908203,4.730354309082031,25-34,True,False,False,False,False,False,False,True,False,False,False,True,False,False,False,False,False
10,male,White,29.367509841918945,19.367509841918945,5-17,False,True,False,False,False,False,False,True,False,True,False,False,False,False,False,False,False
67,male,Asian,63.249977111816406,3.7500228881835938,65-84,False,True,False,True,False,False,False,False,False,False,False,False,False,False,True,False,False
35,female,White,35.80057907104492,0.8005790710449219,35-44,True,False,False,False,False,False,False,True,False,False,False,False,True,False,False,False,False
30,male,Black,34.71584701538086,4.715847015380859,25-34,False,True,False,False,True,False,False,False,False,False,False,True,False,False,False,False,False
26,male,Indian,27.874330520629883,1.8743305206298828,25-34,False,True,False,False,False,True,False,False,False,False,False,True,False,False,False,False,False
25,male,Indian,27.015905380249023,2.0159053802490234,25-34,False,True,False,False,False,True,False,False,False,False,False,True,False,False,False,False,False
34,male,Black,33.4443359375,0.5556640625,25-34,False,True,False,False,True,False,False,False,False,False,False,True,False,False,False,False,False
26,female,Black,37.23695755004883,11.236957550048828,25-34,True,False,False,False,True,False,False,False,False,False,False,True,False,False,False,False,False
35,male,Indian,26.452024459838867,8.547975540161133,35-44,False,True,False,False,False,True,False,False,False,False,False,False,True,False,False,False,False
30,female,White,29.380403518676758,0.6195964813232422,25-34,True,False,False,False,False,False,False,True,False,False,False,True,False,False,False,False,False
25,male,Indian,34.15767288208008,9.157672882080078,25-34,False,True,False,False,False,True,False,False,False,False,False,True,False,False,False,False,False
8,male,White,8.365785598754883,0.3657855987548828,5-17,False,True,False,False,False,False,False,True,False,True,False,False,False,False,False,False,False
54,male,White,43.97345733642578,10.026542663574219,45-64,False,True,False,False,False,False,False,True,False,False,False,False,False,True,False,False,False
26,female,Black,25.83310317993164,0.16689682006835938,25-34,True,False,False,False,True,False,False,False,False,False,False,True,False,False,False,False,False
26,female,White,28.08170509338379,2.081705093383789,25-34,True,False,False,False,False,False,False,True,False,False,False,True,False,False,False,False,False
32,male,Asian,40.778076171875,8.778076171875,25-34,False,True,False,True,False,False,False,False,False,False,False,True,False,False,False,False,False
16,male,Asian,12.922622680664062,3.0773773193359375,5-17,False,True,False,True,False,False,False,False,False,True,False,False,False,False,False,False,False
24,male,Indian,27.722505569458008,3.722505569458008,18-24,False,True,False,False,False,True,False,False,False,False,True,False,False,False,False,False,False
60,male,Indian,53.19255828857422,6.807441711425781,45-64,False,True,False,False,False,True,False,False,False,False,False,False,False,True,False,False,False
2,male,White,0.919411838054657,1.080588161945343,0-4,False,True,False,False,False,False,False,True,True,False,False,False,False,False,False,False,False
30,female,Black,27.150625228881836,2.849374771118164,25-34,True,False,False,False,True,False,False,False,False,False,False,True,False,False,False,False,False
39,female,Indian,26.725662231445312,12.274337768554688,35-44,True,False,False,False,False,True,False,False,False,False,False,False,True,False,False,False,False
1,male,Indian,0.913740873336792,0.08625912666320801,0-4,False,True,False,False,False,True,False,False,True,False,False,False,False,False,False,False,False
26,female,Asian,19.799549102783203,6.200450897216797,25-34,True,False,False,True,False,False,False,False,False,False,False,True,False,False,False,False,False
52,male,Indian,53.670249938964844,1.6702499389648438,45-64,False,True,False,False,False,True,False,False,False,False,False,False,False,True,False,False,False
26,male,Black,43.1270866394043,17.127086639404297,25-34,False,True,False,False,True,False,False,False,False,False,False,True,False,False,False,False,False
48,male,Indian,49.91181945800781,1.9118194580078125,45-64,False,True,False,False,False,True,False,False,False,False,False,False,False,True,False,False,False
61,male,Indian,54.27124786376953,6.728752136230469,45-64,False,True,False,False,False,True,False,False,False,False,False,False,False,True,False,False,False
74,female,White,62.83720779418945,11.162792205810547,65-84,True,False,False,False,False,False,False,True,False,False,False,False,False,False,True,False,False
1,female,Asian,0.03985530138015747,0.9601446986198425,0-4,True,False,False,True,False,False,False,False,True,False,False,False,False,False,False,False,False
29,female,Black,26.46572494506836,2.5342750549316406,25-34,True,False,False,False,True,False,False,False,False,False,False,True,False,False,False,False,False
28,female,White,22.312379837036133,5.687620162963867,25-34,True,False,False,False,False,False,False,True,False,False,False,True,False,False,False,False,False
43,female,White,54.32828903198242,11.328289031982422,35-44,True,False,False,False,False,False,False,True,False,False,False,False,True,False,False,False,False
40,female,White,22.922706604003906,17.077293395996094,35-44,True,False,False,False,False,False,False,True,False,False,False,False,True,False,False,False,False
15,male,White,17.023910522460938,2.0239105224609375,5-17,False,True,False,False,False,False,False,True,False,True,False,False,False,False,False,False,False
26,female,White,28.856367111206055,2.8563671112060547,25-34,True,False,False,False,False,False,False,True,False,False,False,True,False,False,False,False,False
58,male,White,63.843048095703125,5.843048095703125,45-64,False,True,False,False,False,False,False,True,False,False,False,False,False,True,False,False,False
32,female,Indian,33.28770446777344,1.2877044677734375,25-34,True,False,False,False,False,True,False,False,False,False,False,True,False,False,False,False,False
26,female,Indian,27.421667098999023,1.4216670989990234,25-34,True,False,False,False,False,True,False,False,False,False,False,True,False,False,False,False,False
25,male,Indian,28.440401077270508,3.440401077270508,25-34,False,True,False,False,False,True,False,False,False,False,False,True,False,False,False,False,False
75,male,Black,46.19416427612305,28.805835723876953,65-84,False,True,False,False,True,False,False,False,False,False,False,False,False,False,True,False,False
100,female,White,79.26392364501953,20.73607635498047,100-119,True,False,False,False,False,False,False,True,False,False,False,False,False,False,False,False,True
32,female,White,27.77760887145996,4.222391128540039,25-34,True,False,False,False,False,False,False,True,False,False,False,True,False,False,False,False,False
29,male,Black,30.441207885742188,1.4412078857421875,25-34,False,True,False,False,True,False,False,False,False,False,False,True,False,False,False,False,False
36,female,Indian,31.92183494567871,4.078165054321289,35-44,True,False,False,False,False,True,False,False,False,False,False,False,True,False,False,False,False
29,female,White,29.87141990661621,0.8714199066162109,25-34,True,False,False,False,False,False,False,True,False,False,False,True,False,False,False,False,False
25,male,Indian,24.566072463989258,0.4339275360107422,25-34,False,True,False,False,False,True,False,False,False,False,False,True,False,False,False,False,False
35,female,Black,26.80653190612793,8.19346809387207,35-44,True,False,False,False,True,False,False,False,False,False,False,False,True,False,False,False,False
63,male,White,65.65741729736328,2.6574172973632812,45-64,False,True,False,False,False,False,False,True,False,False,False,False,False,True,False,False,False
86,male,White,90.2241439819336,4.224143981933594,85-99,False,True,False,False,False,False,False,True,False,False,False,False,False,False,False,True,False
28,male,Black,24.144622802734375,3.855377197265625,25-34,False,True,False,False,True,False,False,False,False,False,False,True,False,False,False,False,False
22,male,Asian,21.69797134399414,0.3020286560058594,18-24,False,True,False,True,False,False,False,False,False,False,True,False,False,False,False,False,False
26,female,Indian,26.525007247924805,0.5250072479248047,25-34,True,False,False,False,False,True,False,False,False,False,False,True,False,False,False,False,False
24,female,Asian,24.92521858215332,0.9252185821533203,18-24,True,False,False,True,False,False,False,False,False,False,True,False,False,False,False,False,False
1,male,Asian,-0.021380780264735222,1.0213807802647352,0-4,False,True,False,True,False,False,False,False,True,False,False,False,False,False,False,False,False
35,female,White,38.969696044921875,3.969696044921875,35-44,True,False,False,False,False,False,False,True,False,False,False,False,True,False,False,False,False
35,male,White,22.647268295288086,12.352731704711914,35-44,False,True,False,False,False,False,False,True,False,False,False,False,True,False,False,False,False
63,male,White,71.48548126220703,8.485481262207031,45-64,False,True,False,False,False,False,False,True,False,False,False,False,False,True,False,False,False
55,male,Indian,42.87532043457031,12.124679565429688,45-64,False,True,False,False,False,True,False,False,False,False,False,False,False,True,False,False,False
61,female,Indian,63.31772994995117,2.317729949951172,45-64,True,False,False,False,False,True,False,False,False,False,False,False,False,True,False,False,False
26,female,Black,17.789615631103516,8.210384368896484,25-34,True,False,False,False,True,False,False,False,False,False,False,True,False,False,False,False,False
29,female,White,27.194272994995117,1.8057270050048828,25-34,True,False,False,False,False,False,False,True,False,False,False,True,False,False,False,False,False
38,male,Black,26.5438175201416,11.456182479858398,35-44,False,True,False,False,True,False,False,False,False,False,False,False,True,False,False,False,False
35,female,Asian,26.293787002563477,8.706212997436523,35-44,True,False,False,True,False,False,False,False,False,False,False,False,True,False,False,False,False
52,male,White,62.1829833984375,10.1829833984375,45-64,False,True,False,False,False,False,False,True,False,False,False,False,False,True,False,False,False
26,female,Black,31.015520095825195,5.015520095825195,25-34,True,False,False,False,True,False,False,False,False,False,False,True,False,False,False,False,False
54,male,Indian,56.99456024169922,2.9945602416992188,45-64,False,True,False,False,False,True,False,False,False,False,False,False,False,True,False,False,False
50,male,White,46.46449279785156,3.5355072021484375,45-64,False,True,False,False,False,False,False,True,False,False,False,False,False,True,False,False,False
25,male,Indian,37.43345642089844,12.433456420898438,25-34,False,True,False,False,False,True,False,False,False,False,False,True,False,False,False,False,False
60,female,White,49.931148529052734,10.068851470947266,45-64,True,False,False,False,False,False,False,True,False,False,False,False,False,True,False,False,False
24,female,White,32.33392333984375,8.33392333984375,18-24,True,False,False,False,False,False,False,True,False,False,True,False,False,False,False,False,False
40,male,White,42.74095916748047,2.7409591674804688,35-44,False,True,False,False,False,False,False,True,False,False,False,False,True,False,False,False,False
60,male,Indian,56.507911682128906,3.4920883178710938,45-64,False,True,False,False,False,True,False,False,False,False,False,False,False,True,False,False,False
22,male,White,31.972814559936523,9.972814559936523,18-24,False,True,False,False,False,False,False,True,False,False,True,False,False,False,False,False,False
32,female,Others,19.86000633239746,12.139993667602539,25-34,True,False,False,False,False,False,True,False,False,False,False,True,False,False,False,False,False
80,male,White,64.96674346923828,15.033256530761719,65-84,False,True,False,False,False,False,False,True,False,False,False,False,False,False,True,False,False
27,female,Asian,30.296781539916992,3.296781539916992,25-34,True,False,False,True,False,False,False,False,False,False,False,True,False,False,False,False,False
17,female,Black,18.639039993286133,1.6390399932861328,5-17,True,False,False,False,True,False,False,False,False,True,False,False,False,False,False,False,False
45,male,Black,32.441162109375,12.558837890625,45-64,False,True,False,False,True,False,False,False,False,False,False,False,False,True,False,False,False
31,male,Asian,32.610687255859375,1.610687255859375,25-34,False,True,False,True,False,False,False,False,False,False,False,True,False,False,False,False,False
4,female,Asian,11.67268180847168,7.67268180847168,0-4,True,False,False,True,False,False,False,False,True,False,False,False,False,False,False,False,False
25,female,Indian,27.430940628051758,2.430940628051758,25-34,True,False,False,False,False,True,False,False,False,False,False,True,False,False,False,False,False
80,male,White,81.7052230834961,1.7052230834960938,65-84,False,True,False,False,False,False,False,True,False,False,False,False,False,False,True,False,False
52,male,Black,54.83100128173828,2.8310012817382812,45-64,False,True,False,False,True,False,False,False,False,False,False,False,False,True,False,False,False
27,female,Black,25.4227237701416,1.5772762298583984,25-34,True,False,False,False,True,False,False,False,False,False,False,True,False,False,False,False,False
52,male,White,41.975921630859375,10.024078369140625,45-64,False,True,False,False,False,False,False,True,False,False,False,False,False,True,False,False,False
62,male,White,51.32612609863281,10.673873901367188,45-64,False,True,False,False,False,False,False,True,False,False,False,False,False,True,False,False,False
1,female,Asian,2.0582892894744873,1.0582892894744873,0-4,True,False,False,True,False,False,False,False,True,False,False,False,False,False,False,False,False
26,female,White,21.734813690185547,4.265186309814453,25-34,True,False,False,False,False,False,False,True,False,False,False,True,False,False,False,False,False
44,male,Indian,45.632568359375,1.632568359375,35-44,False,True,False,False,False,True,False,False,False,False,False,False,True,False,False,False,False
55,male,White,52.86005401611328,2.1399459838867188,45-64,False,True,False,False,False,False,False,True,False,False,False,False,False,True,False,False,False
25,male,White,23.717418670654297,1.2825813293457031,25-34,False,True,False,False,False,False,False,True,False,False,False,True,False,False,False,False,False
44,male,Indian,31.7763729095459,12.223627090454102,35-44,False,True,False,False,False,True,False,False,False,False,False,False,True,False,False,False,False
4,male,White,1.681754469871521,2.318245530128479,0-4,False,True,False,False,False,False,False,True,True,False,False,False,False,False,False,False,False
65,female,White,50.639041900634766,14.360958099365234,65-84,True,False,False,False,False,False,False,True,False,False,False,False,False,False,True,False,False
1,male,Indian,-0.7230401635169983,1.7230401635169983,0-4,False,True,False,False,False,True,False,False,True,False,False,False,False,False,False,False,False
54,male,White,42.416866302490234,11.583133697509766,45-64,False,True,False,False,False,False,False,True,False,False,False,False,False,True,False,False,False
27,male,Indian,37.765167236328125,10.765167236328125,25-34,False,True,False,False,False,True,False,False,False,False,False,True,False,False,False,False,False
25,female,Indian,20.252416610717773,4.747583389282227,25-34,True,False,False,False,False,True,False,False,False,False,False,True,False,False,False,False,False
56,male,Indian,44.02508544921875,11.97491455078125,45-64,False,True,False,False,False,True,False,False,False,False,False,False,False,True,False,False,False
45,male,Black,39.548194885253906,5.451805114746094,45-64,False,True,False,False,True,False,False,False,False,False,False,False,False,True,False,False,False
61,male,White,71.16844940185547,10.168449401855469,45-64,False,True,False,False,False,False,False,True,False,False,False,False,False,True,False,False,False
26,female,Indian,25.39963722229004,0.6003627777099609,25-34,True,False,False,False,False,True,False,False,False,False,False,True,False,False,False,False,False
30,male,White,42.58277893066406,12.582778930664062,25-34,False,True,False,False,False,False,False,True,False,False,False,True,False,False,False,False,False
45,male,White,54.727699279785156,9.727699279785156,45-64,False,True,False,False,False,False,False,True,False,False,False,False,False,True,False,False,False
37,female,Asian,31.55942726135254,5.440572738647461,35-44,True,False,False,True,False,False,False,False,False,False,False,False,True,False,False,False,False
75,female,White,61.13637924194336,13.86362075805664,65-84,True,False,False,False,False,False,False,True,False,False,False,False,False,False,True,False,False
38,female,Black,27.964542388916016,10.035457611083984,35-44,True,False,False,False,True,False,False,False,False,False,False,False,True,False,False,False,False
1,female,Others,0.0547085702419281,0.9452914297580719,0-4,True,False,False,False,False,False,True,False,True,False,False,False,False,False,False,False,False
26,female,White,27.516746520996094,1.5167465209960938,25-34,True,False,False,False,False,False,False,True,False,False,False,True,False,False,False,False,False
52,male,Indian,45.04191589355469,6.9580841064453125,45-64,False,True,False,False,False,True,False,False,False,False,False,False,False,True,False,False,False
17,male,White,28.663713455200195,11.663713455200195,5-17,False,True,False,False,False,False,False,True,False,True,False,False,False,False,False,False,False
40,male,Black,33.80863952636719,6.1913604736328125,35-44,False,True,False,False,True,False,False,False,False,False,False,False,True,False,False,False,False
23,male,Asian,25.086698532104492,2.086698532104492,18-24,False,True,False,True,False,False,False,False,False,False,True,False,False,False,False,False,False
30,female,Black,25.851491928100586,4.148508071899414,25-34,True,False,False,False,True,False,False,False,False,False,False,True,False,False,False,False,False
25,female,Asian,24.725387573242188,0.2746124267578125,25-34,True,False,False,True,False,False,False,False,False,False,False,True,False,False,False,False,False
37,male,Black,49.57696533203125,12.57696533203125,35-44,False,True,False,False,True,False,False,False,False,False,False,False,True,False,False,False,False
64,male,White,67.3526382446289,3.3526382446289062,45-64,False,True,False,False,False,False,False,True,False,False,False,False,False,True,False,False,False
30,female,Asian,33.24243927001953,3.2424392700195312,25-34,True,False,False,True,False,False,False,False,False,False,False,True,False,False,False,False,False
30,male,White,24.43872833251953,5.561271667480469,25-34,False,True,False,False,False,False,False,True,False,False,False,True,False,False,False,False,False
26,female,Asian,26.875364303588867,0.8753643035888672,25-34,True,False,False,True,False,False,False,False,False,False,False,True,False,False,False,False,False
51,male,Black,47.17628479003906,3.8237152099609375,45-64,False,True,False,False,True,False,False,False,False,False,False,False,False,True,False,False,False
9,male,White,24.85630989074707,15.85630989074707,5-17,False,True,False,False,False,False,False,True,False,True,False,False,False,False,False,False,False
3,female,Asian,8.391256332397461,5.391256332397461,0-4,True,False,False,True,False,False,False,False,True,False,False,False,False,False,False,False,False
30,female,Asian,20.615041732788086,9.384958267211914,25-34,True,False,False,True,False,False,False,False,False,False,False,True,False,False,False,False,False
35,male,Indian,35.59630584716797,0.5963058471679688,35-44,False,True,False,False,False,True,False,False,False,False,False,False,True,False,False,False,False
32,male,Others,32.52348327636719,0.5234832763671875,25-34,False,True,False,False,False,False,True,False,False,False,False,True,False,False,False,False,False
26,female,White,24.111120223999023,1.8888797760009766,25-34,True,False,False,False,False,False,False,True,False,False,False,True,False,False,False,False,False
32,male,Black,29.058130264282227,2.9418697357177734,25-34,False,True,False,False,True,False,False,False,False,False,False,True,False,False,False,False,False
30,female,White,24.05802345275879,5.941976547241211,25-34,True,False,False,False,False,False,False,True,False,False,False,True,False,False,False,False,False
6,male,Indian,20.85001564025879,14.850015640258789,5-17,False,True,False,False,False,True,False,False,False,True,False,False,False,False,False,False,False
23,male,Indian,30.266817092895508,7.266817092895508,18-24,False,True,False,False,False,True,False,False,False,False,True,False,False,False,False,False,False
24,male,White,21.395832061767578,2.604167938232422,18-24,False,True,False,False,False,False,False,True,False,False,True,False,False,False,False,False,False
28,female,Indian,30.465896606445312,2.4658966064453125,25-34,True,False,False,False,False,True,False,False,False,False,False,True,False,False,False,False,False
21,female,Asian,25.24751853942871,4.247518539428711,18-24,True,False,False,True,False,False,False,False,False,False,True,False,False,False,False,False,False
27,female,Indian,21.297651290893555,5.702348709106445,25-34,True,False,False,False,False,True,False,False,False,False,False,True,False,False,False,False,False
3,male,Black,16.0139102935791,13.013910293579102,0-4,False,True,False,False,True,False,False,False,True,False,False,False,False,False,False,False,False
55,female,Indian,56.212486267089844,1.2124862670898438,45-64,True,False,False,False,False,True,False,False,False,False,False,False,False,True,False,False,False
29,female,Black,27.252063751220703,1.7479362487792969,25-34,True,False,False,False,True,False,False,False,False,False,False,True,False,False,False,False,False
49,female,White,59.51008605957031,10.510086059570312,45-64,True,False,False,False,False,False,False,True,False,False,False,False,False,True,False,False,False
26,male,Indian,30.49845314025879,4.498453140258789,25-34,False,True,False,False,False,True,False,False,False,False,False,True,False,False,False,False,False
3,female,Indian,5.85701847076416,2.85701847076416,0-4,True,False,False,False,False,True,False,False,True,False,False,False,False,False,False,False,False
83,male,White,77.62970733642578,5.370292663574219,65-84,False,True,False,False,False,False,False,True,False,False,False,False,False,False,True,False,False
27,female,Black,29.167564392089844,2.1675643920898438,25-34,True,False,False,False,True,False,False,False,False,False,False,True,False,False,False,False,False
27,male,Indian,38.45152282714844,11.451522827148438,25-34,False,True,False,False,False,True,False,False,False,False,False,True,False,False,False,False,False
15,female,White,12.882792472839355,2.1172075271606445,5-17,True,False,False,False,False,False,False,True,False,True,False,False,False,False,False,False,False
47,male,Indian,46.053489685058594,0.9465103149414062,45-64,False,True,False,False,False,True,False,False,False,False,False,False,False,True,False,False,False
26,female,Black,24.419919967651367,1.5800800323486328,25-34,True,False,False,False,True,False,False,False,False,False,False,True,False,False,False,False,False
32,male,Indian,37.560691833496094,5.560691833496094,25-34,False,True,False,False,False,True,False,False,False,False,False,True,False,False,False,False,False
68,male,White,52.6941032409668,15.305896759033203,65-84,False,True,False,False,False,False,False,True,False,False,False,False,False,False,True,False,False
29,female,Asian,22.72694206237793,6.27305793762207,25-34,True,False,False,True,False,False,False,False,False,False,False,True,False,False,False,False,False
30,female,White,31.66563606262207,1.6656360626220703,25-34,True,False,False,False,False,False,False,True,False,False,False,True,False,False,False,False,False
45,male,Black,44.88915252685547,0.11084747314453125,45-64,False,True,False,False,True,False,False,False,False,False,False,False,False,True,False,False,False
32,female,White,24.33885383605957,7.66114616394043,25-34,True,False,False,False,False,False,False,True,False,False,False,True,False,False,False,False,False
11,female,White,4.893167495727539,6.106832504272461,5-17,True,False,False,False,False,False,False,True,False,True,False,False,False,False,False,False,False
65,male,White,71.82472229003906,6.8247222900390625,65-84,False,True,False,False,False,False,False,True,False,False,False,False,False,False,True,False,False
49,male,White,41.16828918457031,7.8317108154296875,45-64,False,True,False,False,False,False,False,True,False,False,False,False,False,True,False,False,False
53,female,Others,48.22929000854492,4.770709991455078,45-64,True,False,False,False,False,False,True,False,False,False,False,False,False,True,False,False,False
65,male,Black,65.98678588867188,0.986785888671875,65-84,False,True,False,False,True,False,False,False,False,False,False,False,False,False,True,False,False
85,female,White,76.72209167480469,8.277908325195312,85-99,True,False,False,False,False,False,False,True,False,False,False,False,False,False,False,True,False
1,male,Asian,2.1722307205200195,1.1722307205200195,0-4,False,True,False,True,False,False,False,False,True,False,False,False,False,False,False,False,False
29,male,White,25.78607940673828,3.2139205932617188,25-34,False,True,False,False,False,False,False,True,False,False,False,True,False,False,False,False,False
34,male,White,29.1075439453125,4.8924560546875,25-34,False,True,False,False,False,False,False,True,False,False,False,True,False,False,False,False,False
45,male,Indian,39.74903869628906,5.2509613037109375,45-64,False,True,False,False,False,True,False,False,False,False,False,False,False,True,False,False,False
60,male,Black,50.85289001464844,9.147109985351562,45-64,False,True,False,False,True,False,False,False,False,False,False,False,False,True,False,False,False
27,male,Asian,35.485103607177734,8.485103607177734,25-34,False,True,False,True,False,False,False,False,False,False,False,True,False,False,False,False,False
59,female,White,48.53868865966797,10.461311340332031,45-64,True,False,False,False,False,False,False,True,False,False,False,False,False,True,False,False,False
43,female,White,43.665809631347656,0.6658096313476562,35-44,True,False,False,False,False,False,False,True,False,False,False,False,True,False,False,False,False
25,female,White,39.21492004394531,14.214920043945312,25-34,True,False,False,False,False,False,False,True,False,False,False,True,False,False,False,False,False
51,male,White,48.32411193847656,2.6758880615234375,45-64,False,True,False,False,False,False,False,True,False,False,False,False,False,True,False,False,False
90,female,Black,70.11779022216797,19.88220977783203,85-99,True,False,False,False,True,False,False,False,False,False,False,False,False,False,False,True,False
35,female,Others,28.46043586730957,6.53956413269043,35-44,True,False,False,False,False,False,True,False,False,False,False,False,True,False,False,False,False
39,female,Indian,24.378488540649414,14.621511459350586,35-44,True,False,False,False,False,True,False,False,False,False,False,False,True,False,False,False,False
37,male,Indian,24.76542854309082,12.23457145690918,35-44,False,True,False,False,False,True,False,False,False,False,False,False,True,False,False,False,False
52,male,Others,53.038665771484375,1.038665771484375,45-64,False,True,False,False,False,False,True,False,False,False,False,False,False,True,False,False,False
73,male,Black,70.0310287475586,2.9689712524414062,65-84,False,True,False,False,True,False,False,False,False,False,False,False,False,False,True,False,False
27,male,White,27.780515670776367,0.7805156707763672,25-34,False,True,False,False,False,False,False,True,False,False,False,True,False,False,False,False,False
35,female,Black,30.77460479736328,4.225395202636719,35-44,True,False,False,False,True,False,False,False,False,False,False,False,True,False,False,False,False
20,male,White,22.449764251708984,2.4497642517089844,18-24,False,True,False,False,False,False,False,True,False,False,True,False,False,False,False,False,False
23,male,Black,23.479509353637695,0.4795093536376953,18-24,False,True,False,False,True,False,False,False,False,False,True,False,False,False,False,False,False
45,male,White,41.0775260925293,3.922473907470703,45-64,False,True,False,False,False,False,False,True,False,False,False,False,False,True,False,False,False
35,male,White,28.568689346313477,6.431310653686523,35-44,False,True,False,False,False,False,False,True,False,False,False,False,True,False,False,False,False
1,female,White,0.7958128452301025,0.20418715476989746,0-4,True,False,False,False,False,False,False,True,True,False,False,False,False,False,False,False,False
35,male,White,50.51933288574219,15.519332885742188,35-44,False,True,False,False,False,False,False,True,False,False,False,False,True,False,False,False,False
82,female,White,69.7909164428711,12.209083557128906,65-84,True,False,False,False,False,False,False,True,False,False,False,False,False,False,True,False,False
26,male,Asian,22.69619369506836,3.3038063049316406,25-34,False,True,False,True,False,False,False,False,False,False,False,True,False,False,False,False,False
25,male,Black,21.44028091430664,3.5597190856933594,25-34,False,True,False,False,True,False,False,False,False,False,False,True,False,False,False,False,False
36,female,White,45.475257873535156,9.475257873535156,35-44,True,False,False,False,False,False,False,True,False,False,False,False,True,False,False,False,False
15,male,White,26.154966354370117,11.154966354370117,5-17,False,True,False,False,False,False,False,True,False,True,False,False,False,False,False,False,False
26,female,White,25.33782386779785,0.6621761322021484,25-34,True,False,False,False,False,False,False,True,False,False,False,True,False,False,False,False,False
37,male,Indian,24.93832778930664,12.06167221069336,35-44,False,True,False,False,False,True,False,False,False,False,False,False,True,False,False,False,False
40,female,White,32.3718147277832,7.628185272216797,35-44,True,False,False,False,False,False,False,True,False,False,False,False,True,False,False,False,False
56,male,White,53.34334182739258,2.656658172607422,45-64,False,True,False,False,False,False,False,True,False,False,False,False,False,True,False,False,False
85,female,Indian,72.45101165771484,12.548988342285156,85-99,True,False,False,False,False,True,False,False,False,False,False,False,False,False,False,True,False
20,female,Asian,26.894704818725586,6.894704818725586,18-24,True,False,False,True,False,False,False,False,False,False,True,False,False,False,False,False,False
21,female,Black,23.455495834350586,2.455495834350586,18-24,True,False,False,False,True,False,False,False,False,False,True,False,False,False,False,False,False
43,male,White,27.65928840637207,15.34071159362793,35-44,False,True,False,False,False,False,False,True,False,False,False,False,True,False,False,False,False
42,male,White,36.81460952758789,5.185390472412109,35-44,False,True,False,False,False,False,False,True,False,False,False,False,True,False,False,False,False
52,male,Black,53.516571044921875,1.516571044921875,45-64,False,True,False,False,True,False,False,False,False,False,False,False,False,True,False,False,False
32,male,Black,35.39084243774414,3.3908424377441406,25-34,False,True,False,False,True,False,False,False,False,False,False,True,False,False,False,False,False
8,male,White,58.08026123046875,50.08026123046875,5-17,False,True,False,False,False,False,False,True,False,True,False,False,False,False,False,False,False
24,female,Others,21.827306747436523,2.1726932525634766,18-24,True,False,False,False,False,False,True,False,False,False,True,False,False,False,False,False,False
36,male,Asian,30.280242919921875,5.719757080078125,35-44,False,True,False,True,False,False,False,False,False,False,False,False,True,False,False,False,False
26,female,Asian,26.268301010131836,0.26830101013183594,25-34,True,False,False,True,False,False,False,False,False,False,False,True,False,False,False,False,False
18,female,White,20.194080352783203,2.194080352783203,18-24,True,False,False,False,False,False,False,True,False,False,True,False,False,False,False,False,False
40,male,White,30.47293472290039,9.52706527709961,35-44,False,True,False,False,False,False,False,True,False,False,False,False,True,False,False,False,False
39,female,White,35.41877746582031,3.5812225341796875,35-44,True,False,False,False,False,False,False,True,False,False,False,False,True,False,False,False,False
38,female,Indian,28.1767578125,9.8232421875,35-44,True,False,False,False,False,True,False,False,False,False,False,False,True,False,False,False,False
34,female,Black,24.980989456176758,9.019010543823242,25-34,True,False,False,False,True,False,False,False,False,False,False,True,False,False,False,False,False
1,female,Indian,1.3741847276687622,0.3741847276687622,0-4,True,False,False,False,False,True,False,False,True,False,False,False,False,False,False,False,False
53,female,White,42.07286834716797,10.927131652832031,45-64,True,False,False,False,False,False,False,True,False,False,False,False,False,True,False,False,False
45,male,Indian,51.222084045410156,6.222084045410156,45-64,False,True,False,False,False,True,False,False,False,False,False,False,False,True,False,False,False
56,male,Asian,58.47332000732422,2.4733200073242188,45-64,False,True,False,True,False,False,False,False,False,False,False,False,False,True,False,False,False
68,male,White,65.10890197753906,2.8910980224609375,65-84,False,True,False,False,False,False,False,True,False,False,False,False,False,False,True,False,False
26,female,Indian,25.85508155822754,0.14491844177246094,25-34,True,False,False,False,False,True,False,False,False,False,False,True,False,False,False,False,False
17,male,White,14.995735168457031,2.0042648315429688,5-17,False,True,False,False,False,False,False,True,False,True,False,False,False,False,False,False,False
52,male,White,30.5487117767334,21.4512882232666,45-64,False,True,False,False,False,False,False,True,False,False,False,False,False,True,False,False,False
26,female,Indian,29.524404525756836,3.524404525756836,25-34,True,False,False,False,False,True,False,False,False,False,False,True,False,False,False,False,False
56,female,White,46.78812026977539,9.21187973022461,45-64,True,False,False,False,False,False,False,True,False,False,False,False,False,True,False,False,False
60,female,White,43.77488708496094,16.225112915039062,45-64,True,False,False,False,False,False,False,True,False,False,False,False,False,True,False,False,False
89,male,Indian,57.77273178100586,31.22726821899414,85-99,False,True,False,False,False,True,False,False,False,False,False,False,False,False,False,True,False
2,male,White,4.719719409942627,2.719719409942627,0-4,False,True,False,False,False,False,False,True,True,False,False,False,False,False,False,False,False
65,male,Black,65.8346176147461,0.8346176147460938,65-84,False,True,False,False,True,False,False,False,False,False,False,False,False,False,True,False,False
52,female,White,39.1574592590332,12.842540740966797,45-64,True,False,False,False,False,False,False,True,False,False,False,False,False,True,False,False,False
56,female,White,56.76576232910156,0.7657623291015625,45-64,True,False,False,False,False,False,False,True,False,False,False,False,False,True,False,False,False
43,male,White,44.688934326171875,1.688934326171875,35-44,False,True,False,False,False,False,False,True,False,False,False,False,True,False,False,False,False
26,male,Indian,32.384521484375,6.384521484375,25-34,False,True,False,False,False,True,False,False,False,False,False,True,False,False,False,False,False
35,female,Others,51.03712844848633,16.037128448486328,35-44,True,False,False,False,False,False,True,False,False,False,False,False,True,False,False,False,False
28,male,Black,45.452415466308594,17.452415466308594,25-34,False,True,False,False,True,False,False,False,False,False,False,True,False,False,False,False,False
24,male,Others,43.37986755371094,19.379867553710938,18-24,False,True,False,False,False,False,True,False,False,False,True,False,False,False,False,False,False
39,male,Indian,40.27405548095703,1.2740554809570312,35-44,False,True,False,False,False,True,False,False,False,False,False,False,True,False,False,False,False
7,male,Indian,11.538249969482422,4.538249969482422,5-17,False,True,False,False,False,True,False,False,False,True,False,False,False,False,False,False,False
24,female,Indian,26.12454605102539,2.1245460510253906,18-24,True,False,False,False,False,True,False,False,False,False,True,False,False,False,False,False,False
25,female,Black,29.669477462768555,4.669477462768555,25-34,True,False,False,False,True,False,False,False,False,False,False,True,False,False,False,False,False
10,female,Black,13.400089263916016,3.4000892639160156,5-17,True,False,False,False,True,False,False,False,False,True,False,False,False,False,False,False,False
23,female,Others,27.13587760925293,4.13587760925293,18-24,True,False,False,False,False,False,True,False,False,False,True,False,False,False,False,False,False
26,male,Asian,17.872034072875977,8.127965927124023,25-34,False,True,False,True,False,False,False,False,False,False,False,True,False,False,False,False,False
35,male,Indian,25.158754348754883,9.841245651245117,35-44,False,True,False,False,False,True,False,False,False,False,False,False,True,False,False,False,False
39,female,Asian,24.11198616027832,14.88801383972168,35-44,True,False,False,True,False,False,False,False,False,False,False,False,True,False,False,False,False
33,male,Indian,38.03265380859375,5.03265380859375,25-34,False,True,False,False,False,True,False,False,False,False,False,True,False,False,False,False,False
48,male,Black,35.5870475769043,12.412952423095703,45-64,False,True,False,False,True,False,False,False,False,False,False,False,False,True,False,False,False
92,female,White,82.90990447998047,9.090095520019531,85-99,True,False,False,False,False,False,False,True,False,False,False,False,False,False,False,True,False
28,male,Others,25.961763381958008,2.038236618041992,25-34,False,True,False,False,False,False,True,False,False,False,False,True,False,False,False,False,False
24,female,Asian,18.253904342651367,5.746095657348633,18-24,True,False,False,True,False,False,False,False,False,False,True,False,False,False,False,False,False
80,female,White,28.439067840576172,51.56093215942383,65-84,True,False,False,False,False,False,False,True,False,False,False,False,False,False,True,False,False
35,male,White,34.67985153198242,0.3201484680175781,35-44,False,True,False,False,False,False,False,True,False,False,False,False,True,False,False,False,False
37,female,White,25.807992935180664,11.192007064819336,35-44,True,False,False,False,False,False,False,True,False,False,False,False,True,False,False,False,False
35,female,White,28.661046981811523,6.338953018188477,35-44,True,False,False,False,False,False,False,True,False,False,False,False,True,False,False,False,False
26,female,White,28.343902587890625,2.343902587890625,25-34,True,False,False,False,False,False,False,True,False,False,False,True,False,False,False,False,False
3,male,Asian,7.285799026489258,4.285799026489258,0-4,False,True,False,True,False,False,False,False,True,False,False,False,False,False,False,False,False
4,male,Asian,3.348848819732666,0.651151180267334,0-4,False,True,False,True,False,False,False,False,True,False,False,False,False,False,False,False,False
25,female,Others,29.40825653076172,4.408256530761719,25-34,True,False,False,False,False,False,True,False,False,False,False,True,False,False,False,False,False
36,male,White,35.82050323486328,0.17949676513671875,35-44,False,True,False,False,False,False,False,True,False,False,False,False,True,False,False,False,False
42,male,White,36.00861358642578,5.991386413574219,35-44,False,True,False,False,False,False,False,True,False,False,False,False,True,False,False,False,False
2,female,Others,5.038878440856934,3.0388784408569336,0-4,True,False,False,False,False,False,True,False,True,False,False,False,False,False,False,False,False
32,male,Asian,48.575721740722656,16.575721740722656,25-34,False,True,False,True,False,False,False,False,False,False,False,True,False,False,False,False,False
59,female,White,51.44537353515625,7.55462646484375,45-64,True,False,False,False,False,False,False,True,False,False,False,False,False,True,False,False,False
35,female,Indian,38.19322204589844,3.1932220458984375,35-44,True,False,False,False,False,True,False,False,False,False,False,False,True,False,False,False,False
58,male,White,67.05619049072266,9.056190490722656,45-64,False,True,False,False,False,False,False,True,False,False,False,False,False,True,False,False,False
20,female,Black,26.760379791259766,6.760379791259766,18-24,True,False,False,False,True,False,False,False,False,False,True,False,False,False,False,False,False
56,female,White,37.97268295288086,18.02731704711914,45-64,True,False,False,False,False,False,False,True,False,False,False,False,False,True,False,False,False
67,male,Black,53.528076171875,13.471923828125,65-84,False,True,False,False,True,False,False,False,False,False,False,False,False,False,True,False,False
6,female,Others,13.723098754882812,7.7230987548828125,5-17,True,False,False,False,False,False,True,False,False,True,False,False,False,False,False,False,False
58,male,White,57.032169342041016,0.9678306579589844,45-64,False,True,False,False,False,False,False,True,False,False,False,False,False,True,False,False,False
66,male,Black,60.63629150390625,5.36370849609375,65-84,False,True,False,False,True,False,False,False,False,False,False,False,False,False,True,False,False
1,male,Asian,-0.18494467437267303,1.184944674372673,0-4,False,True,False,True,False,False,False,False,True,False,False,False,False,False,False,False,False
50,male,Indian,43.69365692138672,6.306343078613281,45-64,False,True,False,False,False,True,False,False,False,False,False,False,False,True,False,False,False
72,female,Black,70.30496978759766,1.6950302124023438,65-84,True,False,False,False,True,False,False,False,False,False,False,False,False,False,True,False,False
29,female,White,24.197324752807617,4.802675247192383,25-34,True,False,False,False,False,False,False,True,False,False,False,True,False,False,False,False,False
22,male,Indian,21.807613372802734,0.19238662719726562,18-24,False,True,False,False,False,True,False,False,False,False,True,False,False,False,False,False,False
65,male,White,45.08533477783203,19.91466522216797,65-84,False,True,False,False,False,False,False,True,False,False,False,False,False,False,True,False,False
50,female,White,49.337608337402344,0.6623916625976562,45-64,True,False,False,False,False,False,False,True,False,False,False,False,False,True,False,False,False
36,female,White,33.866416931152344,2.1335830688476562,35-44,True,False,False,False,False,False,False,True,False,False,False,False,True,False,False,False,False
52,male,White,42.863101959228516,9.136898040771484,45-64,False,True,False,False,False,False,False,True,False,False,False,False,False,True,False,False,False
35,male,Black,42.56109619140625,7.56109619140625,35-44,False,True,False,False,True,False,False,False,False,False,False,False,True,False,False,False,False
34,male,Indian,39.521728515625,5.521728515625,25-34,False,True,False,False,False,True,False,False,False,False,False,True,False,False,False,False,False
54,male,Indian,52.691246032714844,1.3087539672851562,45-64,False,True,False,False,False,True,False,False,False,False,False,False,False,True,False,False,False
69,male,White,67.85320281982422,1.1467971801757812,65-84,False,True,False,False,False,False,False,True,False,False,False,False,False,False,True,False,False
51,female,White,49.35600280761719,1.6439971923828125,45-64,True,False,False,False,False,False,False,True,False,False,False,False,False,True,False,False,False
27,female,Black,32.59859848022461,5.598598480224609,25-34,True,False,False,False,True,False,False,False,False,False,False,True,False,False,False,False,False
23,female,Others,28.063148498535156,5.063148498535156,18-24,True,False,False,False,False,False,True,False,False,False,True,False,False,False,False,False,False
26,female,White,32.16218948364258,6.162189483642578,25-34,True,False,False,False,False,False,False,True,False,False,False,True,False,False,False,False,False
65,female,White,55.28064727783203,9.719352722167969,65-84,True,False,False,False,False,False,False,True,False,False,False,False,False,False,True,False,False
39,male,White,38.58291244506836,0.4170875549316406,35-44,False,True,False,False,False,False,False,True,False,False,False,False,True,False,False,False,False
27,male,Indian,29.65876579284668,2.6587657928466797,25-34,False,True,False,False,False,True,False,False,False,False,False,True,False,False,False,False,False
43,male,White,38.66672897338867,4.333271026611328,35-44,False,True,False,False,False,False,False,True,False,False,False,False,True,False,False,False,False
75,female,Black,60.90155029296875,14.09844970703125,65-84,True,False,False,False,True,False,False,False,False,False,False,False,False,False,True,False,False
20,female,White,25.428476333618164,5.428476333618164,18-24,True,False,False,False,False,False,False,True,False,False,True,False,False,False,False,False,False
30,male,Black,35.77804946899414,5.778049468994141,25-34,False,True,False,False,True,False,False,False,False,False,False,True,False,False,False,False,False
21,female,Black,23.14064598083496,2.140645980834961,18-24,True,False,False,False,True,False,False,False,False,False,True,False,False,False,False,False,False
47,male,Black,36.787105560302734,10.212894439697266,45-64,False,True,False,False,True,False,False,False,False,False,False,False,False,True,False,False,False
1,male,Indian,3.3287415504455566,2.3287415504455566,0-4,False,True,False,False,False,True,False,False,True,False,False,False,False,False,False,False,False
38,male,Black,21.577882766723633,16.422117233276367,35-44,False,True,False,False,True,False,False,False,False,False,False,False,True,False,False,False,False
78,female,White,82.88727569580078,4.887275695800781,65-84,True,False,False,False,False,False,False,True,False,False,False,False,False,False,True,False,False
71,male,Black,58.22166442871094,12.778335571289062,65-84,False,True,False,False,True,False,False,False,False,False,False,False,False,False,True,False,False
65,male,Black,50.96064758300781,14.039352416992188,65-84,False,True,False,False,True,False,False,False,False,False,False,False,False,False,True,False,False
30,female,Black,28.333581924438477,1.6664180755615234,25-34,True,False,False,False,True,False,False,False,False,False,False,True,False,False,False,False,False
1,female,Asian,5.8576579093933105,4.8576579093933105,0-4,True,False,False,True,False,False,False,False,True,False,False,False,False,False,False,False,False
29,male,White,27.76618003845215,1.2338199615478516,25-34,False,True,False,False,False,False,False,True,False,False,False,True,False,False,False,False,False
72,female,White,65.93986511230469,6.0601348876953125,65-84,True,False,False,False,False,False,False,True,False,False,False,False,False,False,True,False,False
56,female,Black,37.44960021972656,18.550399780273438,45-64,True,False,False,False,True,False,False,False,False,False,False,False,False,True,False,False,False
3,male,Asian,8.406817436218262,5.406817436218262,0-4,False,True,False,True,False,False,False,False,True,False,False,False,False,False,False,False,False
66,male,White,68.31110382080078,2.3111038208007812,65-84,False,True,False,False,False,False,False,True,False,False,False,False,False,False,True,False,False
20,female,Asian,29.18525505065918,9.18525505065918,18-24,True,False,False,True,False,False,False,False,False,False,True,False,False,False,False,False,False
70,male,White,48.738101959228516,21.261898040771484,65-84,False,True,False,False,False,False,False,True,False,False,False,False,False,False,True,False,False
32,female,Asian,33.66607666015625,1.66607666015625,25-34,True,False,False,True,False,False,False,False,False,False,False,True,False,False,False,False,False
26,female,Asian,22.067296981811523,3.9327030181884766,25-34,True,False,False,True,False,False,False,False,False,False,False,True,False,False,False,False,False
8,male,White,6.286284446716309,1.7137155532836914,5-17,False,True,False,False,False,False,False,True,False,True,False,False,False,False,False,False,False
36,female,Black,26.694734573364258,9.305265426635742,35-44,True,False,False,False,True,False,False,False,False,False,False,False,True,False,False,False,False
40,male,White,44.90125274658203,4.901252746582031,35-44,False,True,False,False,False,False,False,True,False,False,False,False,True,False,False,False,False
23,male,Black,26.098264694213867,3.098264694213867,18-24,False,True,False,False,True,False,False,False,False,False,True,False,False,False,False,False,False
45,male,White,49.0863151550293,4.086315155029297,45-64,False,True,False,False,False,False,False,True,False,False,False,False,False,True,False,False,False
60,female,White,53.22806167602539,6.771938323974609,45-64,True,False,False,False,False,False,False,True,False,False,False,False,False,True,False,False,False
26,male,Indian,28.807931900024414,2.807931900024414,25-34,False,True,False,False,False,True,False,False,False,False,False,True,False,False,False,False,False
23,female,Asian,25.125606536865234,2.1256065368652344,18-24,True,False,False,True,False,False,False,False,False,False,True,False,False,False,False,False,False
17,female,White,12.567389488220215,4.432610511779785,5-17,True,False,False,False,False,False,False,True,False,True,False,False,False,False,False,False,False
36,female,Indian,25.8870906829834,10.112909317016602,35-44,True,False,False,False,False,True,False,False,False,False,False,False,True,False,False,False,False
41,female,White,45.81675720214844,4.8167572021484375,35-44,True,False,False,False,False,False,False,True,False,False,False,False,True,False,False,False,False
26,male,Asian,24.75792694091797,1.2420730590820312,25-34,False,True,False,True,False,False,False,False,False,False,False,True,False,False,False,False,False
22,male,White,29.740459442138672,7.740459442138672,18-24,False,True,False,False,False,False,False,True,False,False,True,False,False,False,False,False,False
8,female,Asian,16.665348052978516,8.665348052978516,5-17,True,False,False,True,False,False,False,False,False,True,False,False,False,False,False,False,False
18,female,White,25.9481258392334,7.948125839233398,18-24,True,False,False,False,False,False,False,True,False,False,True,False,False,False,False,False,False
26,male,Indian,40.5544548034668,14.554454803466797,25-34,False,True,False,False,False,True,False,False,False,False,False,True,False,False,False,False,False
28,male,Indian,29.5456600189209,1.5456600189208984,25-34,False,True,False,False,False,True,False,False,False,False,False,True,False,False,False,False,False
77,male,Asian,61.79964828491211,15.20035171508789,65-84,False,True,False,True,False,False,False,False,False,False,False,False,False,False,True,False,False
26,male,Indian,23.71193504333496,2.288064956665039,25-34,False,True,False,False,False,True,False,False,False,False,False,True,False,False,False,False,False
26,male,Others,26.890125274658203,0.8901252746582031,25-34,False,True,False,False,False,False,True,False,False,False,False,True,False,False,False,False,False
25,male,White,35.623348236083984,10.623348236083984,25-34,False,True,False,False,False,False,False,True,False,False,False,True,False,False,False,False,False
50,male,Indian,59.900543212890625,9.900543212890625,45-64,False,True,False,False,False,True,False,False,False,False,False,False,False,True,False,False,False
8,female,White,4.265983581542969,3.7340164184570312,5-17,True,False,False,False,False,False,False,True,False,True,False,False,False,False,False,False,False
14,female,Asian,13.798322677612305,0.2016773223876953,5-17,True,False,False,True,False,False,False,False,False,True,False,False,False,False,False,False,False
20,female,Indian,24.409055709838867,4.409055709838867,18-24,True,False,False,False,False,True,False,False,False,False,True,False,False,False,False,False,False
26,female,Indian,21.78470230102539,4.215297698974609,25-34,True,False,False,False,False,True,False,False,False,False,False,True,False,False,False,False,False
55,male,White,61.48339080810547,6.483390808105469,45-64,False,True,False,False,False,False,False,True,False,False,False,False,False,True,False,False,False
26,female,Indian,29.31502342224121,3.315023422241211,25-34,True,False,False,False,False,True,False,False,False,False,False,True,False,False,False,False,False
36,female,Others,34.516971588134766,1.4830284118652344,35-44,True,False,False,False,False,False,True,False,False,False,False,False,True,False,False,False,False
29,female,Black,27.256309509277344,1.7436904907226562,25-34,True,False,False,False,True,False,False,False,False,False,False,True,False,False,False,False,False
25,male,Asian,26.516599655151367,1.5165996551513672,25-34,False,True,False,True,False,False,False,False,False,False,False,True,False,False,False,False,False
36,female,White,31.946935653686523,4.053064346313477,35-44,True,False,False,False,False,False,False,True,False,False,False,False,True,False,False,False,False
45,male,Others,48.96063995361328,3.9606399536132812,45-64,False,True,False,False,False,False,True,False,False,False,False,False,False,True,False,False,False
49,male,Black,39.7448844909668,9.255115509033203,45-64,False,True,False,False,True,False,False,False,False,False,False,False,False,True,False,False,False
50,male,White,43.023067474365234,6.976932525634766,45-64,False,True,False,False,False,False,False,True,False,False,False,False,False,True,False,False,False
26,female,White,18.888460159301758,7.111539840698242,25-34,True,False,False,False,False,False,False,True,False,False,False,True,False,False,False,False,False
24,female,Black,27.626358032226562,3.6263580322265625,18-24,True,False,False,False,True,False,False,False,False,False,True,False,False,False,False,False,False
33,male,White,38.49938201904297,5.499382019042969,25-34,False,True,False,False,False,False,False,True,False,False,False,True,False,False,False,False,False
70,female,Indian,58.47917175292969,11.520828247070312,65-84,True,False,False,False,False,True,False,False,False,False,False,False,False,False,True,False,False
26,male,Indian,23.415830612182617,2.584169387817383,25-34,False,True,False,False,False,True,False,False,False,False,False,True,False,False,False,False,False
35,female,Black,52.49557876586914,17.49557876586914,35-44,True,False,False,False,True,False,False,False,False,False,False,False,True,False,False,False,False
27,female,Black,28.962892532348633,1.9628925323486328,25-34,True,False,False,False,True,False,False,False,False,False,False,True,False,False,False,False,False
40,male,Asian,36.97574234008789,3.0242576599121094,35-44,False,True,False,True,False,False,False,False,False,False,False,False,True,False,False,False,False
63,male,White,66.34188842773438,3.341888427734375,45-64,False,True,False,False,False,False,False,True,False,False,False,False,False,True,False,False,False
72,female,Black,48.37791442871094,23.622085571289062,65-84,True,False,False,False,True,False,False,False,False,False,False,False,False,False,True,False,False
32,male,Black,33.89891052246094,1.8989105224609375,25-34,False,True,False,False,True,False,False,False,False,False,False,True,False,False,False,False,False
28,male,Indian,19.739938735961914,8.260061264038086,25-34,False,True,False,False,False,True,False,False,False,False,False,True,False,False,False,False,False
24,female,Indian,15.04690933227539,8.95309066772461,18-24,True,False,False,False,False,True,False,False,False,False,True,False,False,False,False,False,False
38,male,White,35.06257629394531,2.9374237060546875,35-44,False,True,False,False,False,False,False,True,False,False,False,False,True,False,False,False,False
29,male,Others,40.914886474609375,11.914886474609375,25-34,False,True,False,False,False,False,True,False,False,False,False,True,False,False,False,False,False
1,female,Others,0.4558562934398651,0.5441437065601349,0-4,True,False,False,False,False,False,True,False,True,False,False,False,False,False,False,False,False
25,male,Indian,30.542774200439453,5.542774200439453,25-34,False,True,False,False,False,True,False,False,False,False,False,True,False,False,False,False,False
34,male,Indian,40.430419921875,6.430419921875,25-34,False,True,False,False,False,True,False,False,False,False,False,True,False,False,False,False,False
14,female,White,11.771615982055664,2.228384017944336,5-17,True,False,False,False,False,False,False,True,False,True,False,False,False,False,False,False,False
24,female,Indian,21.211217880249023,2.7887821197509766,18-24,True,False,False,False,False,True,False,False,False,False,True,False,False,False,False,False,False
26,male,White,33.559730529785156,7.559730529785156,25-34,False,True,False,False,False,False,False,True,False,False,False,True,False,False,False,False,False
26,male,Others,37.12190628051758,11.121906280517578,25-34,False,True,False,False,False,False,True,False,False,False,False,True,False,False,False,False,False
30,female,Indian,23.144367218017578,6.855632781982422,25-34,True,False,False,False,False,True,False,False,False,False,False,True,False,False,False,False,False
23,female,Indian,26.669414520263672,3.669414520263672,18-24,True,False,False,False,False,True,False,False,False,False,True,False,False,False,False,False,False
29,male,Black,32.90381622314453,3.9038162231445312,25-34,False,True,False,False,True,False,False,False,False,False,False,True,False,False,False,False,False
28,male,Indian,24.33548355102539,3.6645164489746094,25-34,False,True,False,False,False,True,False,False,False,False,False,True,False,False,False,False,False
24,female,Asian,18.44788932800293,5.55211067199707,18-24,True,False,False,True,False,False,False,False,False,False,True,False,False,False,False,False,False
53,male,White,51.08326721191406,1.9167327880859375,45-64,False,True,False,False,False,False,False,True,False,False,False,False,False,True,False,False,False
19,male,White,29.414165496826172,10.414165496826172,18-24,False,True,False,False,False,False,False,True,False,False,True,False,False,False,False,False,False
21,female,Indian,25.11683464050293,4.11683464050293,18-24,True,False,False,False,False,True,False,False,False,False,True,False,False,False,False,False,False
24,male,Indian,24.548521041870117,0.5485210418701172,18-24,False,True,False,False,False,True,False,False,False,False,True,False,False,False,False,False,False
60,male,White,56.92548370361328,3.0745162963867188,45-64,False,True,False,False,False,False,False,True,False,False,False,False,False,True,False,False,False
51,male,White,58.171722412109375,7.171722412109375,45-64,False,True,False,False,False,False,False,True,False,False,False,False,False,True,False,False,False
3,female,Asian,1.2818176746368408,1.7181823253631592,0-4,True,False,False,True,False,False,False,False,True,False,False,False,False,False,False,False,False
26,female,Black,27.204984664916992,1.2049846649169922,25-34,True,False,False,False,True,False,False,False,False,False,False,True,False,False,False,False,False
47,male,Black,65.96815490722656,18.968154907226562,45-64,False,True,False,False,True,False,False,False,False,False,False,False,False,True,False,False,False
85,male,White,55.484989166259766,29.515010833740234,85-99,False,True,False,False,False,False,False,True,False,False,False,False,False,False,False,True,False
27,female,Black,23.46519660949707,3.5348033905029297,25-34,True,False,False,False,True,False,False,False,False,False,False,True,False,False,False,False,False
53,male,White,53.45008087158203,0.45008087158203125,45-64,False,True,False,False,False,False,False,True,False,False,False,False,False,True,False,False,False
34,female,Black,24.9748477935791,9.025152206420898,25-34,True,False,False,False,True,False,False,False,False,False,False,True,False,False,False,False,False
60,male,White,48.97811508178711,11.02188491821289,45-64,False,True,False,False,False,False,False,True,False,False,False,False,False,True,False,False,False
45,female,White,26.13928985595703,18.86071014404297,45-64,True,False,False,False,False,False,False,True,False,False,False,False,False,True,False,False,False
27,female,Asian,22.78428840637207,4.21571159362793,25-34,True,False,False,True,False,False,False,False,False,False,False,True,False,False,False,False,False
16,male,White,21.463441848754883,5.463441848754883,5-17,False,True,False,False,False,False,False,True,False,True,False,False,False,False,False,False,False
28,male,White,36.448787689208984,8.448787689208984,25-34,False,True,False,False,False,False,False,True,False,False,False,True,False,False,False,False,False
19,female,White,27.700448989868164,8.700448989868164,18-24,True,False,False,False,False,False,False,True,False,False,True,False,False,False,False,False,False
44,female,White,27.141489028930664,16.858510971069336,35-44,True,False,False,False,False,False,False,True,False,False,False,False,True,False,False,False,False
38,female,Black,30.28801918029785,7.711980819702148,35-44,True,False,False,False,True,False,False,False,False,False,False,False,True,False,False,False,False
4,male,Asian,9.930103302001953,5.930103302001953,0-4,False,True,False,True,False,False,False,False,True,False,False,False,False,False,False,False,False
23,male,Asian,24.441030502319336,1.441030502319336,18-24,False,True,False,True,False,False,False,False,False,False,True,False,False,False,False,False,False
78,male,Asian,61.12088394165039,16.87911605834961,65-84,False,True,False,True,False,False,False,False,False,False,False,False,False,False,True,False,False
65,male,Black,49.73133850097656,15.268661499023438,65-84,False,True,False,False,True,False,False,False,False,False,False,False,False,False,True,False,False
1,female,White,1.6182283163070679,0.6182283163070679,0-4,True,False,False,False,False,False,False,True,True,False,False,False,False,False,False,False,False
57,female,White,44.64342498779297,12.356575012207031,45-64,True,False,False,False,False,False,False,True,False,False,False,False,False,True,False,False,False
30,male,Asian,30.65311050415039,0.6531105041503906,25-34,False,True,False,True,False,False,False,False,False,False,False,True,False,False,False,False,False
26,female,Indian,20.66160011291504,5.338399887084961,25-34,True,False,False,False,False,True,False,False,False,False,False,True,False,False,False,False,False
24,female,Indian,24.804880142211914,0.8048801422119141,18-24,True,False,False,False,False,True,False,False,False,False,True,False,False,False,False,False,False
9,female,Indian,10.323904037475586,1.323904037475586,5-17,True,False,False,False,False,True,False,False,False,True,False,False,False,False,False,False,False
40,male,Indian,43.291141510009766,3.2911415100097656,35-44,False,True,False,False,False,True,False,False,False,False,False,False,True,False,False,False,False
55,male,Asian,63.11183547973633,8.111835479736328,45-64,False,True,False,True,False,False,False,False,False,False,False,False,False,True,False,False,False
35,female,Asian,15.457557678222656,19.542442321777344,35-44,True,False,False,True,False,False,False,False,False,False,False,False,True,False,False,False,False
34,male,Indian,35.49402618408203,1.4940261840820312,25-34,False,True,False,False,False,True,False,False,False,False,False,True,False,False,False,False,False
27,male,Indian,37.744911193847656,10.744911193847656,25-34,False,True,False,False,False,True,False,False,False,False,False,True,False,False,False,False,False
56,male,White,59.281982421875,3.281982421875,45-64,False,True,False,False,False,False,False,True,False,False,False,False,False,True,False,False,False
31,male,White,37.802894592285156,6.802894592285156,25-34,False,True,False,False,False,False,False,True,False,False,False,True,False,False,False,False,False
28,male,White,42.209556579589844,14.209556579589844,25-34,False,True,False,False,False,False,False,True,False,False,False,True,False,False,False,False,False
25,male,Indian,21.94027328491211,3.0597267150878906,25-34,False,True,False,False,False,True,False,False,False,False,False,True,False,False,False,False,False
36,male,Black,38.85979080200195,2.859790802001953,35-44,False,True,False,False,True,False,False,False,False,False,False,False,True,False,False,False,False
56,female,Indian,46.39701843261719,9.602981567382812,45-64,True,False,False,False,False,True,False,False,False,False,False,False,False,True,False,False,False
11,female,White,15.200055122375488,4.200055122375488,5-17,True,False,False,False,False,False,False,True,False,True,False,False,False,False,False,False,False
8,female,White,14.968944549560547,6.968944549560547,5-17,True,False,False,False,False,False,False,True,False,True,False,False,False,False,False,False,False
24,female,Indian,26.766645431518555,2.7666454315185547,18-24,True,False,False,False,False,True,False,False,False,False,True,False,False,False,False,False,False
15,male,White,24.10018539428711,9.10018539428711,5-17,False,True,False,False,False,False,False,True,False,True,False,False,False,False,False,False,False
16,female,White,23.572378158569336,7.572378158569336,5-17,True,False,False,False,False,False,False,True,False,True,False,False,False,False,False,False,False
32,female,Black,25.096843719482422,6.903156280517578,25-34,True,False,False,False,True,False,False,False,False,False,False,True,False,False,False,False,False
27,male,White,33.536865234375,6.536865234375,25-34,False,True,False,False,False,False,False,True,False,False,False,True,False,False,False,False,False
35,male,Black,26.40004539489746,8.599954605102539,35-44,False,True,False,False,True,False,False,False,False,False,False,False,True,False,False,False,False
32,female,Others,24.36353874206543,7.63646125793457,25-34,True,False,False,False,False,False,True,False,False,False,False,True,False,False,False,False,False
33,male,White,39.42983627319336,6.429836273193359,25-34,False,True,False,False,False,False,False,True,False,False,False,True,False,False,False,False,False
92,female,White,73.67826080322266,18.321739196777344,85-99,True,False,False,False,False,False,False,True,False,False,False,False,False,False,False,True,False
32,male,Black,29.858360290527344,2.1416397094726562,25-34,False,True,False,False,True,False,False,False,False,False,False,True,False,False,False,False,False
39,female,Others,45.08868408203125,6.08868408203125,35-44,True,False,False,False,False,False,True,False,False,False,False,False,True,False,False,False,False
22,female,Black,23.860244750976562,1.8602447509765625,18-24,True,False,False,False,True,False,False,False,False,False,True,False,False,False,False,False,False
38,female,Black,29.26205825805664,8.73794174194336,35-44,True,False,False,False,True,False,False,False,False,False,False,False,True,False,False,False,False
35,female,Black,27.155189514160156,7.844810485839844,35-44,True,False,False,False,True,False,False,False,False,False,False,False,True,False,False,False,False
24,female,Black,25.405261993408203,1.4052619934082031,18-24,True,False,False,False,True,False,False,False,False,False,True,False,False,False,False,False,False
40,male,White,38.30167007446289,1.6983299255371094,35-44,False,True,False,False,False,False,False,True,False,False,False,False,True,False,False,False,False
23,female,Asian,23.01359748840332,0.013597488403320312,18-24,True,False,False,True,False,False,False,False,False,False,True,False,False,False,False,False,False
31,male,Black,33.25554275512695,2.255542755126953,25-34,False,True,False,False,True,False,False,False,False,False,False,True,False,False,False,False,False
23,female,Indian,21.603193283081055,1.3968067169189453,18-24,True,False,False,False,False,True,False,False,False,False,True,False,False,False,False,False,False
30,female,Others,31.92447853088379,1.924478530883789,25-34,True,False,False,False,False,False,True,False,False,False,False,True,False,False,False,False,False
34,female,White,23.386459350585938,10.613540649414062,25-34,True,False,False,False,False,False,False,True,False,False,False,True,False,False,False,False,False
35,male,Black,31.67852210998535,3.3214778900146484,35-44,False,True,False,False,True,False,False,False,False,False,False,False,True,False,False,False,False
59,male,White,62.19822692871094,3.1982269287109375,45-64,False,True,False,False,False,False,False,True,False,False,False,False,False,True,False,False,False
75,male,White,60.72392272949219,14.276077270507812,65-84,False,True,False,False,False,False,False,True,False,False,False,False,False,False,True,False,False
4,female,White,4.604508399963379,0.6045083999633789,0-4,True,False,False,False,False,False,False,True,True,False,False,False,False,False,False,False,False
32,female,Asian,20.75937843322754,11.240621566772461,25-34,True,False,False,True,False,False,False,False,False,False,False,True,False,False,False,False,False
30,female,Asian,19.191125869750977,10.808874130249023,25-34,True,False,False,True,False,False,False,False,False,False,False,True,False,False,False,False,False
30,male,White,33.45320129394531,3.4532012939453125,25-34,False,True,False,False,False,False,False,True,False,False,False,True,False,False,False,False,False
35,female,White,33.41771697998047,1.5822830200195312,35-44,True,False,False,False,False,False,False,True,False,False,False,False,True,False,False,False,False
34,male,Indian,24.87389373779297,9.126106262207031,25-34,False,True,False,False,False,True,False,False,False,False,False,True,False,False,False,False,False
50,female,Indian,42.72013473510742,7.279865264892578,45-64,True,False,False,False,False,True,False,False,False,False,False,False,False,True,False,False,False
22,female,Asian,24.798473358154297,2.798473358154297,18-24,True,False,False,True,False,False,False,False,False,False,True,False,False,False,False,False,False
30,female,White,20.591936111450195,9.408063888549805,25-34,True,False,False,False,False,False,False,True,False,False,False,True,False,False,False,False,False
28,female,Black,24.732742309570312,3.2672576904296875,25-34,True,False,False,False,True,False,False,False,False,False,False,True,False,False,False,False,False
32,female,White,38.21910858154297,6.219108581542969,25-34,True,False,False,False,False,False,False,True,False,False,False,True,False,False,False,False,False
60,male,White,57.932037353515625,2.067962646484375,45-64,False,True,False,False,False,False,False,True,False,False,False,False,False,True,False,False,False
26,female,Indian,34.307071685791016,8.307071685791016,25-34,True,False,False,False,False,True,False,False,False,False,False,True,False,False,False,False,False
35,female,Black,31.449804306030273,3.5501956939697266,35-44,True,False,False,False,True,False,False,False,False,False,False,False,True,False,False,False,False
26,female,Indian,33.288909912109375,7.288909912109375,25-34,True,False,False,False,False,True,False,False,False,False,False,True,False,False,False,False,False
4,female,Asian,6.741694927215576,2.741694927215576,0-4,True,False,False,True,False,False,False,False,True,False,False,False,False,False,False,False,False
1,male,White,0.09589824080467224,0.9041017591953278,0-4,False,True,False,False,False,False,False,True,True,False,False,False,False,False,False,False,False
6,female,Indian,5.9404497146606445,0.05955028533935547,5-17,True,False,False,False,False,True,False,False,False,True,False,False,False,False,False,False,False
55,male,White,54.5892448425293,0.4107551574707031,45-64,False,True,False,False,False,False,False,True,False,False,False,False,False,True,False,False,False
1,male,Asian,2.650625467300415,1.650625467300415,0-4,False,True,False,True,False,False,False,False,True,False,False,False,False,False,False,False,False
65,female,White,66.27067565917969,1.2706756591796875,65-84,True,False,False,False,False,False,False,True,False,False,False,False,False,False,True,False,False
29,female,Indian,29.55746841430664,0.5574684143066406,25-34,True,False,False,False,False,True,False,False,False,False,False,True,False,False,False,False,False
89,female,Black,71.22110748291016,17.778892517089844,85-99,True,False,False,False,True,False,False,False,False,False,False,False,False,False,False,True,False
26,female,Asian,22.328046798706055,3.6719532012939453,25-34,True,False,False,True,False,False,False,False,False,False,False,True,False,False,False,False,False
35,female,White,30.362886428833008,4.637113571166992,35-44,True,False,False,False,False,False,False,True,False,False,False,False,True,False,False,False,False
15,female,White,10.647971153259277,4.352028846740723,5-17,True,False,False,False,False,False,False,True,False,True,False,False,False,False,False,False,False
54,male,White,33.945526123046875,20.054473876953125,45-64,False,True,False,False,False,False,False,True,False,False,False,False,False,True,False,False,False
28,female,White,28.917070388793945,0.9170703887939453,25-34,True,False,False,False,False,False,False,True,False,False,False,True,False,False,False,False,False
54,male,Indian,39.139503479003906,14.860496520996094,45-64,False,True,False,False,False,True,False,False,False,False,False,False,False,True,False,False,False
82,male,White,84.77577209472656,2.7757720947265625,65-84,False,True,False,False,False,False,False,True,False,False,False,False,False,False,True,False,False
9,male,White,7.673556327819824,1.3264436721801758,5-17,False,True,False,False,False,False,False,True,False,True,False,False,False,False,False,False,False
2,male,White,5.864450931549072,3.8644509315490723,0-4,False,True,False,False,False,False,False,True,True,False,False,False,False,False,False,False,False
47,male,Black,56.50230407714844,9.502304077148438,45-64,False,True,False,False,True,False,False,False,False,False,False,False,False,True,False,False,False
23,female,Indian,23.829145431518555,0.8291454315185547,18-24,True,False,False,False,False,True,False,False,False,False,True,False,False,False,False,False,False
32,female,White,26.519338607788086,5.480661392211914,25-34,True,False,False,False,False,False,False,True,False,False,False,True,False,False,False,False,False
25,female,Asian,19.19103240966797,5.808967590332031,25-34,True,False,False,True,False,False,False,False,False,False,False,True,False,False,False,False,False
4,female,White,3.7505180835723877,0.2494819164276123,0-4,True,False,False,False,False,False,False,True,True,False,False,False,False,False,False,False,False
60,female,White,48.701026916503906,11.298973083496094,45-64,True,False,False,False,False,False,False,True,False,False,False,False,False,True,False,False,False
60,male,Indian,64.69728088378906,4.6972808837890625,45-64,False,True,False,False,False,True,False,False,False,False,False,False,False,True,False,False,False
40,male,Indian,37.18701171875,2.81298828125,35-44,False,True,False,False,False,True,False,False,False,False,False,False,True,False,False,False,False
5,female,Others,5.751181125640869,0.7511811256408691,5-17,True,False,False,False,False,False,True,False,False,True,False,False,False,False,False,False,False
12,female,Black,30.66724967956543,18.66724967956543,5-17,True,False,False,False,True,False,False,False,False,True,False,False,False,False,False,False,False
58,male,White,53.66443634033203,4.335563659667969,45-64,False,True,False,False,False,False,False,True,False,False,False,False,False,True,False,False,False
49,male,White,58.77366638183594,9.773666381835938,45-64,False,True,False,False,False,False,False,True,False,False,False,False,False,True,False,False,False
26,female,White,26.221418380737305,0.2214183807373047,25-34,True,False,False,False,False,False,False,True,False,False,False,True,False,False,False,False,False
14,male,Others,20.666227340698242,6.666227340698242,5-17,False,True,False,False,False,False,True,False,False,True,False,False,False,False,False,False,False
60,female,White,46.34368133544922,13.656318664550781,45-64,True,False,False,False,False,False,False,True,False,False,False,False,False,True,False,False,False
40,female,Asian,31.40314292907715,8.596857070922852,35-44,True,False,False,True,False,False,False,False,False,False,False,False,True,False,False,False,False
24,female,Asian,25.93856430053711,1.9385643005371094,18-24,True,False,False,True,False,False,False,False,False,False,True,False,False,False,False,False,False
49,female,White,40.600868225097656,8.399131774902344,45-64,True,False,False,False,False,False,False,True,False,False,False,False,False,True,False,False,False
35,male,Asian,30.241247177124023,4.758752822875977,35-44,False,True,False,True,False,False,False,False,False,False,False,False,True,False,False,False,False
89,female,White,91.1338119506836,2.1338119506835938,85-99,True,False,False,False,False,False,False,True,False,False,False,False,False,False,False,True,False
15,male,White,11.96885871887207,3.0311412811279297,5-17,False,True,False,False,False,False,False,True,False,True,False,False,False,False,False,False,False
31,female,Others,33.51927185058594,2.5192718505859375,25-34,True,False,False,False,False,False,True,False,False,False,False,True,False,False,False,False,False
45,male,White,29.143245697021484,15.856754302978516,45-64,False,True,False,False,False,False,False,True,False,False,False,False,False,True,False,False,False
31,female,Black,38.166236877441406,7.166236877441406,25-34,True,False,False,False,True,False,False,False,False,False,False,True,False,False,False,False,False
51,male,White,49.259796142578125,1.740203857421875,45-64,False,True,False,False,False,False,False,True,False,False,False,False,False,True,False,False,False
33,female,Black,25.98308753967285,7.016912460327148,25-34,True,False,False,False,True,False,False,False,False,False,False,True,False,False,False,False,False
36,male,Black,34.39866638183594,1.6013336181640625,35-44,False,True,False,False,True,False,False,False,False,False,False,False,True,False,False,False,False
26,male,Others,24.393922805786133,1.6060771942138672,25-34,False,True,False,False,False,False,True,False,False,False,False,True,False,False,False,False,False
78,male,Asian,68.04667663574219,9.953323364257812,65-84,False,True,False,True,False,False,False,False,False,False,False,False,False,False,True,False,False
70,male,White,23.24587059020996,46.75412940979004,65-84,False,True,False,False,False,False,False,True,False,False,False,False,False,False,True,False,False
26,female,Black,31.288633346557617,5.288633346557617,25-34,True,False,False,False,True,False,False,False,False,False,False,True,False,False,False,False,False
24,female,Others,21.926050186157227,2.0739498138427734,18-24,True,False,False,False,False,False,True,False,False,False,True,False,False,False,False,False,False
26,male,Indian,26.313539505004883,0.3135395050048828,25-34,False,True,False,False,False,True,False,False,False,False,False,True,False,False,False,False,False
45,male,White,28.730138778686523,16.269861221313477,45-64,False,True,False,False,False,False,False,True,False,False,False,False,False,True,False,False,False
54,female,White,47.282745361328125,6.717254638671875,45-64,True,False,False,False,False,False,False,True,False,False,False,False,False,True,False,False,False
24,female,Black,27.236085891723633,3.236085891723633,18-24,True,False,False,False,True,False,False,False,False,False,True,False,False,False,False,False,False
80,male,Asian,72.4116439819336,7.588356018066406,65-84,False,True,False,True,False,False,False,False,False,False,False,False,False,False,True,False,False
55,male,White,42.7578125,12.2421875,45-64,False,True,False,False,False,False,False,True,False,False,False,False,False,True,False,False,False
26,male,Asian,22.832794189453125,3.167205810546875,25-34,False,True,False,True,False,False,False,False,False,False,False,True,False,False,False,False,False
22,male,Asian,18.606592178344727,3.3934078216552734,18-24,False,True,False,True,False,False,False,False,False,False,True,False,False,False,False,False,False
31,male,Indian,32.088340759277344,1.0883407592773438,25-34,False,True,False,False,False,True,False,False,False,False,False,True,False,False,False,False,False
15,female,White,11.150602340698242,3.849397659301758,5-17,True,False,False,False,False,False,False,True,False,True,False,False,False,False,False,False,False
29,male,Others,26.95689582824707,2.0431041717529297,25-34,False,True,False,False,False,False,True,False,False,False,False,True,False,False,False,False,False
35,male,White,46.727272033691406,11.727272033691406,35-44,False,True,False,False,False,False,False,True,False,False,False,False,True,False,False,False,False
35,female,Black,25.437952041625977,9.562047958374023,35-44,True,False,False,False,True,False,False,False,False,False,False,False,True,False,False,False,False
28,female,Asian,24.216455459594727,3.7835445404052734,25-34,True,False,False,True,False,False,False,False,False,False,False,True,False,False,False,False,False
10,male,White,6.826993942260742,3.173006057739258,5-17,False,True,False,False,False,False,False,True,False,True,False,False,False,False,False,False,False
22,female,Black,28.816301345825195,6.816301345825195,18-24,True,False,False,False,True,False,False,False,False,False,True,False,False,False,False,False,False
1,female,White,-0.9807132482528687,1.9807132482528687,0-4,True,False,False,False,False,False,False,True,True,False,False,False,False,False,False,False,False
30,male,Others,24.861207962036133,5.138792037963867,25-34,False,True,False,False,False,False,True,False,False,False,False,True,False,False,False,False,False
24,female,White,24.764009475708008,0.7640094757080078,18-24,True,False,False,False,False,False,False,True,False,False,True,False,False,False,False,False,False
42,male,Asian,48.32151794433594,6.3215179443359375,35-44,False,True,False,True,False,False,False,False,False,False,False,False,True,False,False,False,False
59,male,Black,42.35088348388672,16.64911651611328,45-64,False,True,False,False,True,False,False,False,False,False,False,False,False,True,False,False,False
36,female,Asian,14.679243087768555,21.320756912231445,35-44,True,False,False,True,False,False,False,False,False,False,False,False,True,False,False,False,False
14,female,White,11.617057800292969,2.3829421997070312,5-17,True,False,False,False,False,False,False,True,False,True,False,False,False,False,False,False,False
24,female,Indian,24.801061630249023,0.8010616302490234,18-24,True,False,False,False,False,True,False,False,False,False,True,False,False,False,False,False,False
12,male,Black,21.80816078186035,9.808160781860352,5-17,False,True,False,False,True,False,False,False,False,True,False,False,False,False,False,False,False
30,female,Others,25.238759994506836,4.761240005493164,25-34,True,False,False,False,False,False,True,False,False,False,False,True,False,False,False,False,False
73,male,White,75.75601196289062,2.756011962890625,65-84,False,True,False,False,False,False,False,True,False,False,False,False,False,False,True,False,False
10,female,White,7.134247303009033,2.865752696990967,5-17,True,False,False,False,False,False,False,True,False,True,False,False,False,False,False,False,False
8,female,White,6.057428359985352,1.9425716400146484,5-17,True,False,False,False,False,False,False,True,False,True,False,False,False,False,False,False,False
14,male,Black,30.766433715820312,16.766433715820312,5-17,False,True,False,False,True,False,False,False,False,True,False,False,False,False,False,False,False
7,female,Others,18.914438247680664,11.914438247680664,5-17,True,False,False,False,False,False,True,False,False,True,False,False,False,False,False,False,False
7,male,White,5.077807426452637,1.9221925735473633,5-17,False,True,False,False,False,False,False,True,False,True,False,False,False,False,False,False,False
32,female,White,39.66865539550781,7.6686553955078125,25-34,True,False,False,False,False,False,False,True,False,False,False,True,False,False,False,False,False
30,female,Asian,16.785512924194336,13.214487075805664,25-34,True,False,False,True,False,False,False,False,False,False,False,True,False,False,False,False,False
29,male,Indian,26.373666763305664,2.626333236694336,25-34,False,True,False,False,False,True,False,False,False,False,False,True,False,False,False,False,False
39,male,Black,50.45817184448242,11.458171844482422,35-44,False,True,False,False,True,False,False,False,False,False,False,False,True,False,False,False,False
36,male,White,39.21274948120117,3.212749481201172,35-44,False,True,False,False,False,False,False,True,False,False,False,False,True,False,False,False,False
27,female,Indian,21.970827102661133,5.029172897338867,25-34,True,False,False,False,False,True,False,False,False,False,False,True,False,False,False,False,False
17,male,White,20.209386825561523,3.2093868255615234,5-17,False,True,False,False,False,False,False,True,False,True,False,False,False,False,False,False,False
1,male,White,0.6201885342597961,0.37981146574020386,0-4,False,True,False,False,False,False,False,True,True,False,False,False,False,False,False,False,False
30,male,Asian,22.31313133239746,7.686868667602539,25-34,False,True,False,True,False,False,False,False,False,False,False,True,False,False,False,False,False
35,male,Black,29.01220703125,5.98779296875,35-44,False,True,False,False,True,False,False,False,False,False,False,False,True,False,False,False,False
68,male,Indian,31.83339500427246,36.16660499572754,65-84,False,True,False,False,False,True,False,False,False,False,False,False,False,False,True,False,False
26,female,Indian,27.125532150268555,1.1255321502685547,25-34,True,False,False,False,False,True,False,False,False,False,False,True,False,False,False,False,False
68,male,Black,73.4357681274414,5.435768127441406,65-84,False,True,False,False,True,False,False,False,False,False,False,False,False,False,True,False,False
7,male,White,7.8395819664001465,0.8395819664001465,5-17,False,True,False,False,False,False,False,True,False,True,False,False,False,False,False,False,False
19,female,Others,25.195858001708984,6.195858001708984,18-24,True,False,False,False,False,False,True,False,False,False,True,False,False,False,False,False,False
84,female,White,76.1494369506836,7.850563049316406,65-84,True,False,False,False,False,False,False,True,False,False,False,False,False,False,True,False,False
28,female,Black,24.730085372924805,3.2699146270751953,25-34,True,False,False,False,True,False,False,False,False,False,False,True,False,False,False,False,False
32,male,Black,38.130584716796875,6.130584716796875,25-34,False,True,False,False,True,False,False,False,False,False,False,True,False,False,False,False,False
27,male,Asian,33.98058319091797,6.980583190917969,25-34,False,True,False,True,False,False,False,False,False,False,False,True,False,False,False,False,False
39,female,White,37.132171630859375,1.867828369140625,35-44,True,False,False,False,False,False,False,True,False,False,False,False,True,False,False,False,False
22,male,Others,30.1307430267334,8.130743026733398,18-24,False,True,False,False,False,False,True,False,False,False,True,False,False,False,False,False,False
45,male,Black,46.23052978515625,1.23052978515625,45-64,False,True,False,False,True,False,False,False,False,False,False,False,False,True,False,False,False
26,female,White,23.063657760620117,2.936342239379883,25-34,True,False,False,False,False,False,False,True,False,False,False,True,False,False,False,False,False
40,male,White,36.465545654296875,3.534454345703125,35-44,False,True,False,False,False,False,False,True,False,False,False,False,True,False,False,False,False
39,male,Indian,29.564178466796875,9.435821533203125,35-44,False,True,False,False,False,True,False,False,False,False,False,False,True,False,False,False,False
36,male,White,38.278900146484375,2.278900146484375,35-44,False,True,False,False,False,False,False,True,False,False,False,False,True,False,False,False,False
20,male,Indian,29.53639793395996,9.536397933959961,18-24,False,True,False,False,False,True,False,False,False,False,True,False,False,False,False,False,False
23,male,Others,30.08931541442871,7.089315414428711,18-24,False,True,False,False,False,False,True,False,False,False,True,False,False,False,False,False,False
56,female,White,38.40290832519531,17.597091674804688,45-64,True,False,False,False,False,False,False,True,False,False,False,False,False,True,False,False,False
23,female,White,22.830556869506836,0.16944313049316406,18-24,True,False,False,False,False,False,False,True,False,False,True,False,False,False,False,False,False
55,female,White,42.64063262939453,12.359367370605469,45-64,True,False,False,False,False,False,False,True,False,False,False,False,False,True,False,False,False
24,male,Asian,26.447683334350586,2.447683334350586,18-24,False,True,False,True,False,False,False,False,False,False,True,False,False,False,False,False,False
23,female,Asian,16.859533309936523,6.140466690063477,18-24,True,False,False,True,False,False,False,False,False,False,True,False,False,False,False,False,False
1,male,Indian,3.5308711528778076,2.5308711528778076,0-4,False,True,False,False,False,True,False,False,True,False,False,False,False,False,False,False,False
26,female,Black,28.37452507019043,2.3745250701904297,25-34,True,False,False,False,True,False,False,False,False,False,False,True,False,False,False,False,False
39,female,White,47.997798919677734,8.997798919677734,35-44,True,False,False,False,False,False,False,True,False,False,False,False,True,False,False,False,False
35,male,Black,30.200958251953125,4.799041748046875,35-44,False,True,False,False,True,False,False,False,False,False,False,False,True,False,False,False,False
18,male,White,21.72264862060547,3.7226486206054688,18-24,False,True,False,False,False,False,False,True,False,False,True,False,False,False,False,False,False
40,female,Asian,37.068397521972656,2.9316024780273438,35-44,True,False,False,True,False,False,False,False,False,False,False,False,True,False,False,False,False
35,male,Black,33.75537109375,1.24462890625,35-44,False,True,False,False,True,False,False,False,False,False,False,False,True,False,False,False,False
30,female,Black,22.636228561401367,7.363771438598633,25-34,True,False,False,False,True,False,False,False,False,False,False,True,False,False,False,False,False
15,female,White,14.2073974609375,0.7926025390625,5-17,True,False,False,False,False,False,False,True,False,True,False,False,False,False,False,False,False
39,female,White,30.46027946472168,8.53972053527832,35-44,True,False,False,False,False,False,False,True,False,False,False,False,True,False,False,False,False
27,female,Black,24.59242820739746,2.407571792602539,25-34,True,False,False,False,True,False,False,False,False,False,False,True,False,False,False,False,False
48,male,White,43.2873420715332,4.712657928466797,45-64,False,True,False,False,False,False,False,True,False,False,False,False,False,True,False,False,False
8,male,White,6.983016014099121,1.016983985900879,5-17,False,True,False,False,False,False,False,True,False,True,False,False,False,False,False,False,False
25,female,Indian,22.953258514404297,2.046741485595703,25-34,True,False,False,False,False,True,False,False,False,False,False,True,False,False,False,False,False
54,female,White,50.439491271972656,3.5605087280273438,45-64,True,False,False,False,False,False,False,True,False,False,False,False,False,True,False,False,False
28,male,Asian,26.509469985961914,1.490530014038086,25-34,False,True,False,True,False,False,False,False,False,False,False,True,False,False,False,False,False
72,female,White,66.86420440673828,5.135795593261719,65-84,True,False,False,False,False,False,False,True,False,False,False,False,False,False,True,False,False
70,female,White,66.4201431274414,3.5798568725585938,65-84,True,False,False,False,False,False,False,True,False,False,False,False,False,False,True,False,False
1,male,Asian,1.8613020181655884,0.8613020181655884,0-4,False,True,False,True,False,False,False,False,True,False,False,False,False,False,False,False,False
30,male,White,24.059871673583984,5.940128326416016,25-34,False,True,False,False,False,False,False,True,False,False,False,True,False,False,False,False,False
19,male,Black,18.3505802154541,0.6494197845458984,18-24,False,True,False,False,True,False,False,False,False,False,True,False,False,False,False,False,False
27,female,White,26.32318878173828,0.6768112182617188,25-34,True,False,False,False,False,False,False,True,False,False,False,True,False,False,False,False,False
30,male,Indian,36.7701416015625,6.7701416015625,25-34,False,True,False,False,False,True,False,False,False,False,False,True,False,False,False,False,False
26,female,Black,25.314146041870117,0.6858539581298828,25-34,True,False,False,False,True,False,False,False,False,False,False,True,False,False,False,False,False
26,male,Black,24.708608627319336,1.291391372680664,25-34,False,True,False,False,True,False,False,False,False,False,False,True,False,False,False,False,False
1,female,Asian,0.3129453659057617,0.6870546340942383,0-4,True,False,False,True,False,False,False,False,True,False,False,False,False,False,False,False,False
13,female,White,9.251303672790527,3.7486963272094727,5-17,True,False,False,False,False,False,False,True,False,True,False,False,False,False,False,False,False
37,male,Black,25.840063095092773,11.159936904907227,35-44,False,True,False,False,True,False,False,False,False,False,False,False,True,False,False,False,False
4,female,Asian,1.9222769737243652,2.0777230262756348,0-4,True,False,False,True,False,False,False,False,True,False,False,False,False,False,False,False,False
28,female,Black,25.835845947265625,2.164154052734375,25-34,True,False,False,False,True,False,False,False,False,False,False,True,False,False,False,False,False
55,male,White,47.85660934448242,7.143390655517578,45-64,False,True,False,False,False,False,False,True,False,False,False,False,False,True,False,False,False
26,male,Indian,22.15107536315918,3.8489246368408203,25-34,False,True,False,False,False,True,False,False,False,False,False,True,False,False,False,False,False
10,female,Asian,11.891786575317383,1.8917865753173828,5-17,True,False,False,True,False,False,False,False,False,True,False,False,False,False,False,False,False
41,male,White,51.978515625,10.978515625,35-44,False,True,False,False,False,False,False,True,False,False,False,False,True,False,False,False,False
40,female,Indian,37.14264678955078,2.8573532104492188,35-44,True,False,False,False,False,True,False,False,False,False,False,False,True,False,False,False,False
38,male,Black,46.356300354003906,8.356300354003906,35-44,False,True,False,False,True,False,False,False,False,False,False,False,True,False,False,False,False
20,female,White,23.67469596862793,3.6746959686279297,18-24,True,False,False,False,False,False,False,True,False,False,True,False,False,False,False,False,False
4,female,White,0.7661728858947754,3.2338271141052246,0-4,True,False,False,False,False,False,False,True,True,False,False,False,False,False,False,False,False
37,male,Indian,37.63798522949219,0.6379852294921875,35-44,False,True,False,False,False,True,False,False,False,False,False,False,True,False,False,False,False
27,female,White,26.859596252441406,0.14040374755859375,25-34,True,False,False,False,False,False,False,True,False,False,False,True,False,False,False,False,False
31,male,Black,35.47527313232422,4.475273132324219,25-34,False,True,False,False,True,False,False,False,False,False,False,True,False,False,False,False,False
2,male,Asian,1.969186544418335,0.03081345558166504,0-4,False,True,False,True,False,False,False,False,True,False,False,False,False,False,False,False,False
32,male,Asian,35.4800910949707,3.480091094970703,25-34,False,True,False,True,False,False,False,False,False,False,False,True,False,False,False,False,False
85,female,White,74.80252838134766,10.197471618652344,85-99,True,False,False,False,False,False,False,True,False,False,False,False,False,False,False,True,False
30,female,Black,26.65257453918457,3.3474254608154297,25-34,True,False,False,False,True,False,False,False,False,False,False,True,False,False,False,False,False
40,male,Asian,30.961156845092773,9.038843154907227,35-44,False,True,False,True,False,False,False,False,False,False,False,False,True,False,False,False,False
27,male,White,27.037395477294922,0.037395477294921875,25-34,False,True,False,False,False,False,False,True,False,False,False,True,False,False,False,False,False
2,male,White,34.47863006591797,32.47863006591797,0-4,False,True,False,False,False,False,False,True,True,False,False,False,False,False,False,False,False
71,male,White,57.251441955566406,13.748558044433594,65-84,False,True,False,False,False,False,False,True,False,False,False,False,False,False,True,False,False
30,male,White,24.92647361755371,5.073526382446289,25-34,False,True,False,False,False,False,False,True,False,False,False,True,False,False,False,False,False
27,female,Others,26.083518981933594,0.9164810180664062,25-34,True,False,False,False,False,False,True,False,False,False,False,True,False,False,False,False,False
54,male,White,38.987342834472656,15.012657165527344,45-64,False,True,False,False,False,False,False,True,False,False,False,False,False,True,False,False,False
26,female,Black,25.49683380126953,0.5031661987304688,25-34,True,False,False,False,True,False,False,False,False,False,False,True,False,False,False,False,False
26,female,Black,28.037954330444336,2.037954330444336,25-34,True,False,False,False,True,False,False,False,False,False,False,True,False,False,False,False,False
28,female,White,29.51352310180664,1.5135231018066406,25-34,True,False,False,False,False,False,False,True,False,False,False,True,False,False,False,False,False
63,female,White,46.99952697753906,16.000473022460938,45-64,True,False,False,False,False,False,False,True,False,False,False,False,False,True,False,False,False
32,female,Black,28.245634078979492,3.754365921020508,25-34,True,False,False,False,True,False,False,False,False,False,False,True,False,False,False,False,False
73,male,Asian,73.85417175292969,0.8541717529296875,65-84,False,True,False,True,False,False,False,False,False,False,False,False,False,False,True,False,False
6,male,White,4.452140808105469,1.5478591918945312,5-17,False,True,False,False,False,False,False,True,False,True,False,False,False,False,False,False,False
22,female,Others,25.408039093017578,3.408039093017578,18-24,True,False,False,False,False,False,True,False,False,False,True,False,False,False,False,False,False
28,female,Asian,29.001800537109375,1.001800537109375,25-34,True,False,False,True,False,False,False,False,False,False,False,True,False,False,False,False,False
28,male,Others,28.173032760620117,0.1730327606201172,25-34,False,True,False,False,False,False,True,False,False,False,False,True,False,False,False,False,False
58,male,White,48.592525482177734,9.407474517822266,45-64,False,True,False,False,False,False,False,True,False,False,False,False,False,True,False,False,False
51,female,White,44.08631896972656,6.9136810302734375,45-64,True,False,False,False,False,False,False,True,False,False,False,False,False,True,False,False,False
30,male,White,50.228759765625,20.228759765625,25-34,False,True,False,False,False,False,False,True,False,False,False,True,False,False,False,False,False
8,female,White,5.542568206787109,2.4574317932128906,5-17,True,False,False,False,False,False,False,True,False,True,False,False,False,False,False,False,False
65,male,White,60.33338928222656,4.6666107177734375,65-84,False,True,False,False,False,False,False,True,False,False,False,False,False,False,True,False,False
32,male,Asian,30.639616012573242,1.3603839874267578,25-34,False,True,False,True,False,False,False,False,False,False,False,True,False,False,False,False,False
34,male,White,36.50199508666992,2.501995086669922,25-34,False,True,False,False,False,False,False,True,False,False,False,True,False,False,False,False,False
37,male,Indian,40.75689697265625,3.75689697265625,35-44,False,True,False,False,False,True,False,False,False,False,False,False,True,False,False,False,False
17,male,Asian,28.065637588500977,11.065637588500977,5-17,False,True,False,True,False,False,False,False,False,True,False,False,False,False,False,False,False
26,female,Black,24.189834594726562,1.8101654052734375,25-34,True,False,False,False,True,False,False,False,False,False,False,True,False,False,False,False,False
2,female,Asian,2.740870952606201,0.7408709526062012,0-4,True,False,False,True,False,False,False,False,True,False,False,False,False,False,False,False,False
32,male,White,39.2674560546875,7.2674560546875,25-34,False,True,False,False,False,False,False,True,False,False,False,True,False,False,False,False,False
61,male,White,57.08966064453125,3.91033935546875,45-64,False,True,False,False,False,False,False,True,False,False,False,False,False,True,False,False,False
22,female,White,24.493967056274414,2.493967056274414,18-24,True,False,False,False,False,False,False,True,False,False,True,False,False,False,False,False,False
2,female,Asian,9.410962104797363,7.410962104797363,0-4,True,False,False,True,False,False,False,False,True,False,False,False,False,False,False,False,False
1,female,Indian,0.1645572930574417,0.8354427069425583,0-4,True,False,False,False,False,True,False,False,True,False,False,False,False,False,False,False,False
24,female,Indian,24.641910552978516,0.6419105529785156,18-24,True,False,False,False,False,True,False,False,False,False,True,False,False,False,False,False,False
20,male,Black,23.053064346313477,3.0530643463134766,18-24,False,True,False,False,True,False,False,False,False,False,True,False,False,False,False,False,False
18,female,White,15.414746284484863,2.5852537155151367,18-24,True,False,False,False,False,False,False,True,False,False,True,False,False,False,False,False,False
80,male,White,56.27036666870117,23.729633331298828,65-84,False,True,False,False,False,False,False,True,False,False,False,False,False,False,True,False,False
34,male,Others,38.60001754760742,4.600017547607422,25-34,False,True,False,False,False,False,True,False,False,False,False,True,False,False,False,False,False
1,male,White,2.0335350036621094,1.0335350036621094,0-4,False,True,False,False,False,False,False,True,True,False,False,False,False,False,False,False,False
35,male,Black,40.37254333496094,5.3725433349609375,35-44,False,True,False,False,True,False,False,False,False,False,False,False,True,False,False,False,False
40,female,White,25.88533592224121,14.114664077758789,35-44,True,False,False,False,False,False,False,True,False,False,False,False,True,False,False,False,False
58,female,Black,49.79118347167969,8.208816528320312,45-64,True,False,False,False,True,False,False,False,False,False,False,False,False,True,False,False,False
54,male,White,52.94384002685547,1.0561599731445312,45-64,False,True,False,False,False,False,False,True,False,False,False,False,False,True,False,False,False
1,female,Asian,1.3994296789169312,0.39942967891693115,0-4,True,False,False,True,False,False,False,False,True,False,False,False,False,False,False,False,False
37,male,Others,29.270082473754883,7.729917526245117,35-44,False,True,False,False,False,False,True,False,False,False,False,False,True,False,False,False,False
34,male,Black,32.78265380859375,1.21734619140625,25-34,False,True,False,False,True,False,False,False,False,False,False,True,False,False,False,False,False
13,female,White,14.632061958312988,1.6320619583129883,5-17,True,False,False,False,False,False,False,True,False,True,False,False,False,False,False,False,False
36,male,White,33.08504104614258,2.914958953857422,35-44,False,True,False,False,False,False,False,True,False,False,False,False,True,False,False,False,False
26,female,Indian,37.78106689453125,11.78106689453125,25-34,True,False,False,False,False,True,False,False,False,False,False,True,False,False,False,False,False
30,male,White,32.718910217285156,2.7189102172851562,25-34,False,True,False,False,False,False,False,True,False,False,False,True,False,False,False,False,False
26,female,Black,31.846790313720703,5.846790313720703,25-34,True,False,False,False,True,False,False,False,False,False,False,True,False,False,False,False,False
21,female,Asian,24.63804054260254,3.638040542602539,18-24,True,False,False,True,False,False,False,False,False,False,True,False,False,False,False,False,False
53,female,White,61.663490295410156,8.663490295410156,45-64,True,False,False,False,False,False,False,True,False,False,False,False,False,True,False,False,False
26,male,White,25.15836524963379,0.8416347503662109,25-34,False,True,False,False,False,False,False,True,False,False,False,True,False,False,False,False,False
1,male,Asian,0.354703426361084,0.645296573638916,0-4,False,True,False,True,False,False,False,False,True,False,False,False,False,False,False,False,False
35,female,White,19.567333221435547,15.432666778564453,35-44,True,False,False,False,False,False,False,True,False,False,False,False,True,False,False,False,False
35,male,Black,28.30388641357422,6.696113586425781,35-44,False,True,False,False,True,False,False,False,False,False,False,False,True,False,False,False,False
30,male,Indian,28.785568237304688,1.2144317626953125,25-34,False,True,False,False,False,True,False,False,False,False,False,True,False,False,False,False,False
40,male,White,42.51724624633789,2.5172462463378906,35-44,False,True,False,False,False,False,False,True,False,False,False,False,True,False,False,False,False
38,female,White,25.80255889892578,12.197441101074219,35-44,True,False,False,False,False,False,False,True,False,False,False,False,True,False,False,False,False
14,female,Indian,25.648880004882812,11.648880004882812,5-17,True,False,False,False,False,True,False,False,False,True,False,False,False,False,False,False,False
73,female,White,69.79413604736328,3.2058639526367188,65-84,True,False,False,False,False,False,False,True,False,False,False,False,False,False,True,False,False
42,female,White,44.89470291137695,2.894702911376953,35-44,True,False,False,False,False,False,False,True,False,False,False,False,True,False,False,False,False
28,female,Indian,23.6715087890625,4.3284912109375,25-34,True,False,False,False,False,True,False,False,False,False,False,True,False,False,False,False,False
26,female,White,26.602197647094727,0.6021976470947266,25-34,True,False,False,False,False,False,False,True,False,False,False,True,False,False,False,False,False
35,male,Asian,26.874998092651367,8.125001907348633,35-44,False,True,False,True,False,False,False,False,False,False,False,False,True,False,False,False,False
71,male,White,57.7639045715332,13.236095428466797,65-84,False,True,False,False,False,False,False,True,False,False,False,False,False,False,True,False,False
25,female,White,24.829425811767578,0.17057418823242188,25-34,True,False,False,False,False,False,False,True,False,False,False,True,False,False,False,False,False
28,female,Asian,28.987775802612305,0.9877758026123047,25-34,True,False,False,True,False,False,False,False,False,False,False,True,False,False,False,False,False
70,male,Asian,45.246856689453125,24.753143310546875,65-84,False,True,False,True,False,False,False,False,False,False,False,False,False,False,True,False,False
27,female,Asian,20.92496681213379,6.075033187866211,25-34,True,False,False,True,False,False,False,False,False,False,False,True,False,False,False,False,False
37,female,Black,31.361549377441406,5.638450622558594,35-44,True,False,False,False,True,False,False,False,False,False,False,False,True,False,False,False,False
80,female,White,67.52487182617188,12.475128173828125,65-84,True,False,False,False,False,False,False,True,False,False,False,False,False,False,True,False,False
10,male,White,14.427922248840332,4.427922248840332,5-17,False,True,False,False,False,False,False,True,False,True,False,False,False,False,False,False,False
23,female,Others,31.365076065063477,8.365076065063477,18-24,True,False,False,False,False,False,True,False,False,False,True,False,False,False,False,False,False
26,female,Others,27.21891212463379,1.218912124633789,25-34,True,False,False,False,False,False,True,False,False,False,False,True,False,False,False,False,False
3,female,Asian,2.18410325050354,0.81589674949646,0-4,True,False,False,True,False,False,False,False,True,False,False,False,False,False,False,False,False
36,female,White,33.63975524902344,2.3602447509765625,35-44,True,False,False,False,False,False,False,True,False,False,False,False,True,False,False,False,False
21,male,Black,38.65766906738281,17.657669067382812,18-24,False,True,False,False,True,False,False,False,False,False,True,False,False,False,False,False,False
23,male,Others,27.935420989990234,4.935420989990234,18-24,False,True,False,False,False,False,True,False,False,False,True,False,False,False,False,False,False
48,male,Black,42.34245300292969,5.6575469970703125,45-64,False,True,False,False,True,False,False,False,False,False,False,False,False,True,False,False,False
26,female,Others,30.059377670288086,4.059377670288086,25-34,True,False,False,False,False,False,True,False,False,False,False,True,False,False,False,False,False
57,male,Black,51.8278923034668,5.172107696533203,45-64,False,True,False,False,True,False,False,False,False,False,False,False,False,True,False,False,False
45,male,Black,30.210241317749023,14.789758682250977,45-64,False,True,False,False,True,False,False,False,False,False,False,False,False,True,False,False,False
90,male,White,69.45021057128906,20.549789428710938,85-99,False,True,False,False,False,False,False,True,False,False,False,False,False,False,False,True,False
45,female,White,43.20993423461914,1.7900657653808594,45-64,True,False,False,False,False,False,False,True,False,False,False,False,False,True,False,False,False
45,male,White,38.05648422241211,6.943515777587891,45-64,False,True,False,False,False,False,False,True,False,False,False,False,False,True,False,False,False
1,female,Others,0.8011929988861084,0.1988070011138916,0-4,True,False,False,False,False,False,True,False,True,False,False,False,False,False,False,False,False
8,female,White,7.713685989379883,0.2863140106201172,5-17,True,False,False,False,False,False,False,True,False,True,False,False,False,False,False,False,False
26,male,Indian,26.122209548950195,0.12220954895019531,25-34,False,True,False,False,False,True,False,False,False,False,False,True,False,False,False,False,False
40,female,White,23.78598976135254,16.21401023864746,35-44,True,False,False,False,False,False,False,True,False,False,False,False,True,False,False,False,False
39,male,Black,26.01410675048828,12.985893249511719,35-44,False,True,False,False,True,False,False,False,False,False,False,False,True,False,False,False,False
53,female,Black,49.51982498168945,3.480175018310547,45-64,True,False,False,False,True,False,False,False,False,False,False,False,False,True,False,False,False
24,female,Others,23.2867374420166,0.7132625579833984,18-24,True,False,False,False,False,False,True,False,False,False,True,False,False,False,False,False,False
93,female,White,79.0407943725586,13.959205627441406,85-99,True,False,False,False,False,False,False,True,False,False,False,False,False,False,False,True,False
2,female,White,3.86802339553833,1.86802339553833,0-4,True,False,False,False,False,False,False,True,True,False,False,False,False,False,False,False,False
45,female,Indian,24.245691299438477,20.754308700561523,45-64,True,False,False,False,False,True,False,False,False,False,False,False,False,True,False,False,False
16,female,Black,23.468095779418945,7.468095779418945,5-17,True,False,False,False,True,False,False,False,False,True,False,False,False,False,False,False,False
26,female,Indian,29.298797607421875,3.298797607421875,25-34,True,False,False,False,False,True,False,False,False,False,False,True,False,False,False,False,False
67,male,White,56.28263854980469,10.717361450195312,65-84,False,True,False,False,False,False,False,True,False,False,False,False,False,False,True,False,False
4,female,White,4.148387908935547,0.14838790893554688,0-4,True,False,False,False,False,False,False,True,True,False,False,False,False,False,False,False,False
39,male,Indian,34.33448791503906,4.6655120849609375,35-44,False,True,False,False,False,True,False,False,False,False,False,False,True,False,False,False,False
27,female,Asian,23.687841415405273,3.3121585845947266,25-34,True,False,False,True,False,False,False,False,False,False,False,True,False,False,False,False,False
13,female,White,18.604965209960938,5.6049652099609375,5-17,True,False,False,False,False,False,False,True,False,True,False,False,False,False,False,False,False
70,female,White,39.13323211669922,30.86676788330078,65-84,True,False,False,False,False,False,False,True,False,False,False,False,False,False,True,False,False
56,male,White,59.324668884277344,3.3246688842773438,45-64,False,True,False,False,False,False,False,True,False,False,False,False,False,True,False,False,False
18,female,Black,15.549846649169922,2.450153350830078,18-24,True,False,False,False,True,False,False,False,False,False,True,False,False,False,False,False,False
5,female,Asian,4.21568489074707,0.7843151092529297,5-17,True,False,False,True,False,False,False,False,False,True,False,False,False,False,False,False,False
36,male,White,27.57879066467285,8.421209335327148,35-44,False,True,False,False,False,False,False,True,False,False,False,False,True,False,False,False,False
23,female,White,28.88007164001465,5.880071640014648,18-24,True,False,False,False,False,False,False,True,False,False,True,False,False,False,False,False,False
40,male,White,40.39567947387695,0.3956794738769531,35-44,False,True,False,False,False,False,False,True,False,False,False,False,True,False,False,False,False
76,male,Others,71.100830078125,4.899169921875,65-84,False,True,False,False,False,False,True,False,False,False,False,False,False,False,True,False,False
28,female,Indian,28.1324405670166,0.13244056701660156,25-34,True,False,False,False,False,True,False,False,False,False,False,True,False,False,False,False,False
9,male,White,15.204021453857422,6.204021453857422,5-17,False,True,False,False,False,False,False,True,False,True,False,False,False,False,False,False,False
11,female,White,8.138415336608887,2.8615846633911133,5-17,True,False,False,False,False,False,False,True,False,True,False,False,False,False,False,False,False
8,male,Others,22.020771026611328,14.020771026611328,5-17,False,True,False,False,False,False,True,False,False,True,False,False,False,False,False,False,False
9,female,Asian,26.3389892578125,17.3389892578125,5-17,True,False,False,True,False,False,False,False,False,True,False,False,False,False,False,False,False
40,male,White,41.02873229980469,1.0287322998046875,35-44,False,True,False,False,False,False,False,True,False,False,False,False,True,False,False,False,False
23,female,White,19.626018524169922,3.373981475830078,18-24,True,False,False,False,False,False,False,True,False,False,True,False,False,False,False,False,False
33,male,Asian,35.161251068115234,2.1612510681152344,25-34,False,True,False,True,False,False,False,False,False,False,False,True,False,False,False,False,False
26,female,Black,21.731077194213867,4.268922805786133,25-34,True,False,False,False,True,False,False,False,False,False,False,True,False,False,False,False,False
85,male,White,62.87217330932617,22.127826690673828,85-99,False,True,False,False,False,False,False,True,False,False,False,False,False,False,False,True,False
14,male,Others,13.361333847045898,0.6386661529541016,5-17,False,True,False,False,False,False,True,False,False,True,False,False,False,False,False,False,False
9,female,White,32.93425750732422,23.93425750732422,5-17,True,False,False,False,False,False,False,True,False,True,False,False,False,False,False,False,False
23,male,White,22.195459365844727,0.8045406341552734,18-24,False,True,False,False,False,False,False,True,False,False,True,False,False,False,False,False,False
45,male,White,50.01774597167969,5.0177459716796875,45-64,False,True,False,False,False,False,False,True,False,False,False,False,False,True,False,False,False
70,male,White,55.553123474121094,14.446876525878906,65-84,False,True,False,False,False,False,False,True,False,False,False,False,False,False,True,False,False
23,female,Indian,23.152193069458008,0.1521930694580078,18-24,True,False,False,False,False,True,False,False,False,False,True,False,False,False,False,False,False
24,female,Indian,19.805618286132812,4.1943817138671875,18-24,True,False,False,False,False,True,False,False,False,False,True,False,False,False,False,False,False
28,male,Others,23.412960052490234,4.587039947509766,25-34,False,True,False,False,False,False,True,False,False,False,False,True,False,False,False,False,False
47,male,Indian,45.57145690917969,1.4285430908203125,45-64,False,True,False,False,False,True,False,False,False,False,False,False,False,True,False,False,False
3,female,White,1.54710853099823,1.45289146900177,0-4,True,False,False,False,False,False,False,True,True,False,False,False,False,False,False,False,False
75,male,Asian,50.18849182128906,24.811508178710938,65-84,False,True,False,True,False,False,False,False,False,False,False,False,False,False,True,False,False
31,male,White,42.146949768066406,11.146949768066406,25-34,False,True,False,False,False,False,False,True,False,False,False,True,False,False,False,False,False
26,male,White,23.20795249938965,2.7920475006103516,25-34,False,True,False,False,False,False,False,True,False,False,False,True,False,False,False,False,False
1,male,Asian,-0.3795461058616638,1.3795461058616638,0-4,False,True,False,True,False,False,False,False,True,False,False,False,False,False,False,False,False
72,female,White,72.97840118408203,0.9784011840820312,65-84,True,False,False,False,False,False,False,True,False,False,False,False,False,False,True,False,False
38,female,White,33.97090148925781,4.0290985107421875,35-44,True,False,False,False,False,False,False,True,False,False,False,False,True,False,False,False,False
55,male,Asian,32.91728210449219,22.082717895507812,45-64,False,True,False,True,False,False,False,False,False,False,False,False,False,True,False,False,False
29,female,Black,26.39533233642578,2.6046676635742188,25-34,True,False,False,False,True,False,False,False,False,False,False,True,False,False,False,False,False
56,female,White,39.2144775390625,16.7855224609375,45-64,True,False,False,False,False,False,False,True,False,False,False,False,False,True,False,False,False
69,female,White,56.35005187988281,12.649948120117188,65-84,True,False,False,False,False,False,False,True,False,False,False,False,False,False,True,False,False
15,female,White,28.786724090576172,13.786724090576172,5-17,True,False,False,False,False,False,False,True,False,True,False,False,False,False,False,False,False
32,female,Black,32.18208312988281,0.1820831298828125,25-34,True,False,False,False,True,False,False,False,False,False,False,True,False,False,False,False,False
42,male,Black,39.01264190673828,2.9873580932617188,35-44,False,True,False,False,True,False,False,False,False,False,False,False,True,False,False,False,False
40,female,Asian,26.82999610900879,13.170003890991211,35-44,True,False,False,True,False,False,False,False,False,False,False,False,True,False,False,False,False
20,male,White,25.848751068115234,5.848751068115234,18-24,False,True,False,False,False,False,False,True,False,False,True,False,False,False,False,False,False
28,female,Indian,21.30943489074707,6.69056510925293,25-34,True,False,False,False,False,True,False,False,False,False,False,True,False,False,False,False,False
55,male,White,36.926353454589844,18.073646545410156,45-64,False,True,False,False,False,False,False,True,False,False,False,False,False,True,False,False,False
2,male,White,0.9607711434364319,1.0392288565635681,0-4,False,True,False,False,False,False,False,True,True,False,False,False,False,False,False,False,False
23,male,Indian,27.72623634338379,4.726236343383789,18-24,False,True,False,False,False,True,False,False,False,False,True,False,False,False,False,False,False
30,female,Others,28.47212028503418,1.5278797149658203,25-34,True,False,False,False,False,False,True,False,False,False,False,True,False,False,False,False,False
36,male,Black,31.973066329956055,4.026933670043945,35-44,False,True,False,False,True,False,False,False,False,False,False,False,True,False,False,False,False
9,male,White,13.948183059692383,4.948183059692383,5-17,False,True,False,False,False,False,False,True,False,True,False,False,False,False,False,False,False
28,female,White,33.839683532714844,5.839683532714844,25-34,True,False,False,False,False,False,False,True,False,False,False,True,False,False,False,False,False
50,male,White,28.671415328979492,21.328584671020508,45-64,False,True,False,False,False,False,False,True,False,False,False,False,False,True,False,False,False
25,female,White,26.726518630981445,1.7265186309814453,25-34,True,False,False,False,False,False,False,True,False,False,False,True,False,False,False,False,False
26,female,White,30.597013473510742,4.597013473510742,25-34,True,False,False,False,False,False,False,True,False,False,False,True,False,False,False,False,False
48,male,White,49.541534423828125,1.541534423828125,45-64,False,True,False,False,False,False,False,True,False,False,False,False,False,True,False,False,False
68,male,White,64.1714859008789,3.8285140991210938,65-84,False,True,False,False,False,False,False,True,False,False,False,False,False,False,True,False,False
29,female,Asian,22.03249168395996,6.967508316040039,25-34,True,False,False,True,False,False,False,False,False,False,False,True,False,False,False,False,False
45,male,Indian,43.878395080566406,1.1216049194335938,45-64,False,True,False,False,False,True,False,False,False,False,False,False,False,True,False,False,False
58,male,White,54.361785888671875,3.638214111328125,45-64,False,True,False,False,False,False,False,True,False,False,False,False,False,True,False,False,False
40,female,Asian,27.456754684448242,12.543245315551758,35-44,True,False,False,True,False,False,False,False,False,False,False,False,True,False,False,False,False
54,female,Black,62.002281188964844,8.002281188964844,45-64,True,False,False,False,True,False,False,False,False,False,False,False,False,True,False,False,False
30,female,Black,27.826963424682617,2.173036575317383,25-34,True,False,False,False,True,False,False,False,False,False,False,True,False,False,False,False,False
4,male,Black,27.543655395507812,23.543655395507812,0-4,False,True,False,False,True,False,False,False,True,False,False,False,False,False,False,False,False
35,male,Asian,59.084197998046875,24.084197998046875,35-44,False,True,False,True,False,False,False,False,False,False,False,False,True,False,False,False,False
26,female,Indian,27.193368911743164,1.193368911743164,25-34,True,False,False,False,False,True,False,False,False,False,False,True,False,False,False,False,False
24,female,Black,20.729066848754883,3.270933151245117,18-24,True,False,False,False,True,False,False,False,False,False,True,False,False,False,False,False,False
26,female,White,24.210067749023438,1.7899322509765625,25-34,True,False,False,False,False,False,False,True,False,False,False,True,False,False,False,False,False
23,female,Asian,23.10295295715332,0.10295295715332031,18-24,True,False,False,True,False,False,False,False,False,False,True,False,False,False,False,False,False
30,male,White,31.115610122680664,1.115610122680664,25-34,False,True,False,False,False,False,False,True,False,False,False,True,False,False,False,False,False
48,male,Black,36.434043884277344,11.565956115722656,45-64,False,True,False,False,True,False,False,False,False,False,False,False,False,True,False,False,False
24,female,Others,25.051963806152344,1.0519638061523438,18-24,True,False,False,False,False,False,True,False,False,False,True,False,False,False,False,False,False
36,male,Others,42.775657653808594,6.775657653808594,35-44,False,True,False,False,False,False,True,False,False,False,False,False,True,False,False,False,False
21,female,Black,29.372838973999023,8.372838973999023,18-24,True,False,False,False,True,False,False,False,False,False,True,False,False,False,False,False,False
30,female,Indian,26.656654357910156,3.3433456420898438,25-34,True,False,False,False,False,True,False,False,False,False,False,True,False,False,False,False,False
26,female,Asian,25.586889266967773,0.41311073303222656,25-34,True,False,False,True,False,False,False,False,False,False,False,True,False,False,False,False,False
43,male,Indian,30.476720809936523,12.523279190063477,35-44,False,True,False,False,False,True,False,False,False,False,False,False,True,False,False,False,False
88,female,Black,76.44860076904297,11.551399230957031,85-99,True,False,False,False,True,False,False,False,False,False,False,False,False,False,False,True,False
43,male,White,53.870025634765625,10.870025634765625,35-44,False,True,False,False,False,False,False,True,False,False,False,False,True,False,False,False,False
43,female,Indian,34.89968490600586,8.10031509399414,35-44,True,False,False,False,False,True,False,False,False,False,False,False,True,False,False,False,False
42,male,White,49.902557373046875,7.902557373046875,35-44,False,True,False,False,False,False,False,True,False,False,False,False,True,False,False,False,False
28,female,Asian,24.41863441467285,3.5813655853271484,25-34,True,False,False,True,False,False,False,False,False,False,False,True,False,False,False,False,False
50,male,Black,43.54181671142578,6.458183288574219,45-64,False,True,False,False,True,False,False,False,False,False,False,False,False,True,False,False,False
35,male,Others,30.36839485168457,4.63160514831543,35-44,False,True,False,False,False,False,True,False,False,False,False,False,True,False,False,False,False
26,female,White,25.7827205657959,0.21727943420410156,25-34,True,False,False,False,False,False,False,True,False,False,False,True,False,False,False,False,False
9,male,White,26.45402717590332,17.45402717590332,5-17,False,True,False,False,False,False,False,True,False,True,False,False,False,False,False,False,False
30,female,Indian,27.12819480895996,2.871805191040039,25-34,True,False,False,False,False,True,False,False,False,False,False,True,False,False,False,False,False
24,male,Others,25.192941665649414,1.192941665649414,18-24,False,True,False,False,False,False,True,False,False,False,True,False,False,False,False,False,False
28,female,Indian,25.932966232299805,2.0670337677001953,25-34,True,False,False,False,False,True,False,False,False,False,False,True,False,False,False,False,False
51,male,White,48.15337371826172,2.8466262817382812,45-64,False,True,False,False,False,False,False,True,False,False,False,False,False,True,False,False,False
26,female,White,17.779104232788086,8.220895767211914,25-34,True,False,False,False,False,False,False,True,False,False,False,True,False,False,False,False,False
37,male,White,31.52617073059082,5.47382926940918,35-44,False,True,False,False,False,False,False,True,False,False,False,False,True,False,False,False,False
27,female,Indian,23.566415786743164,3.433584213256836,25-34,True,False,False,False,False,True,False,False,False,False,False,True,False,False,False,False,False
30,male,Asian,26.603425979614258,3.396574020385742,25-34,False,True,False,True,False,False,False,False,False,False,False,True,False,False,False,False,False
55,male,Indian,31.478015899658203,23.521984100341797,45-64,False,True,False,False,False,True,False,False,False,False,False,False,False,True,False,False,False
1,male,Asian,0.16973647475242615,0.8302635252475739,0-4,False,True,False,True,False,False,False,False,True,False,False,False,False,False,False,False,False
52,male,White,55.63722229003906,3.6372222900390625,45-64,False,True,False,False,False,False,False,True,False,False,False,False,False,True,False,False,False
27,female,White,25.46970558166504,1.530294418334961,25-34,True,False,False,False,False,False,False,True,False,False,False,True,False,False,False,False,False
80,male,Asian,92.77994537353516,12.779945373535156,65-84,False,True,False,True,False,False,False,False,False,False,False,False,False,False,True,False,False
20,female,Indian,24.52873420715332,4.52873420715332,18-24,True,False,False,False,False,True,False,False,False,False,True,False,False,False,False,False,False
53,male,White,51.454566955566406,1.5454330444335938,45-64,False,True,False,False,False,False,False,True,False,False,False,False,False,True,False,False,False
26,female,Asian,21.865991592407227,4.134008407592773,25-34,True,False,False,True,False,False,False,False,False,False,False,True,False,False,False,False,False
21,male,White,29.094463348388672,8.094463348388672,18-24,False,True,False,False,False,False,False,True,False,False,True,False,False,False,False,False,False
26,female,Black,26.602947235107422,0.6029472351074219,25-34,True,False,False,False,True,False,False,False,False,False,False,True,False,False,False,False,False
26,male,Indian,26.519372940063477,0.5193729400634766,25-34,False,True,False,False,False,True,False,False,False,False,False,True,False,False,False,False,False
31,female,Indian,26.435956954956055,4.564043045043945,25-34,True,False,False,False,False,True,False,False,False,False,False,True,False,False,False,False,False
65,male,Black,67.64562225341797,2.6456222534179688,65-84,False,True,False,False,True,False,False,False,False,False,False,False,False,False,True,False,False
35,male,White,25.333999633789062,9.666000366210938,35-44,False,True,False,False,False,False,False,True,False,False,False,False,True,False,False,False,False
24,male,Asian,26.98778533935547,2.9877853393554688,18-24,False,True,False,True,False,False,False,False,False,False,True,False,False,False,False,False,False
26,female,White,38.2037239074707,12.203723907470703,25-34,True,False,False,False,False,False,False,True,False,False,False,True,False,False,False,False,False
34,male,White,31.421039581298828,2.578960418701172,25-34,False,True,False,False,False,False,False,True,False,False,False,True,False,False,False,False,False
54,male,White,60.23442077636719,6.2344207763671875,45-64,False,True,False,False,False,False,False,True,False,False,False,False,False,True,False,False,False
45,male,Indian,54.17085647583008,9.170856475830078,45-64,False,True,False,False,False,True,False,False,False,False,False,False,False,True,False,False,False
38,male,White,44.2276725769043,6.227672576904297,35-44,False,True,False,False,False,False,False,True,False,False,False,False,True,False,False,False,False
26,female,Asian,15.686392784118652,10.313607215881348,25-34,True,False,False,True,False,False,False,False,False,False,False,True,False,False,False,False,False
59,female,Black,46.80531311035156,12.194686889648438,45-64,True,False,False,False,True,False,False,False,False,False,False,False,False,True,False,False,False
26,male,Indian,28.620819091796875,2.620819091796875,25-34,False,True,False,False,False,True,False,False,False,False,False,True,False,False,False,False,False
54,male,Asian,59.307945251464844,5.307945251464844,45-64,False,True,False,True,False,False,False,False,False,False,False,False,False,True,False,False,False
51,male,White,55.02275085449219,4.0227508544921875,45-64,False,True,False,False,False,False,False,True,False,False,False,False,False,True,False,False,False
2,male,Asian,0.6007968783378601,1.39920312166214,0-4,False,True,False,True,False,False,False,False,True,False,False,False,False,False,False,False,False
28,male,White,34.742069244384766,6.742069244384766,25-34,False,True,False,False,False,False,False,True,False,False,False,True,False,False,False,False,False
13,male,White,18.05216407775879,5.052164077758789,5-17,False,True,False,False,False,False,False,True,False,True,False,False,False,False,False,False,False
34,male,White,35.16142654418945,1.1614265441894531,25-34,False,True,False,False,False,False,False,True,False,False,False,True,False,False,False,False,False
38,female,Black,27.941476821899414,10.058523178100586,35-44,True,False,False,False,True,False,False,False,False,False,False,False,True,False,False,False,False
1,female,Indian,2.1804819107055664,1.1804819107055664,0-4,True,False,False,False,False,True,False,False,True,False,False,False,False,False,False,False,False
4,male,Asian,44.861122131347656,40.861122131347656,0-4,False,True,False,True,False,False,False,False,True,False,False,False,False,False,False,False,False
32,female,White,32.41056442260742,0.4105644226074219,25-34,True,False,False,False,False,False,False,True,False,False,False,True,False,False,False,False,False
42,female,White,46.41633224487305,4.416332244873047,35-44,True,False,False,False,False,False,False,True,False,False,False,False,True,False,False,False,False
27,male,Black,27.328598022460938,0.3285980224609375,25-34,False,True,False,False,True,False,False,False,False,False,False,True,False,False,False,False,False
43,female,White,28.838102340698242,14.161897659301758,35-44,True,False,False,False,False,False,False,True,False,False,False,False,True,False,False,False,False
52,male,White,37.045372009277344,14.954627990722656,45-64,False,True,False,False,False,False,False,True,False,False,False,False,False,True,False,False,False
35,male,White,36.19886016845703,1.1988601684570312,35-44,False,True,False,False,False,False,False,True,False,False,False,False,True,False,False,False,False
37,male,White,31.428178787231445,5.571821212768555,35-44,False,True,False,False,False,False,False,True,False,False,False,False,True,False,False,False,False
85,female,White,88.15181732177734,3.1518173217773438,85-99,True,False,False,False,False,False,False,True,False,False,False,False,False,False,False,True,False
50,female,Asian,34.04393005371094,15.956069946289062,45-64,True,False,False,True,False,False,False,False,False,False,False,False,False,True,False,False,False
26,male,Indian,24.734514236450195,1.2654857635498047,25-34,False,True,False,False,False,True,False,False,False,False,False,True,False,False,False,False,False
42,male,White,54.40025329589844,12.400253295898438,35-44,False,True,False,False,False,False,False,True,False,False,False,False,True,False,False,False,False
21,female,Black,23.366003036499023,2.3660030364990234,18-24,True,False,False,False,True,False,False,False,False,False,True,False,False,False,False,False,False
35,female,White,28.731143951416016,6.268856048583984,35-44,True,False,False,False,False,False,False,True,False,False,False,False,True,False,False,False,False
19,female,White,24.09514808654785,5.095148086547852,18-24,True,False,False,False,False,False,False,True,False,False,True,False,False,False,False,False,False
1,female,Asian,0.014091255143284798,0.9859087448567152,0-4,True,False,False,True,False,False,False,False,True,False,False,False,False,False,False,False,False
23,female,White,25.823328018188477,2.8233280181884766,18-24,True,False,False,False,False,False,False,True,False,False,True,False,False,False,False,False,False
1,female,Asian,0.7365729212760925,0.26342707872390747,0-4,True,False,False,True,False,False,False,False,True,False,False,False,False,False,False,False,False
45,male,Black,56.401458740234375,11.401458740234375,45-64,False,True,False,False,True,False,False,False,False,False,False,False,False,True,False,False,False
24,male,Asian,27.702665328979492,3.702665328979492,18-24,False,True,False,True,False,False,False,False,False,False,True,False,False,False,False,False,False
23,female,White,22.38518714904785,0.6148128509521484,18-24,True,False,False,False,False,False,False,True,False,False,True,False,False,False,False,False,False
27,female,Asian,17.964839935302734,9.035160064697266,25-34,True,False,False,True,False,False,False,False,False,False,False,True,False,False,False,False,False
26,female,Indian,25.927488327026367,0.07251167297363281,25-34,True,False,False,False,False,True,False,False,False,False,False,True,False,False,False,False,False
35,male,Asian,29.7470645904541,5.252935409545898,35-44,False,True,False,True,False,False,False,False,False,False,False,False,True,False,False,False,False
47,male,White,42.513153076171875,4.486846923828125,45-64,False,True,False,False,False,False,False,True,False,False,False,False,False,True,False,False,False
40,female,White,35.58958435058594,4.4104156494140625,35-44,True,False,False,False,False,False,False,True,False,False,False,False,True,False,False,False,False
27,male,Black,32.948936462402344,5.948936462402344,25-34,False,True,False,False,True,False,False,False,False,False,False,True,False,False,False,False,False
39,female,Black,41.06217956542969,2.0621795654296875,35-44,True,False,False,False,True,False,False,False,False,False,False,False,True,False,False,False,False
28,male,Black,24.78782844543457,3.2121715545654297,25-34,False,True,False,False,True,False,False,False,False,False,False,True,False,False,False,False,False
18,female,White,14.41214370727539,3.5878562927246094,18-24,True,False,False,False,False,False,False,True,False,False,True,False,False,False,False,False,False
25,female,White,28.134464263916016,3.1344642639160156,25-34,True,False,False,False,False,False,False,True,False,False,False,True,False,False,False,False,False
32,female,Black,27.280986785888672,4.719013214111328,25-34,True,False,False,False,True,False,False,False,False,False,False,True,False,False,False,False,False
17,male,Indian,23.701719284057617,6.701719284057617,5-17,False,True,False,False,False,True,False,False,False,True,False,False,False,False,False,False,False
29,male,Black,31.621397018432617,2.621397018432617,25-34,False,True,False,False,True,False,False,False,False,False,False,True,False,False,False,False,False
26,male,Black,24.101377487182617,1.8986225128173828,25-34,False,True,False,False,True,False,False,False,False,False,False,True,False,False,False,False,False
54,female,Indian,35.533164978027344,18.466835021972656,45-64,True,False,False,False,False,True,False,False,False,False,False,False,False,True,False,False,False
85,female,White,80.60253143310547,4.397468566894531,85-99,True,False,False,False,False,False,False,True,False,False,False,False,False,False,False,True,False
26,male,Indian,32.86833953857422,6.868339538574219,25-34,False,True,False,False,False,True,False,False,False,False,False,True,False,False,False,False,False
10,male,White,7.314800262451172,2.685199737548828,5-17,False,True,False,False,False,False,False,True,False,True,False,False,False,False,False,False,False
12,female,White,9.290338516235352,2.7096614837646484,5-17,True,False,False,False,False,False,False,True,False,True,False,False,False,False,False,False,False
28,female,Asian,25.412960052490234,2.5870399475097656,25-34,True,False,False,True,False,False,False,False,False,False,False,True,False,False,False,False,False
54,female,White,58.19173812866211,4.191738128662109,45-64,True,False,False,False,False,False,False,True,False,False,False,False,False,True,False,False,False
69,male,White,66.9249038696289,2.0750961303710938,65-84,False,True,False,False,False,False,False,True,False,False,False,False,False,False,True,False,False
16,female,White,12.683708190917969,3.3162918090820312,5-17,True,False,False,False,False,False,False,True,False,True,False,False,False,False,False,False,False
25,female,Black,25.095335006713867,0.09533500671386719,25-34,True,False,False,False,True,False,False,False,False,False,False,True,False,False,False,False,False
47,male,Others,30.06754493713379,16.93245506286621,45-64,False,True,False,False,False,False,True,False,False,False,False,False,False,True,False,False,False
29,female,White,24.36806869506836,4.631931304931641,25-34,True,False,False,False,False,False,False,True,False,False,False,True,False,False,False,False,False
30,female,Asian,23.200864791870117,6.799135208129883,25-34,True,False,False,True,False,False,False,False,False,False,False,True,False,False,False,False,False
32,female,Black,32.127227783203125,0.127227783203125,25-34,True,False,False,False,True,False,False,False,False,False,False,True,False,False,False,False,False
39,male,White,34.43689727783203,4.563102722167969,35-44,False,True,False,False,False,False,False,True,False,False,False,False,True,False,False,False,False
29,male,White,27.975847244262695,1.0241527557373047,25-34,False,True,False,False,False,False,False,True,False,False,False,True,False,False,False,False,False
56,male,Indian,34.93733596801758,21.062664031982422,45-64,False,True,False,False,False,True,False,False,False,False,False,False,False,True,False,False,False
18,male,Black,22.404714584350586,4.404714584350586,18-24,False,True,False,False,True,False,False,False,False,False,True,False,False,False,False,False,False
10,male,Black,9.736328125,0.263671875,5-17,False,True,False,False,True,False,False,False,False,True,False,False,False,False,False,False,False
46,male,Asian,44.9344482421875,1.0655517578125,45-64,False,True,False,True,False,False,False,False,False,False,False,False,False,True,False,False,False
57,male,White,50.565895080566406,6.434104919433594,45-64,False,True,False,False,False,False,False,True,False,False,False,False,False,True,False,False,False
16,male,White,20.23151969909668,4.23151969909668,5-17,False,True,False,False,False,False,False,True,False,True,False,False,False,False,False,False,False
54,male,Black,39.99012756347656,14.009872436523438,45-64,False,True,False,False,True,False,False,False,False,False,False,False,False,True,False,False,False
32,male,White,25.33079719543457,6.66920280456543,25-34,False,True,False,False,False,False,False,True,False,False,False,True,False,False,False,False,False
45,male,White,39.872249603271484,5.127750396728516,45-64,False,True,False,False,False,False,False,True,False,False,False,False,False,True,False,False,False
1,male,White,6.097338676452637,5.097338676452637,0-4,False,True,False,False,False,False,False,True,True,False,False,False,False,False,False,False,False
76,female,White,78.02420806884766,2.0242080688476562,65-84,True,False,False,False,False,False,False,True,False,False,False,False,False,False,True,False,False
46,male,Indian,29.2211856842041,16.7788143157959,45-64,False,True,False,False,False,True,False,False,False,False,False,False,False,True,False,False,False
35,female,Asian,22.586484909057617,12.413515090942383,35-44,True,False,False,True,False,False,False,False,False,False,False,False,True,False,False,False,False
45,female,White,25.930879592895508,19.069120407104492,45-64,True,False,False,False,False,False,False,True,False,False,False,False,False,True,False,False,False
41,male,White,42.999656677246094,1.9996566772460938,35-44,False,True,False,False,False,False,False,True,False,False,False,False,True,False,False,False,False
30,female,Black,36.553253173828125,6.553253173828125,25-34,True,False,False,False,True,False,False,False,False,False,False,True,False,False,False,False,False
1,male,White,1.5117052793502808,0.5117052793502808,0-4,False,True,False,False,False,False,False,True,True,False,False,False,False,False,False,False,False
29,male,White,32.177345275878906,3.1773452758789062,25-34,False,True,False,False,False,False,False,True,False,False,False,True,False,False,False,False,False
2,male,Asian,-0.15743744373321533,2.1574374437332153,0-4,False,True,False,True,False,False,False,False,True,False,False,False,False,False,False,False,False
25,male,Indian,26.35184669494629,1.351846694946289,25-34,False,True,False,False,False,True,False,False,False,False,False,True,False,False,False,False,False
24,female,White,22.67706298828125,1.32293701171875,18-24,True,False,False,False,False,False,False,True,False,False,True,False,False,False,False,False,False
58,male,White,55.035701751708984,2.9642982482910156,45-64,False,True,False,False,False,False,False,True,False,False,False,False,False,True,False,False,False
36,male,Others,23.33876609802246,12.661233901977539,35-44,False,True,False,False,False,False,True,False,False,False,False,False,True,False,False,False,False
26,female,Asian,32.648460388183594,6.648460388183594,25-34,True,False,False,True,False,False,False,False,False,False,False,True,False,False,False,False,False
1,female,Asian,1.7703386545181274,0.7703386545181274,0-4,True,False,False,True,False,False,False,False,True,False,False,False,False,False,False,False,False
26,female,White,30.46735954284668,4.46735954284668,25-34,True,False,False,False,False,False,False,True,False,False,False,True,False,False,False,False,False
26,female,Asian,23.57077980041504,2.429220199584961,25-34,True,False,False,True,False,False,False,False,False,False,False,True,False,False,False,False,False
18,female,White,14.442174911499023,3.5578250885009766,18-24,True,False,False,False,False,False,False,True,False,False,True,False,False,False,False,False,False
1,male,Indian,2.409219741821289,1.409219741821289,0-4,False,True,False,False,False,True,False,False,True,False,False,False,False,False,False,False,False
52,female,White,55.95222473144531,3.9522247314453125,45-64,True,False,False,False,False,False,False,True,False,False,False,False,False,True,False,False,False
60,male,Asian,65.2212905883789,5.221290588378906,45-64,False,True,False,True,False,False,False,False,False,False,False,False,False,True,False,False,False
62,male,Asian,53.17854309082031,8.821456909179688,45-64,False,True,False,True,False,False,False,False,False,False,False,False,False,True,False,False,False
8,female,White,14.724958419799805,6.724958419799805,5-17,True,False,False,False,False,False,False,True,False,True,False,False,False,False,False,False,False
36,female,White,35.267967224121094,0.7320327758789062,35-44,True,False,False,False,False,False,False,True,False,False,False,False,True,False,False,False,False
52,female,Black,37.72917556762695,14.270824432373047,45-64,True,False,False,False,True,False,False,False,False,False,False,False,False,True,False,False,False
12,female,White,19.2645320892334,7.264532089233398,5-17,True,False,False,False,False,False,False,True,False,True,False,False,False,False,False,False,False
64,male,White,60.67710876464844,3.3228912353515625,45-64,False,True,False,False,False,False,False,True,False,False,False,False,False,True,False,False,False
81,female,White,62.620948791503906,18.379051208496094,65-84,True,False,False,False,False,False,False,True,False,False,False,False,False,False,True,False,False
18,male,White,33.91403579711914,15.91403579711914,18-24,False,True,False,False,False,False,False,True,False,False,True,False,False,False,False,False,False
26,female,Black,25.39906883239746,0.6009311676025391,25-34,True,False,False,False,True,False,False,False,False,False,False,True,False,False,False,False,False
29,male,Black,26.626035690307617,2.373964309692383,25-34,False,True,False,False,True,False,False,False,False,False,False,True,False,False,False,False,False
26,female,Indian,26.607616424560547,0.6076164245605469,25-34,True,False,False,False,False,True,False,False,False,False,False,True,False,False,False,False,False
28,female,Indian,28.097122192382812,0.0971221923828125,25-34,True,False,False,False,False,True,False,False,False,False,False,True,False,False,False,False,False
50,male,Indian,50.991085052490234,0.9910850524902344,45-64,False,True,False,False,False,True,False,False,False,False,False,False,False,True,False,False,False
23,male,White,30.832889556884766,7.832889556884766,18-24,False,True,False,False,False,False,False,True,False,False,True,False,False,False,False,False,False
18,female,White,30.06694984436035,12.066949844360352,18-24,True,False,False,False,False,False,False,True,False,False,True,False,False,False,False,False,False
26,female,White,28.74376106262207,2.7437610626220703,25-34,True,False,False,False,False,False,False,True,False,False,False,True,False,False,False,False,False
3,female,Others,3.330691337585449,0.3306913375854492,0-4,True,False,False,False,False,False,True,False,True,False,False,False,False,False,False,False,False
26,female,Asian,31.16132164001465,5.161321640014648,25-34,True,False,False,True,False,False,False,False,False,False,False,True,False,False,False,False,False
45,male,Indian,42.98310470581055,2.016895294189453,45-64,False,True,False,False,False,True,False,False,False,False,False,False,False,True,False,False,False
22,female,White,17.337095260620117,4.662904739379883,18-24,True,False,False,False,False,False,False,True,False,False,True,False,False,False,False,False,False
32,female,Black,43.54500961303711,11.54500961303711,25-34,True,False,False,False,True,False,False,False,False,False,False,True,False,False,False,False,False
68,male,White,54.54994583129883,13.450054168701172,65-84,False,True,False,False,False,False,False,True,False,False,False,False,False,False,True,False,False
35,male,Black,38.27522277832031,3.2752227783203125,35-44,False,True,False,False,True,False,False,False,False,False,False,False,True,False,False,False,False
77,male,Asian,78.97713470458984,1.9771347045898438,65-84,False,True,False,True,False,False,False,False,False,False,False,False,False,False,True,False,False
1,female,Others,1.136871576309204,0.1368715763092041,0-4,True,False,False,False,False,False,True,False,True,False,False,False,False,False,False,False,False
72,female,White,57.59569549560547,14.404304504394531,65-84,True,False,False,False,False,False,False,True,False,False,False,False,False,False,True,False,False
2,female,White,2.909973621368408,0.9099736213684082,0-4,True,False,False,False,False,False,False,True,True,False,False,False,False,False,False,False,False
36,male,Black,25.873552322387695,10.126447677612305,35-44,False,True,False,False,True,False,False,False,False,False,False,False,True,False,False,False,False
24,male,White,28.374940872192383,4.374940872192383,18-24,False,True,False,False,False,False,False,True,False,False,True,False,False,False,False,False,False
56,female,White,55.446990966796875,0.553009033203125,45-64,True,False,False,False,False,False,False,True,False,False,False,False,False,True,False,False,False
53,female,White,47.810325622558594,5.189674377441406,45-64,True,False,False,False,False,False,False,True,False,False,False,False,False,True,False,False,False
1,male,White,3.729489803314209,2.729489803314209,0-4,False,True,False,False,False,False,False,True,True,False,False,False,False,False,False,False,False
27,male,Black,23.319091796875,3.680908203125,25-34,False,True,False,False,True,False,False,False,False,False,False,True,False,False,False,False,False
3,male,Asian,4.429686069488525,1.4296860694885254,0-4,False,True,False,True,False,False,False,False,True,False,False,False,False,False,False,False,False
24,male,Black,22.122093200683594,1.8779067993164062,18-24,False,True,False,False,True,False,False,False,False,False,True,False,False,False,False,False,False
6,female,White,9.30644416809082,3.3064441680908203,5-17,True,False,False,False,False,False,False,True,False,True,False,False,False,False,False,False,False
95,female,Asian,74.89714050292969,20.102859497070312,85-99,True,False,False,True,False,False,False,False,False,False,False,False,False,False,False,True,False
26,female,Black,22.536291122436523,3.4637088775634766,25-34,True,False,False,False,True,False,False,False,False,False,False,True,False,False,False,False,False
65,male,White,69.7313232421875,4.7313232421875,65-84,False,True,False,False,False,False,False,True,False,False,False,False,False,False,True,False,False
1,male,White,1.0770329236984253,0.07703292369842529,0-4,False,True,False,False,False,False,False,True,True,False,False,False,False,False,False,False,False
67,male,White,66.7790756225586,0.22092437744140625,65-84,False,True,False,False,False,False,False,True,False,False,False,False,False,False,True,False,False
3,female,White,3.6618010997772217,0.6618010997772217,0-4,True,False,False,False,False,False,False,True,True,False,False,False,False,False,False,False,False
18,female,White,17.6942081451416,0.30579185485839844,18-24,True,False,False,False,False,False,False,True,False,False,True,False,False,False,False,False,False
5,female,Asian,2.2234156131744385,2.7765843868255615,5-17,True,False,False,True,False,False,False,False,False,True,False,False,False,False,False,False,False
26,female,Asian,24.66788101196289,1.3321189880371094,25-34,True,False,False,True,False,False,False,False,False,False,False,True,False,False,False,False,False
52,male,White,55.64752960205078,3.6475296020507812,45-64,False,True,False,False,False,False,False,True,False,False,False,False,False,True,False,False,False
69,female,White,73.12651062011719,4.1265106201171875,65-84,True,False,False,False,False,False,False,True,False,False,False,False,False,False,True,False,False
40,male,Indian,35.877227783203125,4.122772216796875,35-44,False,True,False,False,False,True,False,False,False,False,False,False,True,False,False,False,False
25,female,Asian,18.504545211791992,6.495454788208008,25-34,True,False,False,True,False,False,False,False,False,False,False,True,False,False,False,False,False
28,male,Others,27.05947494506836,0.9405250549316406,25-34,False,True,False,False,False,False,True,False,False,False,False,True,False,False,False,False,False
26,male,Asian,25.67512321472168,0.3248767852783203,25-34,False,True,False,True,False,False,False,False,False,False,False,True,False,False,False,False,False
32,female,Black,33.788658142089844,1.7886581420898438,25-34,True,False,False,False,True,False,False,False,False,False,False,True,False,False,False,False,False
62,male,White,54.16665267944336,7.833347320556641,45-64,False,True,False,False,False,False,False,True,False,False,False,False,False,True,False,False,False
3,female,Indian,6.379157066345215,3.379157066345215,0-4,True,False,False,False,False,True,False,False,True,False,False,False,False,False,False,False,False
26,female,Asian,23.806169509887695,2.1938304901123047,25-34,True,False,False,True,False,False,False,False,False,False,False,True,False,False,False,False,False
14,male,White,23.05345344543457,9.05345344543457,5-17,False,True,False,False,False,False,False,True,False,True,False,False,False,False,False,False,False
42,male,Black,41.67988586425781,0.3201141357421875,35-44,False,True,False,False,True,False,False,False,False,False,False,False,True,False,False,False,False
65,female,White,46.73884201049805,18.261157989501953,65-84,True,False,False,False,False,False,False,True,False,False,False,False,False,False,True,False,False
25,male,White,21.490062713623047,3.509937286376953,25-34,False,True,False,False,False,False,False,True,False,False,False,True,False,False,False,False,False
32,male,Black,35.966522216796875,3.966522216796875,25-34,False,True,False,False,True,False,False,False,False,False,False,True,False,False,False,False,False
1,female,Others,-0.6226661801338196,1.6226661801338196,0-4,True,False,False,False,False,False,True,False,True,False,False,False,False,False,False,False,False
47,male,White,51.919700622558594,4.919700622558594,45-64,False,True,False,False,False,False,False,True,False,False,False,False,False,True,False,False,False
65,male,Indian,56.311790466308594,8.688209533691406,65-84,False,True,False,False,False,True,False,False,False,False,False,False,False,False,True,False,False
1,female,Indian,6.06927490234375,5.06927490234375,0-4,True,False,False,False,False,True,False,False,True,False,False,False,False,False,False,False,False
60,male,Black,63.73854446411133,3.738544464111328,45-64,False,True,False,False,True,False,False,False,False,False,False,False,False,True,False,False,False
56,male,Others,31.881013870239258,24.118986129760742,45-64,False,True,False,False,False,False,True,False,False,False,False,False,False,True,False,False,False
14,female,Asian,7.369150161743164,6.630849838256836,5-17,True,False,False,True,False,False,False,False,False,True,False,False,False,False,False,False,False
16,male,White,20.37388801574707,4.37388801574707,5-17,False,True,False,False,False,False,False,True,False,True,False,False,False,False,False,False,False
26,male,Indian,21.519411087036133,4.480588912963867,25-34,False,True,False,False,False,True,False,False,False,False,False,True,False,False,False,False,False
67,male,White,67.03726959228516,0.03726959228515625,65-84,False,True,False,False,False,False,False,True,False,False,False,False,False,False,True,False,False
9,male,Black,15.566825866699219,6.566825866699219,5-17,False,True,False,False,True,False,False,False,False,True,False,False,False,False,False,False,False
28,female,Black,31.846790313720703,3.846790313720703,25-34,True,False,False,False,True,False,False,False,False,False,False,True,False,False,False,False,False
28,male,Indian,28.52528953552246,0.5252895355224609,25-34,False,True,False,False,False,True,False,False,False,False,False,True,False,False,False,False,False
29,female,Black,16.116640090942383,12.883359909057617,25-34,True,False,False,False,True,False,False,False,False,False,False,True,False,False,False,False,False
68,male,White,66.42515563964844,1.5748443603515625,65-84,False,True,False,False,False,False,False,True,False,False,False,False,False,False,True,False,False
34,male,Indian,41.666526794433594,7.666526794433594,25-34,False,True,False,False,False,True,False,False,False,False,False,True,False,False,False,False,False
28,female,Asian,29.382566452026367,1.3825664520263672,25-34,True,False,False,True,False,False,False,False,False,False,False,True,False,False,False,False,False
65,female,White,42.87510299682617,22.124897003173828,65-84,True,False,False,False,False,False,False,True,False,False,False,False,False,False,True,False,False
38,female,Black,28.182374954223633,9.817625045776367,35-44,True,False,False,False,True,False,False,False,False,False,False,False,True,False,False,False,False
66,male,White,43.176025390625,22.823974609375,65-84,False,True,False,False,False,False,False,True,False,False,False,False,False,False,True,False,False
28,male,Others,36.42173767089844,8.421737670898438,25-34,False,True,False,False,False,False,True,False,False,False,False,True,False,False,False,False,False
88,female,White,78.8434066772461,9.156593322753906,85-99,True,False,False,False,False,False,False,True,False,False,False,False,False,False,False,True,False
70,male,White,58.95857620239258,11.041423797607422,65-84,False,True,False,False,False,False,False,True,False,False,False,False,False,False,True,False,False
27,male,White,26.339086532592773,0.6609134674072266,25-34,False,True,False,False,False,False,False,True,False,False,False,True,False,False,False,False,False
16,female,White,16.574668884277344,0.5746688842773438,5-17,True,False,False,False,False,False,False,True,False,True,False,False,False,False,False,False,False
50,male,Black,44.45521545410156,5.5447845458984375,45-64,False,True,False,False,True,False,False,False,False,False,False,False,False,True,False,False,False
35,female,White,29.586278915405273,5.413721084594727,35-44,True,False,False,False,False,False,False,True,False,False,False,False,True,False,False,False,False
1,male,Asian,1.0272210836410522,0.027221083641052246,0-4,False,True,False,True,False,False,False,False,True,False,False,False,False,False,False,False,False
31,male,White,24.390623092651367,6.609376907348633,25-34,False,True,False,False,False,False,False,True,False,False,False,True,False,False,False,False,False
15,female,White,19.980501174926758,4.980501174926758,5-17,True,False,False,False,False,False,False,True,False,True,False,False,False,False,False,False,False
31,male,Indian,36.39128494262695,5.391284942626953,25-34,False,True,False,False,False,True,False,False,False,False,False,True,False,False,False,False,False
28,female,Black,31.0479736328125,3.0479736328125,25-34,True,False,False,False,True,False,False,False,False,False,False,True,False,False,False,False,False
3,female,White,6.374037742614746,3.374037742614746,0-4,True,False,False,False,False,False,False,True,True,False,False,False,False,False,False,False,False
28,female,Asian,24.023279190063477,3.9767208099365234,25-34,True,False,False,True,False,False,False,False,False,False,False,True,False,False,False,False,False
26,female,Indian,34.961944580078125,8.961944580078125,25-34,True,False,False,False,False,True,False,False,False,False,False,True,False,False,False,False,False
49,female,Indian,38.09794616699219,10.902053833007812,45-64,True,False,False,False,False,True,False,False,False,False,False,False,False,True,False,False,False
37,male,Black,31.361831665039062,5.6381683349609375,35-44,False,True,False,False,True,False,False,False,False,False,False,False,True,False,False,False,False
6,female,Indian,4.617975234985352,1.3820247650146484,5-17,True,False,False,False,False,True,False,False,False,True,False,False,False,False,False,False,False
26,male,White,33.70384979248047,7.703849792480469,25-34,False,True,False,False,False,False,False,True,False,False,False,True,False,False,False,False,False
25,male,Indian,26.232154846191406,1.2321548461914062,25-34,False,True,False,False,False,True,False,False,False,False,False,True,False,False,False,False,False
37,male,Asian,44.402408599853516,7.402408599853516,35-44,False,True,False,True,False,False,False,False,False,False,False,False,True,False,False,False,False
32,male,Others,43.15262222290039,11.15262222290039,25-34,False,True,False,False,False,False,True,False,False,False,False,True,False,False,False,False,False
16,male,White,15.333837509155273,0.6661624908447266,5-17,False,True,False,False,False,False,False,True,False,True,False,False,False,False,False,False,False
43,female,Indian,28.372392654418945,14.627607345581055,35-44,True,False,False,False,False,True,False,False,False,False,False,False,True,False,False,False,False
26,female,White,24.884641647338867,1.1153583526611328,25-34,True,False,False,False,False,False,False,True,False,False,False,True,False,False,False,False,False
31,male,White,49.10845184326172,18.10845184326172,25-34,False,True,False,False,False,False,False,True,False,False,False,True,False,False,False,False,False
26,female,Asian,30.241559982299805,4.241559982299805,25-34,True,False,False,True,False,False,False,False,False,False,False,True,False,False,False,False,False
8,male,Black,21.49578285217285,13.495782852172852,5-17,False,True,False,False,True,False,False,False,False,True,False,False,False,False,False,False,False
11,male,White,11.13435173034668,0.1343517303466797,5-17,False,True,False,False,False,False,False,True,False,True,False,False,False,False,False,False,False
72,female,White,62.41401290893555,9.585987091064453,65-84,True,False,False,False,False,False,False,True,False,False,False,False,False,False,True,False,False
32,female,Black,25.139354705810547,6.860645294189453,25-34,True,False,False,False,True,False,False,False,False,False,False,True,False,False,False,False,False
28,female,White,41.40726089477539,13.40726089477539,25-34,True,False,False,False,False,False,False,True,False,False,False,True,False,False,False,False,False
35,male,Asian,39.55655288696289,4.556552886962891,35-44,False,True,False,True,False,False,False,False,False,False,False,False,True,False,False,False,False
39,male,Indian,47.95966339111328,8.959663391113281,35-44,False,True,False,False,False,True,False,False,False,False,False,False,True,False,False,False,False
77,male,Asian,65.4487075805664,11.551292419433594,65-84,False,True,False,True,False,False,False,False,False,False,False,False,False,False,True,False,False
71,female,White,57.70491027832031,13.295089721679688,65-84,True,False,False,False,False,False,False,True,False,False,False,False,False,False,True,False,False
43,male,White,28.07080078125,14.92919921875,35-44,False,True,False,False,False,False,False,True,False,False,False,False,True,False,False,False,False
1,female,Black,0.4677944779396057,0.5322055220603943,0-4,True,False,False,False,True,False,False,False,True,False,False,False,False,False,False,False,False
62,male,White,66.8829345703125,4.8829345703125,45-64,False,True,False,False,False,False,False,True,False,False,False,False,False,True,False,False,False
24,female,Asian,25.44503402709961,1.4450340270996094,18-24,True,False,False,True,False,False,False,False,False,False,True,False,False,False,False,False,False
56,male,White,59.16935729980469,3.1693572998046875,45-64,False,True,False,False,False,False,False,True,False,False,False,False,False,True,False,False,False
26,female,Asian,23.386884689331055,2.6131153106689453,25-34,True,False,False,True,False,False,False,False,False,False,False,True,False,False,False,False,False
85,female,White,61.85839080810547,23.14160919189453,85-99,True,False,False,False,False,False,False,True,False,False,False,False,False,False,False,True,False
26,female,Asian,24.028188705444336,1.971811294555664,25-34,True,False,False,True,False,False,False,False,False,False,False,True,False,False,False,False,False
2,female,Others,2.5292978286743164,0.5292978286743164,0-4,True,False,False,False,False,False,True,False,True,False,False,False,False,False,False,False,False
4,female,White,4.5677409172058105,0.5677409172058105,0-4,True,False,False,False,False,False,False,True,True,False,False,False,False,False,False,False,False
33,male,White,42.115543365478516,9.115543365478516,25-34,False,True,False,False,False,False,False,True,False,False,False,True,False,False,False,False,False
35,male,White,26.715742111206055,8.284257888793945,35-44,False,True,False,False,False,False,False,True,False,False,False,False,True,False,False,False,False
26,female,Indian,28.902027130126953,2.902027130126953,25-34,True,False,False,False,False,True,False,False,False,False,False,True,False,False,False,False,False
35,female,Others,33.91309356689453,1.0869064331054688,35-44,True,False,False,False,False,False,True,False,False,False,False,False,True,False,False,False,False
70,female,White,67.42256927490234,2.5774307250976562,65-84,True,False,False,False,False,False,False,True,False,False,False,False,False,False,True,False,False
42,female,Others,28.909866333007812,13.090133666992188,35-44,True,False,False,False,False,False,True,False,False,False,False,False,True,False,False,False,False
29,male,Black,31.621397018432617,2.621397018432617,25-34,False,True,False,False,True,False,False,False,False,False,False,True,False,False,False,False,False
25,female,Indian,24.349206924438477,0.6507930755615234,25-34,True,False,False,False,False,True,False,False,False,False,False,True,False,False,False,False,False
8,female,Asian,7.6408467292785645,0.35915327072143555,5-17,True,False,False,True,False,False,False,False,False,True,False,False,False,False,False,False,False
29,male,Black,27.77263069152832,1.2273693084716797,25-34,False,True,False,False,True,False,False,False,False,False,False,True,False,False,False,False,False
35,male,Indian,40.4876594543457,5.487659454345703,35-44,False,True,False,False,False,True,False,False,False,False,False,False,True,False,False,False,False
2,female,Others,1.5131908655166626,0.4868091344833374,0-4,True,False,False,False,False,False,True,False,True,False,False,False,False,False,False,False,False
9,male,White,21.679861068725586,12.679861068725586,5-17,False,True,False,False,False,False,False,True,False,True,False,False,False,False,False,False,False
49,female,White,42.67980194091797,6.320198059082031,45-64,True,False,False,False,False,False,False,True,False,False,False,False,False,True,False,False,False
25,female,Indian,20.151220321655273,4.848779678344727,25-34,True,False,False,False,False,True,False,False,False,False,False,True,False,False,False,False,False
56,male,White,55.84342956542969,0.1565704345703125,45-64,False,True,False,False,False,False,False,True,False,False,False,False,False,True,False,False,False
26,female,White,27.868764877319336,1.868764877319336,25-34,True,False,False,False,False,False,False,True,False,False,False,True,False,False,False,False,False
72,female,White,63.20873260498047,8.791267395019531,65-84,True,False,False,False,False,False,False,True,False,False,False,False,False,False,True,False,False
30,male,White,35.927757263183594,5.927757263183594,25-34,False,True,False,False,False,False,False,True,False,False,False,True,False,False,False,False,False
22,female,Others,19.246990203857422,2.753009796142578,18-24,True,False,False,False,False,False,True,False,False,False,True,False,False,False,False,False,False
5,female,White,1.2756236791610718,3.7243763208389282,5-17,True,False,False,False,False,False,False,True,False,True,False,False,False,False,False,False,False
1,female,White,1.6988939046859741,0.6988939046859741,0-4,True,False,False,False,False,False,False,True,True,False,False,False,False,False,False,False,False
28,male,Black,25.342626571655273,2.6573734283447266,25-34,False,True,False,False,True,False,False,False,False,False,False,True,False,False,False,False,False
22,male,Black,25.3950138092041,3.3950138092041016,18-24,False,True,False,False,True,False,False,False,False,False,True,False,False,False,False,False,False
1,male,White,2.264362335205078,1.2643623352050781,0-4,False,True,False,False,False,False,False,True,True,False,False,False,False,False,False,False,False
12,female,Black,22.667818069458008,10.667818069458008,5-17,True,False,False,False,True,False,False,False,False,True,False,False,False,False,False,False,False
3,female,Indian,3.453754425048828,0.4537544250488281,0-4,True,False,False,False,False,True,False,False,True,False,False,False,False,False,False,False,False
70,male,White,55.911502838134766,14.088497161865234,65-84,False,True,False,False,False,False,False,True,False,False,False,False,False,False,True,False,False
30,female,Others,41.8607177734375,11.8607177734375,25-34,True,False,False,False,False,False,True,False,False,False,False,True,False,False,False,False,False
57,female,Asian,36.14134216308594,20.858657836914062,45-64,True,False,False,True,False,False,False,False,False,False,False,False,False,True,False,False,False
11,male,White,6.962053298950195,4.037946701049805,5-17,False,True,False,False,False,False,False,True,False,True,False,False,False,False,False,False,False
35,male,White,40.47283935546875,5.47283935546875,35-44,False,True,False,False,False,False,False,True,False,False,False,False,True,False,False,False,False
26,male,White,36.40132522583008,10.401325225830078,25-34,False,True,False,False,False,False,False,True,False,False,False,True,False,False,False,False,False
54,male,White,55.8090705871582,1.8090705871582031,45-64,False,True,False,False,False,False,False,True,False,False,False,False,False,True,False,False,False
28,female,Black,29.80827522277832,1.8082752227783203,25-34,True,False,False,False,True,False,False,False,False,False,False,True,False,False,False,False,False
62,male,Black,40.6877555847168,21.312244415283203,45-64,False,True,False,False,True,False,False,False,False,False,False,False,False,True,False,False,False
56,female,White,56.05558395385742,0.055583953857421875,45-64,True,False,False,False,False,False,False,True,False,False,False,False,False,True,False,False,False
26,female,Black,28.853254318237305,2.8532543182373047,25-34,True,False,False,False,True,False,False,False,False,False,False,True,False,False,False,False,False
3,female,Others,7.774613380432129,4.774613380432129,0-4,True,False,False,False,False,False,True,False,True,False,False,False,False,False,False,False,False
75,male,White,55.386329650878906,19.613670349121094,65-84,False,True,False,False,False,False,False,True,False,False,False,False,False,False,True,False,False
31,male,White,35.57280731201172,4.572807312011719,25-34,False,True,False,False,False,False,False,True,False,False,False,True,False,False,False,False,False
29,female,Asian,29.428306579589844,0.42830657958984375,25-34,True,False,False,True,False,False,False,False,False,False,False,True,False,False,False,False,False
28,male,White,26.7425594329834,1.2574405670166016,25-34,False,True,False,False,False,False,False,True,False,False,False,True,False,False,False,False,False
26,male,White,25.01865005493164,0.9813499450683594,25-34,False,True,False,False,False,False,False,True,False,False,False,True,False,False,False,False,False
47,male,White,53.78733825683594,6.7873382568359375,45-64,False,True,False,False,False,False,False,True,False,False,False,False,False,True,False,False,False
73,female,White,60.359989166259766,12.640010833740234,65-84,True,False,False,False,False,False,False,True,False,False,False,False,False,False,True,False,False
29,male,Indian,30.28663444519043,1.2866344451904297,25-34,False,True,False,False,False,True,False,False,False,False,False,True,False,False,False,False,False
43,male,White,45.05775451660156,2.0577545166015625,35-44,False,True,False,False,False,False,False,True,False,False,False,False,True,False,False,False,False
45,male,White,43.70960235595703,1.2903976440429688,45-64,False,True,False,False,False,False,False,True,False,False,False,False,False,True,False,False,False
35,male,Others,31.890146255493164,3.109853744506836,35-44,False,True,False,False,False,False,True,False,False,False,False,False,True,False,False,False,False
26,male,White,24.759553909301758,1.2404460906982422,25-34,False,True,False,False,False,False,False,True,False,False,False,True,False,False,False,False,False
37,male,White,37.15546417236328,0.15546417236328125,35-44,False,True,False,False,False,False,False,True,False,False,False,False,True,False,False,False,False
45,male,Indian,39.386993408203125,5.613006591796875,45-64,False,True,False,False,False,True,False,False,False,False,False,False,False,True,False,False,False
48,female,Black,29.516366958618164,18.483633041381836,45-64,True,False,False,False,True,False,False,False,False,False,False,False,False,True,False,False,False
26,female,Black,31.65349769592285,5.653497695922852,25-34,True,False,False,False,True,False,False,False,False,False,False,True,False,False,False,False,False
65,male,White,58.62686538696289,6.373134613037109,65-84,False,True,False,False,False,False,False,True,False,False,False,False,False,False,True,False,False
25,female,Indian,23.495195388793945,1.5048046112060547,25-34,True,False,False,False,False,True,False,False,False,False,False,True,False,False,False,False,False
2,female,Others,5.197431564331055,3.1974315643310547,0-4,True,False,False,False,False,False,True,False,True,False,False,False,False,False,False,False,False
32,male,White,35.047691345214844,3.0476913452148438,25-34,False,True,False,False,False,False,False,True,False,False,False,True,False,False,False,False,False
72,female,Indian,78.03370666503906,6.0337066650390625,65-84,True,False,False,False,False,True,False,False,False,False,False,False,False,False,True,False,False
28,male,White,33.383872985839844,5.383872985839844,25-34,False,True,False,False,False,False,False,True,False,False,False,True,False,False,False,False,False
45,female,White,50.97389221191406,5.9738922119140625,45-64,True,False,False,False,False,False,False,True,False,False,False,False,False,True,False,False,False
25,female,Black,28.611806869506836,3.611806869506836,25-34,True,False,False,False,True,False,False,False,False,False,False,True,False,False,False,False,False
26,female,Asian,23.2143497467041,2.7856502532958984,25-34,True,False,False,True,False,False,False,False,False,False,False,True,False,False,False,False,False
37,male,White,25.1851749420166,11.814825057983398,35-44,False,True,False,False,False,False,False,True,False,False,False,False,True,False,False,False,False
30,male,Black,24.930198669433594,5.069801330566406,25-34,False,True,False,False,True,False,False,False,False,False,False,True,False,False,False,False,False
52,male,Others,37.898460388183594,14.101539611816406,45-64,False,True,False,False,False,False,True,False,False,False,False,False,False,True,False,False,False
17,female,Black,20.995141983032227,3.9951419830322266,5-17,True,False,False,False,True,False,False,False,False,True,False,False,False,False,False,False,False
72,female,White,65.54137420654297,6.458625793457031,65-84,True,False,False,False,False,False,False,True,False,False,False,False,False,False,True,False,False
32,female,Black,34.097923278808594,2.0979232788085938,25-34,True,False,False,False,True,False,False,False,False,False,False,True,False,False,False,False,False
1,female,Asian,0.3265434503555298,0.6734565496444702,0-4,True,False,False,True,False,False,False,False,True,False,False,False,False,False,False,False,False
26,female,White,32.078895568847656,6.078895568847656,25-34,True,False,False,False,False,False,False,True,False,False,False,True,False,False,False,False,False
36,female,White,17.645225524902344,18.354774475097656,35-44,True,False,False,False,False,False,False,True,False,False,False,False,True,False,False,False,False
1,female,Others,3.487475872039795,2.487475872039795,0-4,True,False,False,False,False,False,True,False,True,False,False,False,False,False,False,False,False
25,female,White,34.90234375,9.90234375,25-34,True,False,False,False,False,False,False,True,False,False,False,True,False,False,False,False,False
1,female,White,0.9935388565063477,0.006461143493652344,0-4,True,False,False,False,False,False,False,True,True,False,False,False,False,False,False,False,False
31,male,Black,29.313919067382812,1.6860809326171875,25-34,False,True,False,False,True,False,False,False,False,False,False,True,False,False,False,False,False
1,male,Others,1.5613559484481812,0.5613559484481812,0-4,False,True,False,False,False,False,True,False,True,False,False,False,False,False,False,False,False
56,male,White,35.55029296875,20.44970703125,45-64,False,True,False,False,False,False,False,True,False,False,False,False,False,True,False,False,False
39,female,Indian,34.794578552246094,4.205421447753906,35-44,True,False,False,False,False,True,False,False,False,False,False,False,True,False,False,False,False
66,male,White,54.59954071044922,11.400459289550781,65-84,False,True,False,False,False,False,False,True,False,False,False,False,False,False,True,False,False
22,male,White,27.024812698364258,5.024812698364258,18-24,False,True,False,False,False,False,False,True,False,False,True,False,False,False,False,False,False
13,female,White,10.473343849182129,2.526656150817871,5-17,True,False,False,False,False,False,False,True,False,True,False,False,False,False,False,False,False
76,female,Black,66.59508514404297,9.404914855957031,65-84,True,False,False,False,True,False,False,False,False,False,False,False,False,False,True,False,False
36,male,White,35.896053314208984,0.10394668579101562,35-44,False,True,False,False,False,False,False,True,False,False,False,False,True,False,False,False,False
59,male,Indian,62.711204528808594,3.7112045288085938,45-64,False,True,False,False,False,True,False,False,False,False,False,False,False,True,False,False,False
23,female,White,21.910131454467773,1.0898685455322266,18-24,True,False,False,False,False,False,False,True,False,False,True,False,False,False,False,False,False
28,male,Black,45.73982238769531,17.739822387695312,25-34,False,True,False,False,True,False,False,False,False,False,False,True,False,False,False,False,False
32,female,White,29.78963279724121,2.210367202758789,25-34,True,False,False,False,False,False,False,True,False,False,False,True,False,False,False,False,False
61,female,White,55.15680694580078,5.843193054199219,45-64,True,False,False,False,False,False,False,True,False,False,False,False,False,True,False,False,False
60,female,White,59.59031677246094,0.4096832275390625,45-64,True,False,False,False,False,False,False,True,False,False,False,False,False,True,False,False,False
29,female,Asian,24.94082260131836,4.059177398681641,25-34,True,False,False,True,False,False,False,False,False,False,False,True,False,False,False,False,False
28,female,Asian,28.861284255981445,0.8612842559814453,25-34,True,False,False,True,False,False,False,False,False,False,False,True,False,False,False,False,False
69,female,White,74.45079803466797,5.450798034667969,65-84,True,False,False,False,False,False,False,True,False,False,False,False,False,False,True,False,False
26,male,White,42.75975036621094,16.759750366210938,25-34,False,True,False,False,False,False,False,True,False,False,False,True,False,False,False,False,False
32,female,White,54.228729248046875,22.228729248046875,25-34,True,False,False,False,False,False,False,True,False,False,False,True,False,False,False,False,False
22,female,Others,21.67217445373535,0.32782554626464844,18-24,True,False,False,False,False,False,True,False,False,False,True,False,False,False,False,False,False
30,female,Asian,23.296579360961914,6.703420639038086,25-34,True,False,False,True,False,False,False,False,False,False,False,True,False,False,False,False,False
24,female,Black,20.187978744506836,3.812021255493164,18-24,True,False,False,False,True,False,False,False,False,False,True,False,False,False,False,False,False
58,male,White,63.11265563964844,5.1126556396484375,45-64,False,True,False,False,False,False,False,True,False,False,False,False,False,True,False,False,False
30,male,Black,31.079206466674805,1.0792064666748047,25-34,False,True,False,False,True,False,False,False,False,False,False,True,False,False,False,False,False
100,female,White,81.84822845458984,18.151771545410156,100-119,True,False,False,False,False,False,False,True,False,False,False,False,False,False,False,False,True
12,male,Asian,7.179904937744141,4.820095062255859,5-17,False,True,False,True,False,False,False,False,False,True,False,False,False,False,False,False,False
34,male,Black,28.8321475982666,5.167852401733398,25-34,False,True,False,False,True,False,False,False,False,False,False,True,False,False,False,False,False
89,female,White,73.6617660522461,15.338233947753906,85-99,True,False,False,False,False,False,False,True,False,False,False,False,False,False,False,True,False
2,female,Indian,1.6476683616638184,0.35233163833618164,0-4,True,False,False,False,False,True,False,False,True,False,False,False,False,False,False,False,False
28,male,Asian,23.97572135925293,4.02427864074707,25-34,False,True,False,True,False,False,False,False,False,False,False,True,False,False,False,False,False
26,female,Indian,20.120983123779297,5.879016876220703,25-34,True,False,False,False,False,True,False,False,False,False,False,True,False,False,False,False,False
63,male,White,61.942527770996094,1.0574722290039062,45-64,False,True,False,False,False,False,False,True,False,False,False,False,False,True,False,False,False
24,female,Asian,31.259477615356445,7.259477615356445,18-24,True,False,False,True,False,False,False,False,False,False,True,False,False,False,False,False,False
35,female,Black,30.365678787231445,4.634321212768555,35-44,True,False,False,False,True,False,False,False,False,False,False,False,True,False,False,False,False
26,female,Black,31.733366012573242,5.733366012573242,25-34,True,False,False,False,True,False,False,False,False,False,False,True,False,False,False,False,False
26,male,Others,24.738264083862305,1.2617359161376953,25-34,False,True,False,False,False,False,True,False,False,False,False,True,False,False,False,False,False
40,male,Asian,29.293964385986328,10.706035614013672,35-44,False,True,False,True,False,False,False,False,False,False,False,False,True,False,False,False,False
16,female,White,18.067472457885742,2.067472457885742,5-17,True,False,False,False,False,False,False,True,False,True,False,False,False,False,False,False,False
34,female,White,38.242942810058594,4.242942810058594,25-34,True,False,False,False,False,False,False,True,False,False,False,True,False,False,False,False,False
35,female,Black,32.68363571166992,2.316364288330078,35-44,True,False,False,False,True,False,False,False,False,False,False,False,True,False,False,False,False
46,male,Others,28.285404205322266,17.714595794677734,45-64,False,True,False,False,False,False,True,False,False,False,False,False,False,True,False,False,False
28,male,Indian,33.13593292236328,5.135932922363281,25-34,False,True,False,False,False,True,False,False,False,False,False,True,False,False,False,False,False
35,male,Indian,39.33124542236328,4.331245422363281,35-44,False,True,False,False,False,True,False,False,False,False,False,False,True,False,False,False,False
29,female,White,30.35149383544922,1.3514938354492188,25-34,True,False,False,False,False,False,False,True,False,False,False,True,False,False,False,False,False
44,male,Black,33.11897277832031,10.881027221679688,35-44,False,True,False,False,True,False,False,False,False,False,False,False,True,False,False,False,False
60,female,White,54.1195068359375,5.8804931640625,45-64,True,False,False,False,False,False,False,True,False,False,False,False,False,True,False,False,False
6,female,White,18.24751853942871,12.247518539428711,5-17,True,False,False,False,False,False,False,True,False,True,False,False,False,False,False,False,False
25,male,Black,24.49101448059082,0.5089855194091797,25-34,False,True,False,False,True,False,False,False,False,False,False,True,False,False,False,False,False
28,male,White,23.634008407592773,4.365991592407227,25-34,False,True,False,False,False,False,False,True,False,False,False,True,False,False,False,False,False
34,male,Black,34.141571044921875,0.141571044921875,25-34,False,True,False,False,True,False,False,False,False,False,False,True,False,False,False,False,False
25,female,Black,23.2039852142334,1.7960147857666016,25-34,True,False,False,False,True,False,False,False,False,False,False,True,False,False,False,False,False
26,male,Others,42.86134719848633,16.861347198486328,25-34,False,True,False,False,False,False,True,False,False,False,False,True,False,False,False,False,False
26,female,Asian,24.795175552368164,1.204824447631836,25-34,True,False,False,True,False,False,False,False,False,False,False,True,False,False,False,False,False
25,male,White,24.81248664855957,0.1875133514404297,25-34,False,True,False,False,False,False,False,True,False,False,False,True,False,False,False,False,False
26,male,Black,28.56395149230957,2.5639514923095703,25-34,False,True,False,False,True,False,False,False,False,False,False,True,False,False,False,False,False
26,female,Black,22.96171760559082,3.0382823944091797,25-34,True,False,False,False,True,False,False,False,False,False,False,True,False,False,False,False,False
3,male,Indian,15.266599655151367,12.266599655151367,0-4,False,True,False,False,False,True,False,False,True,False,False,False,False,False,False,False,False
36,male,White,36.964881896972656,0.9648818969726562,35-44,False,True,False,False,False,False,False,True,False,False,False,False,True,False,False,False,False
35,female,Black,25.52872657775879,9.471273422241211,35-44,True,False,False,False,True,False,False,False,False,False,False,False,True,False,False,False,False
26,male,Black,26.12287712097168,0.12287712097167969,25-34,False,True,False,False,True,False,False,False,False,False,False,True,False,False,False,False,False
1,female,Indian,0.4677944779396057,0.5322055220603943,0-4,True,False,False,False,False,True,False,False,True,False,False,False,False,False,False,False,False
39,male,White,45.73907470703125,6.73907470703125,35-44,False,True,False,False,False,False,False,True,False,False,False,False,True,False,False,False,False
20,female,Asian,21.757915496826172,1.7579154968261719,18-24,True,False,False,True,False,False,False,False,False,False,True,False,False,False,False,False,False
26,male,Black,34.644142150878906,8.644142150878906,25-34,False,True,False,False,True,False,False,False,False,False,False,True,False,False,False,False,False
61,male,White,59.64759063720703,1.3524093627929688,45-64,False,True,False,False,False,False,False,True,False,False,False,False,False,True,False,False,False
23,male,Asian,20.739992141723633,2.260007858276367,18-24,False,True,False,True,False,False,False,False,False,False,True,False,False,False,False,False,False
40,male,White,39.162933349609375,0.837066650390625,35-44,False,True,False,False,False,False,False,True,False,False,False,False,True,False,False,False,False
26,female,Indian,29.357433319091797,3.357433319091797,25-34,True,False,False,False,False,True,False,False,False,False,False,True,False,False,False,False,False
14,female,White,10.75339412689209,3.24660587310791,5-17,True,False,False,False,False,False,False,True,False,True,False,False,False,False,False,False,False
28,male,Black,29.83938980102539,1.8393898010253906,25-34,False,True,False,False,True,False,False,False,False,False,False,True,False,False,False,False,False
41,male,Black,50.41322326660156,9.413223266601562,35-44,False,True,False,False,True,False,False,False,False,False,False,False,True,False,False,False,False
40,male,Black,31.58358383178711,8.41641616821289,35-44,False,True,False,False,True,False,False,False,False,False,False,False,True,False,False,False,False
48,female,White,33.41729736328125,14.58270263671875,45-64,True,False,False,False,False,False,False,True,False,False,False,False,False,True,False,False,False
18,female,White,27.7435245513916,9.743524551391602,18-24,True,False,False,False,False,False,False,True,False,False,True,False,False,False,False,False,False
48,male,White,28.726089477539062,19.273910522460938,45-64,False,True,False,False,False,False,False,True,False,False,False,False,False,True,False,False,False
18,female,White,26.90384292602539,8.90384292602539,18-24,True,False,False,False,False,False,False,True,False,False,True,False,False,False,False,False,False
73,male,White,76.3415298461914,3.3415298461914062,65-84,False,True,False,False,False,False,False,True,False,False,False,False,False,False,True,False,False
22,male,Others,23.986330032348633,1.9863300323486328,18-24,False,True,False,False,False,False,True,False,False,False,True,False,False,False,False,False,False
31,male,Black,27.394201278686523,3.6057987213134766,25-34,False,True,False,False,True,False,False,False,False,False,False,True,False,False,False,False,False
26,female,Black,26.60661506652832,0.6066150665283203,25-34,True,False,False,False,True,False,False,False,False,False,False,True,False,False,False,False,False
61,female,White,56.72260284423828,4.277397155761719,45-64,True,False,False,False,False,False,False,True,False,False,False,False,False,True,False,False,False
26,female,Asian,30.108076095581055,4.108076095581055,25-34,True,False,False,True,False,False,False,False,False,False,False,True,False,False,False,False,False
32,male,Black,24.431650161743164,7.568349838256836,25-34,False,True,False,False,True,False,False,False,False,False,False,True,False,False,False,False,False
38,male,White,41.35344314575195,3.353443145751953,35-44,False,True,False,False,False,False,False,True,False,False,False,False,True,False,False,False,False
6,female,Asian,16.513383865356445,10.513383865356445,5-17,True,False,False,True,False,False,False,False,False,True,False,False,False,False,False,False,False
55,male,White,47.61244201660156,7.3875579833984375,45-64,False,True,False,False,False,False,False,True,False,False,False,False,False,True,False,False,False
50,male,Indian,43.586936950683594,6.413063049316406,45-64,False,True,False,False,False,True,False,False,False,False,False,False,False,True,False,False,False
12,male,White,25.73956298828125,13.73956298828125,5-17,False,True,False,False,False,False,False,True,False,True,False,False,False,False,False,False,False
45,male,Asian,31.529701232910156,13.470298767089844,45-64,False,True,False,True,False,False,False,False,False,False,False,False,False,True,False,False,False
53,female,White,32.32859802246094,20.671401977539062,45-64,True,False,False,False,False,False,False,True,False,False,False,False,False,True,False,False,False
35,male,White,48.456363677978516,13.456363677978516,35-44,False,True,False,False,False,False,False,True,False,False,False,False,True,False,False,False,False
28,female,White,33.44157409667969,5.4415740966796875,25-34,True,False,False,False,False,False,False,True,False,False,False,True,False,False,False,False,False
16,female,Black,15.655462265014648,0.34453773498535156,5-17,True,False,False,False,True,False,False,False,False,True,False,False,False,False,False,False,False
34,female,Black,27.644838333129883,6.355161666870117,25-34,True,False,False,False,True,False,False,False,False,False,False,True,False,False,False,False,False
32,male,Indian,33.663326263427734,1.6633262634277344,25-34,False,True,False,False,False,True,False,False,False,False,False,True,False,False,False,False,False
65,female,Indian,64.02843475341797,0.9715652465820312,65-84,True,False,False,False,False,True,False,False,False,False,False,False,False,False,True,False,False
70,male,White,58.87473678588867,11.125263214111328,65-84,False,True,False,False,False,False,False,True,False,False,False,False,False,False,True,False,False
40,male,Indian,25.862035751342773,14.137964248657227,35-44,False,True,False,False,False,True,False,False,False,False,False,False,True,False,False,False,False
28,female,Asian,28.14610481262207,0.1461048126220703,25-34,True,False,False,True,False,False,False,False,False,False,False,True,False,False,False,False,False
65,male,Asian,49.303260803222656,15.696739196777344,65-84,False,True,False,True,False,False,False,False,False,False,False,False,False,False,True,False,False
2,male,Black,2.1505556106567383,0.15055561065673828,0-4,False,True,False,False,True,False,False,False,True,False,False,False,False,False,False,False,False
1,male,Asian,0.5457938313484192,0.4542061686515808,0-4,False,True,False,True,False,False,False,False,True,False,False,False,False,False,False,False,False
29,female,Black,27.445110321044922,1.5548896789550781,25-34,True,False,False,False,True,False,False,False,False,False,False,True,False,False,False,False,False
34,male,White,26.349424362182617,7.650575637817383,25-34,False,True,False,False,False,False,False,True,False,False,False,True,False,False,False,False,False
55,male,White,56.32710266113281,1.3271026611328125,45-64,False,True,False,False,False,False,False,True,False,False,False,False,False,True,False,False,False
26,male,Others,27.085655212402344,1.0856552124023438,25-34,False,True,False,False,False,False,True,False,False,False,False,True,False,False,False,False,False
58,male,White,42.821632385253906,15.178367614746094,45-64,False,True,False,False,False,False,False,True,False,False,False,False,False,True,False,False,False
36,female,White,33.700618743896484,2.2993812561035156,35-44,True,False,False,False,False,False,False,True,False,False,False,False,True,False,False,False,False
1,male,White,1.635141134262085,0.635141134262085,0-4,False,True,False,False,False,False,False,True,True,False,False,False,False,False,False,False,False
1,female,Indian,1.0260525941848755,0.02605259418487549,0-4,True,False,False,False,False,True,False,False,True,False,False,False,False,False,False,False,False
60,male,White,64.23761749267578,4.237617492675781,45-64,False,True,False,False,False,False,False,True,False,False,False,False,False,True,False,False,False
29,male,Asian,27.31200408935547,1.6879959106445312,25-34,False,True,False,True,False,False,False,False,False,False,False,True,False,False,False,False,False
65,male,White,68.43062591552734,3.4306259155273438,65-84,False,True,False,False,False,False,False,True,False,False,False,False,False,False,True,False,False
10,male,White,7.661783218383789,2.338216781616211,5-17,False,True,False,False,False,False,False,True,False,True,False,False,False,False,False,False,False
48,male,White,49.62425231933594,1.6242523193359375,45-64,False,True,False,False,False,False,False,True,False,False,False,False,False,True,False,False,False
51,male,White,49.83100128173828,1.1689987182617188,45-64,False,True,False,False,False,False,False,True,False,False,False,False,False,True,False,False,False
32,female,Black,28.128236770629883,3.871763229370117,25-34,True,False,False,False,True,False,False,False,False,False,False,True,False,False,False,False,False
25,male,White,27.538034439086914,2.538034439086914,25-34,False,True,False,False,False,False,False,True,False,False,False,True,False,False,False,False,False
30,female,White,34.779380798339844,4.779380798339844,25-34,True,False,False,False,False,False,False,True,False,False,False,True,False,False,False,False,False
58,male,Indian,40.1798095703125,17.8201904296875,45-64,False,True,False,False,False,True,False,False,False,False,False,False,False,True,False,False,False
56,female,White,62.8755989074707,6.875598907470703,45-64,True,False,False,False,False,False,False,True,False,False,False,False,False,True,False,False,False
32,female,White,44.66071319580078,12.660713195800781,25-34,True,False,False,False,False,False,False,True,False,False,False,True,False,False,False,False,False
29,male,White,25.096332550048828,3.903667449951172,25-34,False,True,False,False,False,False,False,True,False,False,False,True,False,False,False,False,False
1,male,White,0.004711510613560677,0.9952884893864393,0-4,False,True,False,False,False,False,False,True,True,False,False,False,False,False,False,False,False
40,female,Black,40.21059799194336,0.21059799194335938,35-44,True,False,False,False,True,False,False,False,False,False,False,False,True,False,False,False,False
85,female,Black,72.05829620361328,12.941703796386719,85-99,True,False,False,False,True,False,False,False,False,False,False,False,False,False,False,True,False
28,female,Black,29.558990478515625,1.558990478515625,25-34,True,False,False,False,True,False,False,False,False,False,False,True,False,False,False,False,False
38,female,Indian,24.50861167907715,13.491388320922852,35-44,True,False,False,False,False,True,False,False,False,False,False,False,True,False,False,False,False
45,male,White,43.19767761230469,1.8023223876953125,45-64,False,True,False,False,False,False,False,True,False,False,False,False,False,True,False,False,False
22,female,Indian,23.14472198486328,1.1447219848632812,18-24,True,False,False,False,False,True,False,False,False,False,True,False,False,False,False,False,False
1,male,Asian,1.543306827545166,0.543306827545166,0-4,False,True,False,True,False,False,False,False,True,False,False,False,False,False,False,False,False
27,female,Asian,24.80070686340332,2.1992931365966797,25-34,True,False,False,True,False,False,False,False,False,False,False,True,False,False,False,False,False
45,male,Indian,38.941036224365234,6.058963775634766,45-64,False,True,False,False,False,True,False,False,False,False,False,False,False,True,False,False,False
10,male,Indian,9.144515991210938,0.8554840087890625,5-17,False,True,False,False,False,True,False,False,False,True,False,False,False,False,False,False,False
27,female,Black,29.03496742248535,2.0349674224853516,25-34,True,False,False,False,True,False,False,False,False,False,False,True,False,False,False,False,False
32,female,Black,27.416250228881836,4.583749771118164,25-34,True,False,False,False,True,False,False,False,False,False,False,True,False,False,False,False,False
27,female,Asian,23.668331146240234,3.3316688537597656,25-34,True,False,False,True,False,False,False,False,False,False,False,True,False,False,False,False,False
55,male,Indian,51.14250564575195,3.857494354248047,45-64,False,True,False,False,False,True,False,False,False,False,False,False,False,True,False,False,False
26,male,Indian,26.314420700073242,0.3144207000732422,25-34,False,True,False,False,False,True,False,False,False,False,False,True,False,False,False,False,False
45,female,Indian,24.84979820251465,20.15020179748535,45-64,True,False,False,False,False,True,False,False,False,False,False,False,False,True,False,False,False
32,female,Black,26.95612907409668,5.04387092590332,25-34,True,False,False,False,True,False,False,False,False,False,False,True,False,False,False,False,False
38,male,Black,38.16480255126953,0.16480255126953125,35-44,False,True,False,False,True,False,False,False,False,False,False,False,True,False,False,False,False
75,female,White,59.79465866088867,15.205341339111328,65-84,True,False,False,False,False,False,False,True,False,False,False,False,False,False,True,False,False
32,male,White,22.8535099029541,9.146490097045898,25-34,False,True,False,False,False,False,False,True,False,False,False,True,False,False,False,False,False
34,male,White,28.442197799682617,5.557802200317383,25-34,False,True,False,False,False,False,False,True,False,False,False,True,False,False,False,False,False
28,male,Black,28.00571060180664,0.005710601806640625,25-34,False,True,False,False,True,False,False,False,False,False,False,True,False,False,False,False,False
73,male,White,74.77327728271484,1.7732772827148438,65-84,False,True,False,False,False,False,False,True,False,False,False,False,False,False,True,False,False
72,male,White,81.11902618408203,9.119026184082031,65-84,False,True,False,False,False,False,False,True,False,False,False,False,False,False,True,False,False
60,male,Indian,55.630775451660156,4.369224548339844,45-64,False,True,False,False,False,True,False,False,False,False,False,False,False,True,False,False,False
41,female,Black,31.903085708618164,9.096914291381836,35-44,True,False,False,False,True,False,False,False,False,False,False,False,True,False,False,False,False
55,male,White,55.10033416748047,0.10033416748046875,45-64,False,True,False,False,False,False,False,True,False,False,False,False,False,True,False,False,False
34,female,White,27.638219833374023,6.361780166625977,25-34,True,False,False,False,False,False,False,True,False,False,False,True,False,False,False,False,False
26,female,Black,24.94915199279785,1.0508480072021484,25-34,True,False,False,False,True,False,False,False,False,False,False,True,False,False,False,False,False
26,male,White,33.58427429199219,7.5842742919921875,25-34,False,True,False,False,False,False,False,True,False,False,False,True,False,False,False,False,False
24,female,Black,32.945274353027344,8.945274353027344,18-24,True,False,False,False,True,False,False,False,False,False,True,False,False,False,False,False,False
2,female,Indian,3.711991786956787,1.711991786956787,0-4,True,False,False,False,False,True,False,False,True,False,False,False,False,False,False,False,False
26,male,Asian,30.89369773864746,4.893697738647461,25-34,False,True,False,True,False,False,False,False,False,False,False,True,False,False,False,False,False
36,female,White,25.582948684692383,10.417051315307617,35-44,True,False,False,False,False,False,False,True,False,False,False,False,True,False,False,False,False
34,female,White,43.9333610534668,9.933361053466797,25-34,True,False,False,False,False,False,False,True,False,False,False,True,False,False,False,False,False
52,male,Asian,56.63627624511719,4.6362762451171875,45-64,False,True,False,True,False,False,False,False,False,False,False,False,False,True,False,False,False
85,male,White,59.37832260131836,25.62167739868164,85-99,False,True,False,False,False,False,False,True,False,False,False,False,False,False,False,True,False
26,female,Indian,20.88050651550293,5.11949348449707,25-34,True,False,False,False,False,True,False,False,False,False,False,True,False,False,False,False,False
31,male,Black,45.59046936035156,14.590469360351562,25-34,False,True,False,False,True,False,False,False,False,False,False,True,False,False,False,False,False
13,female,White,10.241674423217773,2.7583255767822266,5-17,True,False,False,False,False,False,False,True,False,True,False,False,False,False,False,False,False
26,female,White,42.9547004699707,16.954700469970703,25-34,True,False,False,False,False,False,False,True,False,False,False,True,False,False,False,False,False
58,male,White,74.07577514648438,16.075775146484375,45-64,False,True,False,False,False,False,False,True,False,False,False,False,False,True,False,False,False
29,male,Black,25.9616756439209,3.0383243560791016,25-34,False,True,False,False,True,False,False,False,False,False,False,True,False,False,False,False,False
48,female,White,56.61159133911133,8.611591339111328,45-64,True,False,False,False,False,False,False,True,False,False,False,False,False,True,False,False,False
1,male,Indian,1.2743092775344849,0.27430927753448486,0-4,False,True,False,False,False,True,False,False,True,False,False,False,False,False,False,False,False
43,male,White,42.046714782714844,0.9532852172851562,35-44,False,True,False,False,False,False,False,True,False,False,False,False,True,False,False,False,False
26,male,Asian,25.489177703857422,0.5108222961425781,25-34,False,True,False,True,False,False,False,False,False,False,False,True,False,False,False,False,False
37,male,Black,36.120670318603516,0.8793296813964844,35-44,False,True,False,False,True,False,False,False,False,False,False,False,True,False,False,False,False
15,female,Asian,11.572813034057617,3.427186965942383,5-17,True,False,False,True,False,False,False,False,False,True,False,False,False,False,False,False,False
26,female,Others,25.093063354492188,0.9069366455078125,25-34,True,False,False,False,False,False,True,False,False,False,False,True,False,False,False,False,False
30,male,White,42.610618591308594,12.610618591308594,25-34,False,True,False,False,False,False,False,True,False,False,False,True,False,False,False,False,False
90,female,White,74.83814239501953,15.161857604980469,85-99,True,False,False,False,False,False,False,True,False,False,False,False,False,False,False,True,False
32,female,Indian,33.873443603515625,1.873443603515625,25-34,True,False,False,False,False,True,False,False,False,False,False,True,False,False,False,False,False
8,female,White,5.073107719421387,2.9268922805786133,5-17,True,False,False,False,False,False,False,True,False,True,False,False,False,False,False,False,False
28,male,Indian,38.45256423950195,10.452564239501953,25-34,False,True,False,False,False,True,False,False,False,False,False,True,False,False,False,False,False
28,male,Indian,35.884178161621094,7.884178161621094,25-34,False,True,False,False,False,True,False,False,False,False,False,True,False,False,False,False,False
38,male,Asian,24.69171714782715,13.308282852172852,35-44,False,True,False,True,False,False,False,False,False,False,False,False,True,False,False,False,False
33,female,White,48.20137023925781,15.201370239257812,25-34,True,False,False,False,False,False,False,True,False,False,False,True,False,False,False,False,False
26,female,White,40.19666290283203,14.196662902832031,25-34,True,False,False,False,False,False,False,True,False,False,False,True,False,False,False,False,False
22,female,Indian,23.489713668823242,1.4897136688232422,18-24,True,False,False,False,False,True,False,False,False,False,True,False,False,False,False,False,False
1,male,Others,18.35856819152832,17.35856819152832,0-4,False,True,False,False,False,False,True,False,True,False,False,False,False,False,False,False,False
27,male,White,28.66259765625,1.66259765625,25-34,False,True,False,False,False,False,False,True,False,False,False,True,False,False,False,False,False
42,male,Indian,51.09751892089844,9.097518920898438,35-44,False,True,False,False,False,True,False,False,False,False,False,False,True,False,False,False,False
85,female,White,68.33335876464844,16.666641235351562,85-99,True,False,False,False,False,False,False,True,False,False,False,False,False,False,False,True,False
24,male,Black,26.230623245239258,2.230623245239258,18-24,False,True,False,False,True,False,False,False,False,False,True,False,False,False,False,False,False
63,male,White,69.62508392333984,6.625083923339844,45-64,False,True,False,False,False,False,False,True,False,False,False,False,False,True,False,False,False
28,male,Black,25.531370162963867,2.468629837036133,25-34,False,True,False,False,True,False,False,False,False,False,False,True,False,False,False,False,False
20,male,White,23.408235549926758,3.408235549926758,18-24,False,True,False,False,False,False,False,True,False,False,True,False,False,False,False,False,False
26,male,White,55.579612731933594,29.579612731933594,25-34,False,True,False,False,False,False,False,True,False,False,False,True,False,False,False,False,False
31,female,Black,36.71592330932617,5.715923309326172,25-34,True,False,False,False,True,False,False,False,False,False,False,True,False,False,False,False,False
28,male,White,23.245946884155273,4.754053115844727,25-34,False,True,False,False,False,False,False,True,False,False,False,True,False,False,False,False,False
21,female,Black,30.094951629638672,9.094951629638672,18-24,True,False,False,False,True,False,False,False,False,False,True,False,False,False,False,False,False
37,female,Black,31.846193313598633,5.153806686401367,35-44,True,False,False,False,True,False,False,False,False,False,False,False,True,False,False,False,False
26,male,White,25.63422203063965,0.36577796936035156,25-34,False,True,False,False,False,False,False,True,False,False,False,True,False,False,False,False,False
26,male,Black,28.168350219726562,2.1683502197265625,25-34,False,True,False,False,True,False,False,False,False,False,False,True,False,False,False,False,False
22,female,Asian,21.052934646606445,0.9470653533935547,18-24,True,False,False,True,False,False,False,False,False,False,True,False,False,False,False,False,False
36,male,Indian,29.14808464050293,6.85191535949707,35-44,False,True,False,False,False,True,False,False,False,False,False,False,True,False,False,False,False
78,male,Asian,77.68603515625,0.31396484375,65-84,False,True,False,True,False,False,False,False,False,False,False,False,False,False,True,False,False
5,female,Asian,13.625540733337402,8.625540733337402,5-17,True,False,False,True,False,False,False,False,False,True,False,False,False,False,False,False,False
51,male,Indian,42.218563079833984,8.781436920166016,45-64,False,True,False,False,False,True,False,False,False,False,False,False,False,True,False,False,False
42,female,White,44.67079162597656,2.6707916259765625,35-44,True,False,False,False,False,False,False,True,False,False,False,False,True,False,False,False,False
38,female,Others,29.245023727416992,8.754976272583008,35-44,True,False,False,False,False,False,True,False,False,False,False,False,True,False,False,False,False
30,female,Black,34.72001647949219,4.7200164794921875,25-34,True,False,False,False,True,False,False,False,False,False,False,True,False,False,False,False,False
37,female,White,30.55680274963379,6.443197250366211,35-44,True,False,False,False,False,False,False,True,False,False,False,False,True,False,False,False,False
9,female,Asian,12.14712142944336,3.1471214294433594,5-17,True,False,False,True,False,False,False,False,False,True,False,False,False,False,False,False,False
1,female,White,1.3074588775634766,0.30745887756347656,0-4,True,False,False,False,False,False,False,True,True,False,False,False,False,False,False,False,False
4,female,Others,21.87668800354004,17.87668800354004,0-4,True,False,False,False,False,False,True,False,True,False,False,False,False,False,False,False,False
24,male,White,21.810365676879883,2.189634323120117,18-24,False,True,False,False,False,False,False,True,False,False,True,False,False,False,False,False,False
43,male,Indian,32.30723190307617,10.692768096923828,35-44,False,True,False,False,False,True,False,False,False,False,False,False,True,False,False,False,False
32,male,Black,20.577295303344727,11.422704696655273,25-34,False,True,False,False,True,False,False,False,False,False,False,True,False,False,False,False,False
50,male,Indian,51.280982971191406,1.2809829711914062,45-64,False,True,False,False,False,True,False,False,False,False,False,False,False,True,False,False,False
30,male,Asian,21.60283851623535,8.397161483764648,25-34,False,True,False,True,False,False,False,False,False,False,False,True,False,False,False,False,False
1,male,White,-0.048400938510894775,1.0484009385108948,0-4,False,True,False,False,False,False,False,True,True,False,False,False,False,False,False,False,False
32,female,Black,33.81678771972656,1.8167877197265625,25-34,True,False,False,False,True,False,False,False,False,False,False,True,False,False,False,False,False
32,male,Black,32.1220703125,0.1220703125,25-34,False,True,False,False,True,False,False,False,False,False,False,True,False,False,False,False,False
22,female,Indian,23.69864273071289,1.6986427307128906,18-24,True,False,False,False,False,True,False,False,False,False,True,False,False,False,False,False,False
26,male,Indian,33.72258758544922,7.722587585449219,25-34,False,True,False,False,False,True,False,False,False,False,False,True,False,False,False,False,False
37,male,Asian,35.56561279296875,1.43438720703125,35-44,False,True,False,True,False,False,False,False,False,False,False,False,True,False,False,False,False
26,female,Indian,20.28278160095215,5.717218399047852,25-34,True,False,False,False,False,True,False,False,False,False,False,True,False,False,False,False,False
26,female,White,21.947341918945312,4.0526580810546875,25-34,True,False,False,False,False,False,False,True,False,False,False,True,False,False,False,False,False
30,female,Asian,26.3309383392334,3.6690616607666016,25-34,True,False,False,True,False,False,False,False,False,False,False,True,False,False,False,False,False
33,male,Indian,33.242881774902344,0.24288177490234375,25-34,False,True,False,False,False,True,False,False,False,False,False,True,False,False,False,False,False
50,male,Indian,37.50522232055664,12.49477767944336,45-64,False,True,False,False,False,True,False,False,False,False,False,False,False,True,False,False,False
23,male,White,27.435815811157227,4.435815811157227,18-24,False,True,False,False,False,False,False,True,False,False,True,False,False,False,False,False,False
1,female,Indian,11.891838073730469,10.891838073730469,0-4,True,False,False,False,False,True,False,False,True,False,False,False,False,False,False,False,False
31,male,Asian,21.82610511779785,9.173894882202148,25-34,False,True,False,True,False,False,False,False,False,False,False,True,False,False,False,False,False
36,male,Black,30.70417594909668,5.29582405090332,35-44,False,True,False,False,True,False,False,False,False,False,False,False,True,False,False,False,False
32,male,White,26.638315200805664,5.361684799194336,25-34,False,True,False,False,False,False,False,True,False,False,False,True,False,False,False,False,False
32,male,White,44.434234619140625,12.434234619140625,25-34,False,True,False,False,False,False,False,True,False,False,False,True,False,False,False,False,False
49,female,Indian,52.95210266113281,3.9521026611328125,45-64,True,False,False,False,False,True,False,False,False,False,False,False,False,True,False,False,False
1,male,Asian,-0.2887920141220093,1.2887920141220093,0-4,False,True,False,True,False,False,False,False,True,False,False,False,False,False,False,False,False
29,male,Indian,24.93412971496582,4.06587028503418,25-34,False,True,False,False,False,True,False,False,False,False,False,True,False,False,False,False,False
26,female,Indian,23.634069442749023,2.3659305572509766,25-34,True,False,False,False,False,True,False,False,False,False,False,True,False,False,False,False,False
38,female,Black,34.392147064208984,3.6078529357910156,35-44,True,False,False,False,True,False,False,False,False,False,False,False,True,False,False,False,False
30,male,White,35.781044006347656,5.781044006347656,25-34,False,True,False,False,False,False,False,True,False,False,False,True,False,False,False,False,False
29,female,Black,30.70718765258789,1.7071876525878906,25-34,True,False,False,False,True,False,False,False,False,False,False,True,False,False,False,False,False
26,female,Indian,19.790021896362305,6.209978103637695,25-34,True,False,False,False,False,True,False,False,False,False,False,True,False,False,False,False,False
10,male,Others,5.137286186218262,4.862713813781738,5-17,False,True,False,False,False,False,True,False,False,True,False,False,False,False,False,False,False
36,male,Indian,38.519256591796875,2.519256591796875,35-44,False,True,False,False,False,True,False,False,False,False,False,False,True,False,False,False,False
30,female,Others,38.134700775146484,8.134700775146484,25-34,True,False,False,False,False,False,True,False,False,False,False,True,False,False,False,False,False
32,male,Others,33.2672004699707,1.2672004699707031,25-34,False,True,False,False,False,False,True,False,False,False,False,True,False,False,False,False,False
23,female,Indian,32.04053497314453,9.040534973144531,18-24,True,False,False,False,False,True,False,False,False,False,True,False,False,False,False,False,False
86,male,Asian,67.04371643066406,18.956283569335938,85-99,False,True,False,True,False,False,False,False,False,False,False,False,False,False,False,True,False
1,female,Indian,1.9783546924591064,0.9783546924591064,0-4,True,False,False,False,False,True,False,False,True,False,False,False,False,False,False,False,False
23,male,White,33.19342803955078,10.193428039550781,18-24,False,True,False,False,False,False,False,True,False,False,True,False,False,False,False,False,False
1,female,White,0.786811888217926,0.21318811178207397,0-4,True,False,False,False,False,False,False,True,True,False,False,False,False,False,False,False,False
52,male,Indian,53.771583557128906,1.7715835571289062,45-64,False,True,False,False,False,True,False,False,False,False,False,False,False,True,False,False,False
31,female,Black,33.95714569091797,2.9571456909179688,25-34,True,False,False,False,True,False,False,False,False,False,False,True,False,False,False,False,False
16,male,White,30.299970626831055,14.299970626831055,5-17,False,True,False,False,False,False,False,True,False,True,False,False,False,False,False,False,False
47,male,White,29.23943328857422,17.76056671142578,45-64,False,True,False,False,False,False,False,True,False,False,False,False,False,True,False,False,False
32,male,Black,29.969844818115234,2.0301551818847656,25-34,False,True,False,False,True,False,False,False,False,False,False,True,False,False,False,False,False
23,female,Black,25.126914978027344,2.1269149780273438,18-24,True,False,False,False,True,False,False,False,False,False,True,False,False,False,False,False,False
12,male,Indian,16.227453231811523,4.227453231811523,5-17,False,True,False,False,False,True,False,False,False,True,False,False,False,False,False,False,False
58,male,White,60.799495697021484,2.7994956970214844,45-64,False,True,False,False,False,False,False,True,False,False,False,False,False,True,False,False,False
76,female,Asian,67.6139907836914,8.386009216308594,65-84,True,False,False,True,False,False,False,False,False,False,False,False,False,False,True,False,False
11,female,White,7.606625080108643,3.3933749198913574,5-17,True,False,False,False,False,False,False,True,False,True,False,False,False,False,False,False,False
40,female,Black,27.18235969543457,12.81764030456543,35-44,True,False,False,False,True,False,False,False,False,False,False,False,True,False,False,False,False
22,female,Indian,24.78390121459961,2.7839012145996094,18-24,True,False,False,False,False,True,False,False,False,False,True,False,False,False,False,False,False
13,male,White,16.72732162475586,3.7273216247558594,5-17,False,True,False,False,False,False,False,True,False,True,False,False,False,False,False,False,False
21,female,Indian,24.927732467651367,3.927732467651367,18-24,True,False,False,False,False,True,False,False,False,False,True,False,False,False,False,False,False
27,female,Asian,26.757598876953125,0.242401123046875,25-34,True,False,False,True,False,False,False,False,False,False,False,True,False,False,False,False,False
49,male,White,22.62051773071289,26.37948226928711,45-64,False,True,False,False,False,False,False,True,False,False,False,False,False,True,False,False,False
1,male,Asian,1.827485203742981,0.827485203742981,0-4,False,True,False,True,False,False,False,False,True,False,False,False,False,False,False,False,False
21,female,White,23.44927215576172,2.4492721557617188,18-24,True,False,False,False,False,False,False,True,False,False,True,False,False,False,False,False,False
58,female,White,53.83026123046875,4.16973876953125,45-64,True,False,False,False,False,False,False,True,False,False,False,False,False,True,False,False,False
31,male,White,40.02461624145508,9.024616241455078,25-34,False,True,False,False,False,False,False,True,False,False,False,True,False,False,False,False,False
26,male,White,30.308656692504883,4.308656692504883,25-34,False,True,False,False,False,False,False,True,False,False,False,True,False,False,False,False,False
25,female,White,22.953258514404297,2.046741485595703,25-34,True,False,False,False,False,False,False,True,False,False,False,True,False,False,False,False,False
19,male,Others,19.589731216430664,0.5897312164306641,18-24,False,True,False,False,False,False,True,False,False,False,True,False,False,False,False,False,False
89,female,White,71.10530853271484,17.894691467285156,85-99,True,False,False,False,False,False,False,True,False,False,False,False,False,False,False,True,False
26,female,Asian,23.91402244567871,2.085977554321289,25-34,True,False,False,True,False,False,False,False,False,False,False,True,False,False,False,False,False
7,female,Black,12.39864730834961,5.398647308349609,5-17,True,False,False,False,True,False,False,False,False,True,False,False,False,False,False,False,False
38,male,White,46.59009552001953,8.590095520019531,35-44,False,True,False,False,False,False,False,True,False,False,False,False,True,False,False,False,False
30,female,Black,32.46438217163086,2.4643821716308594,25-34,True,False,False,False,True,False,False,False,False,False,False,True,False,False,False,False,False
2,male,Asian,2.297532558441162,0.2975325584411621,0-4,False,True,False,True,False,False,False,False,True,False,False,False,False,False,False,False,False
28,female,Others,25.06763458251953,2.9323654174804688,25-34,True,False,False,False,False,False,True,False,False,False,False,True,False,False,False,False,False
56,male,White,60.129547119140625,4.129547119140625,45-64,False,True,False,False,False,False,False,True,False,False,False,False,False,True,False,False,False
27,male,White,34.35026168823242,7.350261688232422,25-34,False,True,False,False,False,False,False,True,False,False,False,True,False,False,False,False,False
31,female,Black,25.56743049621582,5.43256950378418,25-34,True,False,False,False,True,False,False,False,False,False,False,True,False,False,False,False,False
4,male,Black,3.4732346534729004,0.5267653465270996,0-4,False,True,False,False,True,False,False,False,True,False,False,False,False,False,False,False,False
45,male,White,34.360904693603516,10.639095306396484,45-64,False,True,False,False,False,False,False,True,False,False,False,False,False,True,False,False,False
16,male,White,31.28163719177246,15.281637191772461,5-17,False,True,False,False,False,False,False,True,False,True,False,False,False,False,False,False,False
35,female,Black,34.88686752319336,0.11313247680664062,35-44,True,False,False,False,True,False,False,False,False,False,False,False,True,False,False,False,False
43,male,Indian,49.45393753051758,6.453937530517578,35-44,False,True,False,False,False,True,False,False,False,False,False,False,True,False,False,False,False
68,male,Black,58.96429443359375,9.03570556640625,65-84,False,True,False,False,True,False,False,False,False,False,False,False,False,False,True,False,False
28,male,Asian,9.553119659423828,18.446880340576172,25-34,False,True,False,True,False,False,False,False,False,False,False,True,False,False,False,False,False
60,male,Asian,54.75727081298828,5.242729187011719,45-64,False,True,False,True,False,False,False,False,False,False,False,False,False,True,False,False,False
35,male,Black,25.868459701538086,9.131540298461914,35-44,False,True,False,False,True,False,False,False,False,False,False,False,True,False,False,False,False
9,female,Indian,16.70365333557129,7.703653335571289,5-17,True,False,False,False,False,True,False,False,False,True,False,False,False,False,False,False,False
65,female,White,67.18132781982422,2.1813278198242188,65-84,True,False,False,False,False,False,False,True,False,False,False,False,False,False,True,False,False
26,female,Others,28.898984909057617,2.898984909057617,25-34,True,False,False,False,False,False,True,False,False,False,False,True,False,False,False,False,False
39,male,White,30.501249313354492,8.498750686645508,35-44,False,True,False,False,False,False,False,True,False,False,False,False,True,False,False,False,False
27,male,White,22.07666778564453,4.923332214355469,25-34,False,True,False,False,False,False,False,True,False,False,False,True,False,False,False,False,False
35,female,Others,33.4131965637207,1.5868034362792969,35-44,True,False,False,False,False,False,True,False,False,False,False,False,True,False,False,False,False
53,male,White,50.549293518066406,2.4507064819335938,45-64,False,True,False,False,False,False,False,True,False,False,False,False,False,True,False,False,False
46,female,White,42.616485595703125,3.383514404296875,45-64,True,False,False,False,False,False,False,True,False,False,False,False,False,True,False,False,False
45,male,White,41.94990158081055,3.050098419189453,45-64,False,True,False,False,False,False,False,True,False,False,False,False,False,True,False,False,False
16,female,White,14.554872512817383,1.4451274871826172,5-17,True,False,False,False,False,False,False,True,False,True,False,False,False,False,False,False,False
4,male,White,2.629664897918701,1.3703351020812988,0-4,False,True,False,False,False,False,False,True,True,False,False,False,False,False,False,False,False
62,male,White,63.59361267089844,1.5936126708984375,45-64,False,True,False,False,False,False,False,True,False,False,False,False,False,True,False,False,False
35,female,Black,23.44415283203125,11.55584716796875,35-44,True,False,False,False,True,False,False,False,False,False,False,False,True,False,False,False,False
58,male,Black,59.33644485473633,1.3364448547363281,45-64,False,True,False,False,True,False,False,False,False,False,False,False,False,True,False,False,False
1,female,White,0.14842572808265686,0.8515742719173431,0-4,True,False,False,False,False,False,False,True,True,False,False,False,False,False,False,False,False
42,male,White,39.92608642578125,2.07391357421875,35-44,False,True,False,False,False,False,False,True,False,False,False,False,True,False,False,False,False
11,male,White,11.88669204711914,0.8866920471191406,5-17,False,True,False,False,False,False,False,True,False,True,False,False,False,False,False,False,False
24,male,Asian,25.548593521118164,1.548593521118164,18-24,False,True,False,True,False,False,False,False,False,False,True,False,False,False,False,False,False
47,male,Asian,27.11042594909668,19.88957405090332,45-64,False,True,False,True,False,False,False,False,False,False,False,False,False,True,False,False,False
44,female,Asian,44.45094680786133,0.4509468078613281,35-44,True,False,False,True,False,False,False,False,False,False,False,False,True,False,False,False,False
39,female,Black,48.081626892089844,9.081626892089844,35-44,True,False,False,False,True,False,False,False,False,False,False,False,True,False,False,False,False
26,male,White,32.916419982910156,6.916419982910156,25-34,False,True,False,False,False,False,False,True,False,False,False,True,False,False,False,False,False
24,male,Asian,19.145700454711914,4.854299545288086,18-24,False,True,False,True,False,False,False,False,False,False,True,False,False,False,False,False,False
29,male,White,35.540164947509766,6.540164947509766,25-34,False,True,False,False,False,False,False,True,False,False,False,True,False,False,False,False,False
77,female,White,72.64795684814453,4.352043151855469,65-84,True,False,False,False,False,False,False,True,False,False,False,False,False,False,True,False,False
2,male,Asian,1.5988682508468628,0.4011317491531372,0-4,False,True,False,True,False,False,False,False,True,False,False,False,False,False,False,False,False
23,female,White,22.096364974975586,0.9036350250244141,18-24,True,False,False,False,False,False,False,True,False,False,True,False,False,False,False,False,False
22,male,Black,22.666086196899414,0.6660861968994141,18-24,False,True,False,False,True,False,False,False,False,False,True,False,False,False,False,False,False
35,female,Others,29.71104621887207,5.28895378112793,35-44,True,False,False,False,False,False,True,False,False,False,False,False,True,False,False,False,False
36,male,Indian,37.97551727294922,1.9755172729492188,35-44,False,True,False,False,False,True,False,False,False,False,False,False,True,False,False,False,False
53,female,White,51.49757385253906,1.5024261474609375,45-64,True,False,False,False,False,False,False,True,False,False,False,False,False,True,False,False,False
31,male,White,35.236732482910156,4.236732482910156,25-34,False,True,False,False,False,False,False,True,False,False,False,True,False,False,False,False,False
36,male,Black,33.40584945678711,2.5941505432128906,35-44,False,True,False,False,True,False,False,False,False,False,False,False,True,False,False,False,False
2,male,Others,5.227823734283447,3.2278237342834473,0-4,False,True,False,False,False,False,True,False,True,False,False,False,False,False,False,False,False
76,female,White,67.72195434570312,8.278045654296875,65-84,True,False,False,False,False,False,False,True,False,False,False,False,False,False,True,False,False
55,male,White,46.072120666503906,8.927879333496094,45-64,False,True,False,False,False,False,False,True,False,False,False,False,False,True,False,False,False
48,male,White,38.55559539794922,9.444404602050781,45-64,False,True,False,False,False,False,False,True,False,False,False,False,False,True,False,False,False
18,female,White,8.131668090820312,9.868331909179688,18-24,True,False,False,False,False,False,False,True,False,False,True,False,False,False,False,False,False
50,male,White,48.1126708984375,1.8873291015625,45-64,False,True,False,False,False,False,False,True,False,False,False,False,False,True,False,False,False
18,female,White,21.151611328125,3.151611328125,18-24,True,False,False,False,False,False,False,True,False,False,True,False,False,False,False,False,False
70,male,Black,46.65575408935547,23.34424591064453,65-84,False,True,False,False,True,False,False,False,False,False,False,False,False,False,True,False,False
56,male,White,50.10921859741211,5.890781402587891,45-64,False,True,False,False,False,False,False,True,False,False,False,False,False,True,False,False,False
47,male,White,53.19062805175781,6.1906280517578125,45-64,False,True,False,False,False,False,False,True,False,False,False,False,False,True,False,False,False
54,male,Indian,60.320281982421875,6.320281982421875,45-64,False,True,False,False,False,True,False,False,False,False,False,False,False,True,False,False,False
31,female,Black,22.774839401245117,8.225160598754883,25-34,True,False,False,False,True,False,False,False,False,False,False,True,False,False,False,False,False
2,female,Asian,1.4570139646530151,0.5429860353469849,0-4,True,False,False,True,False,False,False,False,True,False,False,False,False,False,False,False,False
22,female,White,28.6809139251709,6.680913925170898,18-24,True,False,False,False,False,False,False,True,False,False,True,False,False,False,False,False,False
10,male,White,12.688619613647461,2.688619613647461,5-17,False,True,False,False,False,False,False,True,False,True,False,False,False,False,False,False,False
23,male,White,26.79194450378418,3.7919445037841797,18-24,False,True,False,False,False,False,False,True,False,False,True,False,False,False,False,False,False
36,male,Indian,32.986854553222656,3.0131454467773438,35-44,False,True,False,False,False,True,False,False,False,False,False,False,True,False,False,False,False
24,female,Asian,29.458690643310547,5.458690643310547,18-24,True,False,False,True,False,False,False,False,False,False,True,False,False,False,False,False,False
6,male,Indian,21.23149299621582,15.23149299621582,5-17,False,True,False,False,False,True,False,False,False,True,False,False,False,False,False,False,False
28,female,Indian,26.5113582611084,1.4886417388916016,25-34,True,False,False,False,False,True,False,False,False,False,False,True,False,False,False,False,False
53,male,Black,62.483055114746094,9.483055114746094,45-64,False,True,False,False,True,False,False,False,False,False,False,False,False,True,False,False,False
8,male,Indian,13.56705093383789,5.567050933837891,5-17,False,True,False,False,False,True,False,False,False,True,False,False,False,False,False,False,False
59,male,Asian,37.931884765625,21.068115234375,45-64,False,True,False,True,False,False,False,False,False,False,False,False,False,True,False,False,False
26,female,Asian,23.49534797668457,2.5046520233154297,25-34,True,False,False,True,False,False,False,False,False,False,False,True,False,False,False,False,False
35,male,Black,31.595430374145508,3.404569625854492,35-44,False,True,False,False,True,False,False,False,False,False,False,False,True,False,False,False,False
69,female,White,61.65458679199219,7.3454132080078125,65-84,True,False,False,False,False,False,False,True,False,False,False,False,False,False,True,False,False
24,female,White,22.04538917541504,1.954610824584961,18-24,True,False,False,False,False,False,False,True,False,False,True,False,False,False,False,False,False
41,male,Asian,27.008703231811523,13.991296768188477,35-44,False,True,False,True,False,False,False,False,False,False,False,False,True,False,False,False,False
85,female,White,71.17931365966797,13.820686340332031,85-99,True,False,False,False,False,False,False,True,False,False,False,False,False,False,False,True,False
22,female,Others,27.210847854614258,5.210847854614258,18-24,True,False,False,False,False,False,True,False,False,False,True,False,False,False,False,False,False
45,male,White,48.464073181152344,3.4640731811523438,45-64,False,True,False,False,False,False,False,True,False,False,False,False,False,True,False,False,False
9,male,White,5.842994213104248,3.157005786895752,5-17,False,True,False,False,False,False,False,True,False,True,False,False,False,False,False,False,False
27,female,White,22.02539825439453,4.974601745605469,25-34,True,False,False,False,False,False,False,True,False,False,False,True,False,False,False,False,False
50,female,Asian,25.39897346496582,24.60102653503418,45-64,True,False,False,True,False,False,False,False,False,False,False,False,False,True,False,False,False
32,female,Black,28.46584129333496,3.534158706665039,25-34,True,False,False,False,True,False,False,False,False,False,False,True,False,False,False,False,False
28,female,Black,26.651147842407227,1.3488521575927734,25-34,True,False,False,False,True,False,False,False,False,False,False,True,False,False,False,False,False
60,male,White,52.60496139526367,7.395038604736328,45-64,False,True,False,False,False,False,False,True,False,False,False,False,False,True,False,False,False
26,female,Black,30.929231643676758,4.929231643676758,25-34,True,False,False,False,True,False,False,False,False,False,False,True,False,False,False,False,False
4,male,White,1.4323095083236694,2.5676904916763306,0-4,False,True,False,False,False,False,False,True,True,False,False,False,False,False,False,False,False
47,female,Indian,34.677066802978516,12.322933197021484,45-64,True,False,False,False,False,True,False,False,False,False,False,False,False,True,False,False,False
43,female,Indian,31.526269912719727,11.473730087280273,35-44,True,False,False,False,False,True,False,False,False,False,False,False,True,False,False,False,False
46,female,White,38.77688980102539,7.223110198974609,45-64,True,False,False,False,False,False,False,True,False,False,False,False,False,True,False,False,False
25,female,Black,34.03050994873047,9.030509948730469,25-34,True,False,False,False,True,False,False,False,False,False,False,True,False,False,False,False,False
25,female,White,28.0535831451416,3.0535831451416016,25-34,True,False,False,False,False,False,False,True,False,False,False,True,False,False,False,False,False
62,female,White,57.70491027832031,4.2950897216796875,45-64,True,False,False,False,False,False,False,True,False,False,False,False,False,True,False,False,False
61,male,White,53.93313217163086,7.066867828369141,45-64,False,True,False,False,False,False,False,True,False,False,False,False,False,True,False,False,False
21,female,Black,25.42830467224121,4.428304672241211,18-24,True,False,False,False,True,False,False,False,False,False,True,False,False,False,False,False,False
36,female,Black,33.38524627685547,2.6147537231445312,35-44,True,False,False,False,True,False,False,False,False,False,False,False,True,False,False,False,False
22,male,Black,18.435590744018555,3.5644092559814453,18-24,False,True,False,False,True,False,False,False,False,False,True,False,False,False,False,False,False
1,male,White,1.31618332862854,0.31618332862854004,0-4,False,True,False,False,False,False,False,True,True,False,False,False,False,False,False,False,False
52,male,White,48.44479751586914,3.5552024841308594,45-64,False,True,False,False,False,False,False,True,False,False,False,False,False,True,False,False,False
28,male,Black,30.376100540161133,2.376100540161133,25-34,False,True,False,False,True,False,False,False,False,False,False,True,False,False,False,False,False
16,male,White,14.810310363769531,1.1896896362304688,5-17,False,True,False,False,False,False,False,True,False,True,False,False,False,False,False,False,False
14,female,White,19.156545639038086,5.156545639038086,5-17,True,False,False,False,False,False,False,True,False,True,False,False,False,False,False,False,False
88,female,White,94.9778823852539,6.977882385253906,85-99,True,False,False,False,False,False,False,True,False,False,False,False,False,False,False,True,False
24,female,Asian,29.111652374267578,5.111652374267578,18-24,True,False,False,True,False,False,False,False,False,False,True,False,False,False,False,False,False
65,male,Indian,37.9027099609375,27.0972900390625,65-84,False,True,False,False,False,True,False,False,False,False,False,False,False,False,True,False,False
78,male,White,84.01763916015625,6.01763916015625,65-84,False,True,False,False,False,False,False,True,False,False,False,False,False,False,True,False,False
65,female,White,60.63938903808594,4.3606109619140625,65-84,True,False,False,False,False,False,False,True,False,False,False,False,False,False,True,False,False
65,male,Black,58.17584991455078,6.824150085449219,65-84,False,True,False,False,True,False,False,False,False,False,False,False,False,False,True,False,False
38,female,Asian,34.93977355957031,3.0602264404296875,35-44,True,False,False,True,False,False,False,False,False,False,False,False,True,False,False,False,False
33,female,Black,25.857900619506836,7.142099380493164,25-34,True,False,False,False,True,False,False,False,False,False,False,True,False,False,False,False,False
1,female,Others,2.0065455436706543,1.0065455436706543,0-4,True,False,False,False,False,False,True,False,True,False,False,False,False,False,False,False,False
18,female,White,27.013002395629883,9.013002395629883,18-24,True,False,False,False,False,False,False,True,False,False,True,False,False,False,False,False,False
44,female,White,37.67385482788086,6.326145172119141,35-44,True,False,False,False,False,False,False,True,False,False,False,False,True,False,False,False,False
35,female,White,35.603599548339844,0.6035995483398438,35-44,True,False,False,False,False,False,False,True,False,False,False,False,True,False,False,False,False
1,male,White,0.08005934953689575,0.9199406504631042,0-4,False,True,False,False,False,False,False,True,True,False,False,False,False,False,False,False,False
52,male,Asian,45.42652130126953,6.573478698730469,45-64,False,True,False,True,False,False,False,False,False,False,False,False,False,True,False,False,False
27,male,Asian,21.843721389770508,5.156278610229492,25-34,False,True,False,True,False,False,False,False,False,False,False,True,False,False,False,False,False
34,male,Indian,38.38896560668945,4.388965606689453,25-34,False,True,False,False,False,True,False,False,False,False,False,True,False,False,False,False,False
1,female,White,0.2118389904499054,0.7881610095500946,0-4,True,False,False,False,False,False,False,True,True,False,False,False,False,False,False,False,False
26,female,Black,26.70121192932129,0.7012119293212891,25-34,True,False,False,False,True,False,False,False,False,False,False,True,False,False,False,False,False
26,male,White,34.78004837036133,8.780048370361328,25-34,False,True,False,False,False,False,False,True,False,False,False,True,False,False,False,False,False
14,male,White,12.509220123291016,1.4907798767089844,5-17,False,True,False,False,False,False,False,True,False,True,False,False,False,False,False,False,False
6,female,Indian,5.396188735961914,0.6038112640380859,5-17,True,False,False,False,False,True,False,False,False,True,False,False,False,False,False,False,False
50,male,Indian,56.32270431518555,6.322704315185547,45-64,False,True,False,False,False,True,False,False,False,False,False,False,False,True,False,False,False
28,male,Indian,27.05364418029785,0.9463558197021484,25-34,False,True,False,False,False,True,False,False,False,False,False,True,False,False,False,False,False
70,male,Black,52.53742218017578,17.46257781982422,65-84,False,True,False,False,True,False,False,False,False,False,False,False,False,False,True,False,False
89,male,Black,56.822757720947266,32.177242279052734,85-99,False,True,False,False,True,False,False,False,False,False,False,False,False,False,False,True,False
48,female,White,43.483436584472656,4.516563415527344,45-64,True,False,False,False,False,False,False,True,False,False,False,False,False,True,False,False,False
26,female,White,45.303123474121094,19.303123474121094,25-34,True,False,False,False,False,False,False,True,False,False,False,True,False,False,False,False,False
13,female,White,23.955698013305664,10.955698013305664,5-17,True,False,False,False,False,False,False,True,False,True,False,False,False,False,False,False,False
4,female,Others,5.537342071533203,1.5373420715332031,0-4,True,False,False,False,False,False,True,False,True,False,False,False,False,False,False,False,False
11,female,Others,20.504243850708008,9.504243850708008,5-17,True,False,False,False,False,False,True,False,False,True,False,False,False,False,False,False,False
45,female,White,46.62052917480469,1.6205291748046875,45-64,True,False,False,False,False,False,False,True,False,False,False,False,False,True,False,False,False
53,male,Others,57.263702392578125,4.263702392578125,45-64,False,True,False,False,False,False,True,False,False,False,False,False,False,True,False,False,False
76,male,White,53.64922332763672,22.35077667236328,65-84,False,True,False,False,False,False,False,True,False,False,False,False,False,False,True,False,False
34,female,White,34.30528259277344,0.3052825927734375,25-34,True,False,False,False,False,False,False,True,False,False,False,True,False,False,False,False,False
22,male,Asian,27.91158103942871,5.911581039428711,18-24,False,True,False,True,False,False,False,False,False,False,True,False,False,False,False,False,False
30,male,White,27.710689544677734,2.2893104553222656,25-34,False,True,False,False,False,False,False,True,False,False,False,True,False,False,False,False,False
20,female,Others,28.52402687072754,8.524026870727539,18-24,True,False,False,False,False,False,True,False,False,False,True,False,False,False,False,False,False
26,male,Indian,28.138811111450195,2.1388111114501953,25-34,False,True,False,False,False,True,False,False,False,False,False,True,False,False,False,False,False
26,male,White,29.232881546020508,3.232881546020508,25-34,False,True,False,False,False,False,False,True,False,False,False,True,False,False,False,False,False
37,male,White,27.456979751586914,9.543020248413086,35-44,False,True,False,False,False,False,False,True,False,False,False,False,True,False,False,False,False
16,male,Others,27.873937606811523,11.873937606811523,5-17,False,True,False,False,False,False,True,False,False,True,False,False,False,False,False,False,False
26,male,Black,31.37067413330078,5.370674133300781,25-34,False,True,False,False,True,False,False,False,False,False,False,True,False,False,False,False,False
39,male,Asian,50.81655502319336,11.81655502319336,35-44,False,True,False,True,False,False,False,False,False,False,False,False,True,False,False,False,False
29,male,Black,32.50636672973633,3.506366729736328,25-34,False,True,False,False,True,False,False,False,False,False,False,True,False,False,False,False,False
30,male,White,24.337499618530273,5.662500381469727,25-34,False,True,False,False,False,False,False,True,False,False,False,True,False,False,False,False,False
26,female,Black,21.7763729095459,4.223627090454102,25-34,True,False,False,False,True,False,False,False,False,False,False,True,False,False,False,False,False
51,male,Black,48.08887481689453,2.9111251831054688,45-64,False,True,False,False,True,False,False,False,False,False,False,False,False,True,False,False,False
34,male,Black,45.05283737182617,11.052837371826172,25-34,False,True,False,False,True,False,False,False,False,False,False,True,False,False,False,False,False
23,female,Black,38.70115661621094,15.701156616210938,18-24,True,False,False,False,True,False,False,False,False,False,True,False,False,False,False,False,False
26,female,Asian,23.304048538208008,2.695951461791992,25-34,True,False,False,True,False,False,False,False,False,False,False,True,False,False,False,False,False
32,female,Indian,29.637975692749023,2.3620243072509766,25-34,True,False,False,False,False,True,False,False,False,False,False,True,False,False,False,False,False
82,male,White,86.51233673095703,4.512336730957031,65-84,False,True,False,False,False,False,False,True,False,False,False,False,False,False,True,False,False
60,male,White,52.38019943237305,7.619800567626953,45-64,False,True,False,False,False,False,False,True,False,False,False,False,False,True,False,False,False
26,female,Asian,28.98639678955078,2.9863967895507812,25-34,True,False,False,True,False,False,False,False,False,False,False,True,False,False,False,False,False
52,female,White,52.68122863769531,0.6812286376953125,45-64,True,False,False,False,False,False,False,True,False,False,False,False,False,True,False,False,False
28,male,White,45.175804138183594,17.175804138183594,25-34,False,True,False,False,False,False,False,True,False,False,False,True,False,False,False,False,False
7,male,White,20.798906326293945,13.798906326293945,5-17,False,True,False,False,False,False,False,True,False,True,False,False,False,False,False,False,False
7,female,Asian,9.732799530029297,2.732799530029297,5-17,True,False,False,True,False,False,False,False,False,True,False,False,False,False,False,False,False
26,male,Asian,22.42755699157715,3.5724430084228516,25-34,False,True,False,True,False,False,False,False,False,False,False,True,False,False,False,False,False
27,female,White,34.751747131347656,7.751747131347656,25-34,True,False,False,False,False,False,False,True,False,False,False,True,False,False,False,False,False
51,male,Asian,46.609947204589844,4.390052795410156,45-64,False,True,False,True,False,False,False,False,False,False,False,False,False,True,False,False,False
59,male,Black,38.380897521972656,20.619102478027344,45-64,False,True,False,False,True,False,False,False,False,False,False,False,False,True,False,False,False
70,male,White,64.43360900878906,5.5663909912109375,65-84,False,True,False,False,False,False,False,True,False,False,False,False,False,False,True,False,False
39,female,White,49.146018981933594,10.146018981933594,35-44,True,False,False,False,False,False,False,True,False,False,False,False,True,False,False,False,False
65,male,White,59.8218994140625,5.1781005859375,65-84,False,True,False,False,False,False,False,True,False,False,False,False,False,False,True,False,False
2,female,Others,6.428858757019043,4.428858757019043,0-4,True,False,False,False,False,False,True,False,True,False,False,False,False,False,False,False,False
45,female,Black,43.31258010864258,1.6874198913574219,45-64,True,False,False,False,True,False,False,False,False,False,False,False,False,True,False,False,False
31,female,Asian,30.589941024780273,0.41005897521972656,25-34,True,False,False,True,False,False,False,False,False,False,False,True,False,False,False,False,False
25,male,Asian,26.777196884155273,1.7771968841552734,25-34,False,True,False,True,False,False,False,False,False,False,False,True,False,False,False,False,False
4,female,White,2.663867235183716,1.3361327648162842,0-4,True,False,False,False,False,False,False,True,True,False,False,False,False,False,False,False,False
46,female,White,45.6667366027832,0.3332633972167969,45-64,True,False,False,False,False,False,False,True,False,False,False,False,False,True,False,False,False
11,female,Asian,6.7439470291137695,4.2560529708862305,5-17,True,False,False,True,False,False,False,False,False,True,False,False,False,False,False,False,False
2,female,Indian,5.489789009094238,3.4897890090942383,0-4,True,False,False,False,False,True,False,False,True,False,False,False,False,False,False,False,False
56,female,White,47.75666809082031,8.243331909179688,45-64,True,False,False,False,False,False,False,True,False,False,False,False,False,True,False,False,False
40,male,Asian,41.5927734375,1.5927734375,35-44,False,True,False,True,False,False,False,False,False,False,False,False,True,False,False,False,False
23,female,Others,21.897554397583008,1.1024456024169922,18-24,True,False,False,False,False,False,True,False,False,False,True,False,False,False,False,False,False
25,female,Indian,36.39067077636719,11.390670776367188,25-34,True,False,False,False,False,True,False,False,False,False,False,True,False,False,False,False,False
62,female,White,73.28141021728516,11.281410217285156,45-64,True,False,False,False,False,False,False,True,False,False,False,False,False,True,False,False,False
29,male,Black,25.143232345581055,3.8567676544189453,25-34,False,True,False,False,True,False,False,False,False,False,False,True,False,False,False,False,False
18,male,Asian,18.56073570251465,0.5607357025146484,18-24,False,True,False,True,False,False,False,False,False,False,True,False,False,False,False,False,False
26,female,Black,24.353879928588867,1.6461200714111328,25-34,True,False,False,False,True,False,False,False,False,False,False,True,False,False,False,False,False
50,male,White,53.883026123046875,3.883026123046875,45-64,False,True,False,False,False,False,False,True,False,False,False,False,False,True,False,False,False
35,male,Indian,35.43486022949219,0.4348602294921875,35-44,False,True,False,False,False,True,False,False,False,False,False,False,True,False,False,False,False
77,female,White,64.11589813232422,12.884101867675781,65-84,True,False,False,False,False,False,False,True,False,False,False,False,False,False,True,False,False
65,female,White,72.73719024658203,7.737190246582031,65-84,True,False,False,False,False,False,False,True,False,False,False,False,False,False,True,False,False
34,female,Black,24.69832420349121,9.301675796508789,25-34,True,False,False,False,True,False,False,False,False,False,False,True,False,False,False,False,False
75,male,Asian,55.445953369140625,19.554046630859375,65-84,False,True,False,True,False,False,False,False,False,False,False,False,False,False,True,False,False
24,female,Black,25.979686737060547,1.9796867370605469,18-24,True,False,False,False,True,False,False,False,False,False,True,False,False,False,False,False,False
6,female,White,6.450491905212402,0.45049190521240234,5-17,True,False,False,False,False,False,False,True,False,True,False,False,False,False,False,False,False
1,male,Others,2.728703498840332,1.728703498840332,0-4,False,True,False,False,False,False,True,False,True,False,False,False,False,False,False,False,False
21,male,Others,18.95783805847168,2.0421619415283203,18-24,False,True,False,False,False,False,True,False,False,False,True,False,False,False,False,False,False
28,male,Indian,29.659687042236328,1.6596870422363281,25-34,False,True,False,False,False,True,False,False,False,False,False,True,False,False,False,False,False
56,male,White,50.210941314697266,5.789058685302734,45-64,False,True,False,False,False,False,False,True,False,False,False,False,False,True,False,False,False
26,female,Indian,30.897214889526367,4.897214889526367,25-34,True,False,False,False,False,True,False,False,False,False,False,True,False,False,False,False,False
60,male,White,50.360599517822266,9.639400482177734,45-64,False,True,False,False,False,False,False,True,False,False,False,False,False,True,False,False,False
34,male,White,36.963531494140625,2.963531494140625,25-34,False,True,False,False,False,False,False,True,False,False,False,True,False,False,False,False,False
41,female,Black,24.154935836791992,16.845064163208008,35-44,True,False,False,False,True,False,False,False,False,False,False,False,True,False,False,False,False
61,male,Black,47.44129943847656,13.558700561523438,45-64,False,True,False,False,True,False,False,False,False,False,False,False,False,True,False,False,False
55,male,Indian,67.73135375976562,12.731353759765625,45-64,False,True,False,False,False,True,False,False,False,False,False,False,False,True,False,False,False
35,female,White,24.3455867767334,10.654413223266602,35-44,True,False,False,False,False,False,False,True,False,False,False,False,True,False,False,False,False
42,male,White,49.20069885253906,7.2006988525390625,35-44,False,True,False,False,False,False,False,True,False,False,False,False,True,False,False,False,False
26,female,Black,32.914833068847656,6.914833068847656,25-34,True,False,False,False,True,False,False,False,False,False,False,True,False,False,False,False,False
8,female,Indian,11.387897491455078,3.387897491455078,5-17,True,False,False,False,False,True,False,False,False,True,False,False,False,False,False,False,False
35,male,Indian,24.931978225708008,10.068021774291992,35-44,False,True,False,False,False,True,False,False,False,False,False,False,True,False,False,False,False
29,male,White,32.537994384765625,3.537994384765625,25-34,False,True,False,False,False,False,False,True,False,False,False,True,False,False,False,False,False
34,male,Black,50.221683502197266,16.221683502197266,25-34,False,True,False,False,True,False,False,False,False,False,False,True,False,False,False,False,False
30,male,Indian,34.78193664550781,4.7819366455078125,25-34,False,True,False,False,False,True,False,False,False,False,False,True,False,False,False,False,False
32,female,Black,24.10785484313965,7.892145156860352,25-34,True,False,False,False,True,False,False,False,False,False,False,True,False,False,False,False,False
35,female,Black,29.646879196166992,5.353120803833008,35-44,True,False,False,False,True,False,False,False,False,False,False,False,True,False,False,False,False
42,male,White,50.807498931884766,8.807498931884766,35-44,False,True,False,False,False,False,False,True,False,False,False,False,True,False,False,False,False
2,male,White,0.7154521346092224,1.2845478653907776,0-4,False,True,False,False,False,False,False,True,True,False,False,False,False,False,False,False,False
22,male,Black,22.703323364257812,0.7033233642578125,18-24,False,True,False,False,True,False,False,False,False,False,True,False,False,False,False,False,False
40,male,White,36.55585479736328,3.4441452026367188,35-44,False,True,False,False,False,False,False,True,False,False,False,False,True,False,False,False,False
26,male,Black,34.46222686767578,8.462226867675781,25-34,False,True,False,False,True,False,False,False,False,False,False,True,False,False,False,False,False
31,male,Black,24.470521926879883,6.529478073120117,25-34,False,True,False,False,True,False,False,False,False,False,False,True,False,False,False,False,False
7,female,Indian,20.443878173828125,13.443878173828125,5-17,True,False,False,False,False,True,False,False,False,True,False,False,False,False,False,False,False
24,female,Asian,25.01955223083496,1.019552230834961,18-24,True,False,False,True,False,False,False,False,False,False,True,False,False,False,False,False,False
4,male,White,6.976382732391357,2.9763827323913574,0-4,False,True,False,False,False,False,False,True,True,False,False,False,False,False,False,False,False
26,female,White,20.415666580200195,5.584333419799805,25-34,True,False,False,False,False,False,False,True,False,False,False,True,False,False,False,False,False
3,male,Asian,0.19931885600090027,2.8006811439990997,0-4,False,True,False,True,False,False,False,False,True,False,False,False,False,False,False,False,False
36,male,Indian,35.66349411010742,0.3365058898925781,35-44,False,True,False,False,False,True,False,False,False,False,False,False,True,False,False,False,False
25,female,Indian,24.980459213256836,0.019540786743164062,25-34,True,False,False,False,False,True,False,False,False,False,False,True,False,False,False,False,False
32,female,Black,30.477418899536133,1.5225811004638672,25-34,True,False,False,False,True,False,False,False,False,False,False,True,False,False,False,False,False
1,female,Asian,1.8168538808822632,0.8168538808822632,0-4,True,False,False,True,False,False,False,False,True,False,False,False,False,False,False,False,False
16,male,White,19.06351661682129,3.063516616821289,5-17,False,True,False,False,False,False,False,True,False,True,False,False,False,False,False,False,False
26,female,Black,26.71866798400879,0.7186679840087891,25-34,True,False,False,False,True,False,False,False,False,False,False,True,False,False,False,False,False
35,female,Indian,44.63688659667969,9.636886596679688,35-44,True,False,False,False,False,True,False,False,False,False,False,False,True,False,False,False,False
56,male,White,55.82147979736328,0.17852020263671875,45-64,False,True,False,False,False,False,False,True,False,False,False,False,False,True,False,False,False
7,female,Asian,23.592985153198242,16.592985153198242,5-17,True,False,False,True,False,False,False,False,False,True,False,False,False,False,False,False,False
39,female,Asian,43.63873291015625,4.63873291015625,35-44,True,False,False,True,False,False,False,False,False,False,False,False,True,False,False,False,False
62,male,Black,43.44309997558594,18.556900024414062,45-64,False,True,False,False,True,False,False,False,False,False,False,False,False,True,False,False,False
3,female,Indian,6.584851264953613,3.5848512649536133,0-4,True,False,False,False,False,True,False,False,True,False,False,False,False,False,False,False,False
35,female,White,49.60273742675781,14.602737426757812,35-44,True,False,False,False,False,False,False,True,False,False,False,False,True,False,False,False,False
26,female,White,21.73768424987793,4.26231575012207,25-34,True,False,False,False,False,False,False,True,False,False,False,True,False,False,False,False,False
60,male,White,58.31155776977539,1.6884422302246094,45-64,False,True,False,False,False,False,False,True,False,False,False,False,False,True,False,False,False
52,male,White,62.88116455078125,10.88116455078125,45-64,False,True,False,False,False,False,False,True,False,False,False,False,False,True,False,False,False
59,male,White,56.44868469238281,2.5513153076171875,45-64,False,True,False,False,False,False,False,True,False,False,False,False,False,True,False,False,False
18,female,White,28.20533561706543,10.20533561706543,18-24,True,False,False,False,False,False,False,True,False,False,True,False,False,False,False,False,False
54,male,Others,70.81624603271484,16.816246032714844,45-64,False,True,False,False,False,False,True,False,False,False,False,False,False,True,False,False,False
16,male,White,26.386993408203125,10.386993408203125,5-17,False,True,False,False,False,False,False,True,False,True,False,False,False,False,False,False,False
18,female,Black,28.742692947387695,10.742692947387695,18-24,True,False,False,False,True,False,False,False,False,False,True,False,False,False,False,False,False
32,male,Asian,16.109222412109375,15.890777587890625,25-34,False,True,False,True,False,False,False,False,False,False,False,True,False,False,False,False,False
2,female,Others,1.3853940963745117,0.6146059036254883,0-4,True,False,False,False,False,False,True,False,True,False,False,False,False,False,False,False,False
39,male,Others,41.89896011352539,2.8989601135253906,35-44,False,True,False,False,False,False,True,False,False,False,False,False,True,False,False,False,False
68,male,Black,74.37712860107422,6.377128601074219,65-84,False,True,False,False,True,False,False,False,False,False,False,False,False,False,True,False,False
22,female,Indian,26.078754425048828,4.078754425048828,18-24,True,False,False,False,False,True,False,False,False,False,True,False,False,False,False,False,False
79,male,White,74.52503204345703,4.474967956542969,65-84,False,True,False,False,False,False,False,True,False,False,False,False,False,False,True,False,False
35,female,White,45.33942413330078,10.339424133300781,35-44,True,False,False,False,False,False,False,True,False,False,False,False,True,False,False,False,False
20,male,White,30.80437660217285,10.804376602172852,18-24,False,True,False,False,False,False,False,True,False,False,True,False,False,False,False,False,False
28,female,Asian,23.63518714904785,4.364812850952148,25-34,True,False,False,True,False,False,False,False,False,False,False,True,False,False,False,False,False
36,female,White,36.617252349853516,0.6172523498535156,35-44,True,False,False,False,False,False,False,True,False,False,False,False,True,False,False,False,False
34,male,White,33.07768630981445,0.9223136901855469,25-34,False,True,False,False,False,False,False,True,False,False,False,True,False,False,False,False,False
26,female,White,22.511045455932617,3.488954544067383,25-34,True,False,False,False,False,False,False,True,False,False,False,True,False,False,False,False,False
26,male,White,30.69171142578125,4.69171142578125,25-34,False,True,False,False,False,False,False,True,False,False,False,True,False,False,False,False,False
2,female,Indian,3.93428897857666,1.9342889785766602,0-4,True,False,False,False,False,True,False,False,True,False,False,False,False,False,False,False,False
25,female,Black,24.008207321166992,0.9917926788330078,25-34,True,False,False,False,True,False,False,False,False,False,False,True,False,False,False,False,False
57,female,Indian,39.27543258666992,17.724567413330078,45-64,True,False,False,False,False,True,False,False,False,False,False,False,False,True,False,False,False
23,female,Black,27.527549743652344,4.527549743652344,18-24,True,False,False,False,True,False,False,False,False,False,True,False,False,False,False,False,False
45,male,Asian,43.0003662109375,1.9996337890625,45-64,False,True,False,True,False,False,False,False,False,False,False,False,False,True,False,False,False
21,male,Others,14.995880126953125,6.004119873046875,18-24,False,True,False,False,False,False,True,False,False,False,True,False,False,False,False,False,False
56,male,Indian,31.592676162719727,24.407323837280273,45-64,False,True,False,False,False,True,False,False,False,False,False,False,False,True,False,False,False
32,female,White,33.24742126464844,1.2474212646484375,25-34,True,False,False,False,False,False,False,True,False,False,False,True,False,False,False,False,False
14,male,White,13.594301223754883,0.4056987762451172,5-17,False,True,False,False,False,False,False,True,False,True,False,False,False,False,False,False,False
29,male,Indian,26.43608856201172,2.5639114379882812,25-34,False,True,False,False,False,True,False,False,False,False,False,True,False,False,False,False,False
45,male,Black,42.82473373413086,2.1752662658691406,45-64,False,True,False,False,True,False,False,False,False,False,False,False,False,True,False,False,False
24,female,Black,21.545846939086914,2.454153060913086,18-24,True,False,False,False,True,False,False,False,False,False,True,False,False,False,False,False,False
32,male,Asian,37.53175354003906,5.5317535400390625,25-34,False,True,False,True,False,False,False,False,False,False,False,True,False,False,False,False,False
52,male,White,43.03565216064453,8.964347839355469,45-64,False,True,False,False,False,False,False,True,False,False,False,False,False,True,False,False,False
2,male,White,3.2544960975646973,1.2544960975646973,0-4,False,True,False,False,False,False,False,True,True,False,False,False,False,False,False,False,False
26,female,Asian,25.66875648498535,0.33124351501464844,25-34,True,False,False,True,False,False,False,False,False,False,False,True,False,False,False,False,False
34,male,Others,32.17713928222656,1.8228607177734375,25-34,False,True,False,False,False,False,True,False,False,False,False,True,False,False,False,False,False
25,female,White,19.820171356201172,5.179828643798828,25-34,True,False,False,False,False,False,False,True,False,False,False,True,False,False,False,False,False
76,male,Asian,68.23693084716797,7.763069152832031,65-84,False,True,False,True,False,False,False,False,False,False,False,False,False,False,True,False,False
24,female,Indian,24.48192024230957,0.4819202423095703,18-24,True,False,False,False,False,True,False,False,False,False,True,False,False,False,False,False,False
70,female,White,53.71836471557617,16.281635284423828,65-84,True,False,False,False,False,False,False,True,False,False,False,False,False,False,True,False,False
20,male,Others,28.516429901123047,8.516429901123047,18-24,False,True,False,False,False,False,True,False,False,False,True,False,False,False,False,False,False
64,male,Asian,59.81775665283203,4.182243347167969,45-64,False,True,False,True,False,False,False,False,False,False,False,False,False,True,False,False,False
26,male,White,20.941553115844727,5.058446884155273,25-34,False,True,False,False,False,False,False,True,False,False,False,True,False,False,False,False,False
4,female,White,5.616988658905029,1.6169886589050293,0-4,True,False,False,False,False,False,False,True,True,False,False,False,False,False,False,False,False
35,male,White,42.13145446777344,7.1314544677734375,35-44,False,True,False,False,False,False,False,True,False,False,False,False,True,False,False,False,False
5,female,Indian,22.938549041748047,17.938549041748047,5-17,True,False,False,False,False,True,False,False,False,True,False,False,False,False,False,False,False
44,male,Indian,52.49775695800781,8.497756958007812,35-44,False,True,False,False,False,True,False,False,False,False,False,False,True,False,False,False,False
55,male,White,54.75511169433594,0.2448883056640625,45-64,False,True,False,False,False,False,False,True,False,False,False,False,False,True,False,False,False
28,male,Black,33.56583786010742,5.565837860107422,25-34,False,True,False,False,True,False,False,False,False,False,False,True,False,False,False,False,False
24,male,Others,28.12150001525879,4.121500015258789,18-24,False,True,False,False,False,False,True,False,False,False,True,False,False,False,False,False,False
40,male,Asian,24.78463363647461,15.21536636352539,35-44,False,True,False,True,False,False,False,False,False,False,False,False,True,False,False,False,False
48,female,White,50.116249084472656,2.1162490844726562,45-64,True,False,False,False,False,False,False,True,False,False,False,False,False,True,False,False,False
78,male,Black,57.510955810546875,20.489044189453125,65-84,False,True,False,False,True,False,False,False,False,False,False,False,False,False,True,False,False
27,female,Asian,29.560922622680664,2.560922622680664,25-34,True,False,False,True,False,False,False,False,False,False,False,True,False,False,False,False,False
48,female,White,41.82004165649414,6.179958343505859,45-64,True,False,False,False,False,False,False,True,False,False,False,False,False,True,False,False,False
61,male,White,65.40357208251953,4.403572082519531,45-64,False,True,False,False,False,False,False,True,False,False,False,False,False,True,False,False,False
26,female,Asian,28.396638870239258,2.396638870239258,25-34,True,False,False,True,False,False,False,False,False,False,False,True,False,False,False,False,False
51,female,White,51.435054779052734,0.4350547790527344,45-64,True,False,False,False,False,False,False,True,False,False,False,False,False,True,False,False,False
85,male,Asian,66.00206756591797,18.99793243408203,85-99,False,True,False,True,False,False,False,False,False,False,False,False,False,False,False,True,False
28,male,Black,35.560096740722656,7.560096740722656,25-34,False,True,False,False,True,False,False,False,False,False,False,True,False,False,False,False,False
