age,gender,race,pred,s,agegroup,gender_female,gender_male,race_Asian,race_Black,race_Indian,race_Others,race_White,agegroup_0-4,agegroup_5-17,agegroup_18-24,agegroup_25-34,agegroup_35-44,agegroup_45-64,agegroup_65-84,agegroup_85-99,agegroup_100-119
28,female,White,23.633543014526367,4.366456985473633,25-34,True,False,False,False,False,False,True,False,False,False,True,False,False,False,False,False
55,male,White,50.718101501464844,4.281898498535156,45-64,False,True,False,False,False,False,True,False,False,False,False,False,True,False,False,False
24,female,White,28.626279830932617,4.626279830932617,18-24,True,False,False,False,False,False,True,False,False,True,False,False,False,False,False,False
65,male,White,67.4446029663086,2.4446029663085938,65-84,False,True,False,False,False,False,True,False,False,False,False,False,False,True,False,False
1,male,White,0.12801271677017212,0.8719872832298279,0-4,False,True,False,False,False,False,True,True,False,False,False,False,False,False,False,False
33,male,Indian,34.53904724121094,1.5390472412109375,25-34,False,True,False,False,True,False,False,False,False,False,True,False,False,False,False,False
16,male,Black,55.579612731933594,39.579612731933594,5-17,False,True,False,True,False,False,False,False,True,False,False,False,False,False,False,False
21,female,Asian,27.625551223754883,6.625551223754883,18-24,True,False,True,False,False,False,False,False,False,True,False,False,False,False,False,False
20,female,Asian,25.124277114868164,5.124277114868164,18-24,True,False,True,False,False,False,False,False,False,True,False,False,False,False,False,False
30,female,White,28.281442642211914,1.718557357788086,25-34,True,False,False,False,False,False,True,False,False,False,True,False,False,False,False,False
25,female,Asian,27.55348777770996,2.553487777709961,25-34,True,False,True,False,False,False,False,False,False,False,True,False,False,False,False,False
70,female,White,58.89226531982422,11.107734680175781,65-84,True,False,False,False,False,False,True,False,False,False,False,False,False,True,False,False
6,female,Others,27.820985794067383,21.820985794067383,5-17,True,False,False,False,False,True,False,False,True,False,False,False,False,False,False,False
74,female,White,46.70954132080078,27.29045867919922,65-84,True,False,False,False,False,False,True,False,False,False,False,False,False,True,False,False
27,female,Indian,18.21213150024414,8.78786849975586,25-34,True,False,False,False,True,False,False,False,False,False,True,False,False,False,False,False
36,female,White,36.75850296020508,0.7585029602050781,35-44,True,False,False,False,False,False,True,False,False,False,False,True,False,False,False,False
38,female,Black,27.982831954956055,10.017168045043945,35-44,True,False,False,True,False,False,False,False,False,False,False,True,False,False,False,False
25,male,Others,24.34953498840332,0.6504650115966797,25-34,False,True,False,False,False,True,False,False,False,False,True,False,False,False,False,False
39,female,Indian,28.34868049621582,10.65131950378418,35-44,True,False,False,False,True,False,False,False,False,False,False,True,False,False,False,False
18,female,Indian,22.89470100402832,4.89470100402832,18-24,True,False,False,False,True,False,False,False,False,True,False,False,False,False,False,False
73,male,Indian,65.36559295654297,7.634407043457031,65-84,False,True,False,False,True,False,False,False,False,False,False,False,False,True,False,False
30,male,White,26.350679397583008,3.649320602416992,25-34,False,True,False,False,False,False,True,False,False,False,True,False,False,False,False,False
40,female,Black,32.64476013183594,7.3552398681640625,35-44,True,False,False,True,False,False,False,False,False,False,False,True,False,False,False,False
2,female,White,1.577769160270691,0.4222308397293091,0-4,True,False,False,False,False,False,True,True,False,False,False,False,False,False,False,False
29,male,Indian,25.595552444458008,3.404447555541992,25-34,False,True,False,False,True,False,False,False,False,False,True,False,False,False,False,False
1,male,Asian,2.4810750484466553,1.4810750484466553,0-4,False,True,True,False,False,False,False,True,False,False,False,False,False,False,False,False
80,male,Asian,56.95302200317383,23.046977996826172,65-84,False,True,True,False,False,False,False,False,False,False,False,False,False,True,False,False
30,male,Black,24.81427764892578,5.185722351074219,25-34,False,True,False,True,False,False,False,False,False,False,True,False,False,False,False,False
22,female,Black,27.4483699798584,5.448369979858398,18-24,True,False,False,True,False,False,False,False,False,True,False,False,False,False,False,False
55,male,Indian,41.049705505371094,13.950294494628906,45-64,False,True,False,False,True,False,False,False,False,False,False,False,True,False,False,False
16,male,White,28.502553939819336,12.502553939819336,5-17,False,True,False,False,False,False,True,False,True,False,False,False,False,False,False,False
27,male,Indian,25.227506637573242,1.7724933624267578,25-34,False,True,False,False,True,False,False,False,False,False,True,False,False,False,False,False
54,female,Black,39.79572677612305,14.204273223876953,45-64,True,False,False,True,False,False,False,False,False,False,False,False,True,False,False,False
74,male,White,41.7990837097168,32.2009162902832,65-84,False,True,False,False,False,False,True,False,False,False,False,False,False,True,False,False
42,male,Asian,37.106849670410156,4.893150329589844,35-44,False,True,True,False,False,False,False,False,False,False,False,True,False,False,False,False
40,male,Others,46.137123107910156,6.137123107910156,35-44,False,True,False,False,False,True,False,False,False,False,False,True,False,False,False,False
37,male,White,44.871986389160156,7.871986389160156,35-44,False,True,False,False,False,False,True,False,False,False,False,True,False,False,False,False
25,male,White,26.07441520690918,1.0744152069091797,25-34,False,True,False,False,False,False,True,False,False,False,True,False,False,False,False,False
24,female,Indian,25.4548397064209,1.4548397064208984,18-24,True,False,False,False,True,False,False,False,False,True,False,False,False,False,False,False
1,male,White,0.7915998697280884,0.20840013027191162,0-4,False,True,False,False,False,False,True,True,False,False,False,False,False,False,False,False
54,female,White,57.932987213134766,3.9329872131347656,45-64,True,False,False,False,False,False,True,False,False,False,False,False,True,False,False,False
62,female,Asian,66.13672637939453,4.136726379394531,45-64,True,False,True,False,False,False,False,False,False,False,False,False,True,False,False,False
25,male,White,22.051496505737305,2.9485034942626953,25-34,False,True,False,False,False,False,True,False,False,False,True,False,False,False,False,False
36,female,Black,38.389278411865234,2.3892784118652344,35-44,True,False,False,True,False,False,False,False,False,False,False,True,False,False,False,False
30,female,White,34.011688232421875,4.011688232421875,25-34,True,False,False,False,False,False,True,False,False,False,True,False,False,False,False,False
11,male,White,18.604162216186523,7.604162216186523,5-17,False,True,False,False,False,False,True,False,True,False,False,False,False,False,False,False
28,male,Black,27.922372817993164,0.07762718200683594,25-34,False,True,False,True,False,False,False,False,False,False,True,False,False,False,False,False
31,female,Black,25.750041961669922,5.249958038330078,25-34,True,False,False,True,False,False,False,False,False,False,True,False,False,False,False,False
1,female,Others,1.1520007848739624,0.1520007848739624,0-4,True,False,False,False,False,True,False,True,False,False,False,False,False,False,False,False
4,male,White,5.400174617767334,1.400174617767334,0-4,False,True,False,False,False,False,True,True,False,False,False,False,False,False,False,False
27,female,Asian,25.63936424255371,1.360635757446289,25-34,True,False,True,False,False,False,False,False,False,False,True,False,False,False,False,False
54,female,White,55.74827194213867,1.7482719421386719,45-64,True,False,False,False,False,False,True,False,False,False,False,False,True,False,False,False
26,female,White,33.42179870605469,7.4217987060546875,25-34,True,False,False,False,False,False,True,False,False,False,True,False,False,False,False,False
42,male,Indian,32.34916305541992,9.650836944580078,35-44,False,True,False,False,True,False,False,False,False,False,False,True,False,False,False,False
14,male,White,19.4019718170166,5.401971817016602,5-17,False,True,False,False,False,False,True,False,True,False,False,False,False,False,False,False
43,female,White,39.237083435058594,3.7629165649414062,35-44,True,False,False,False,False,False,True,False,False,False,False,True,False,False,False,False
24,female,Asian,28.332477569580078,4.332477569580078,18-24,True,False,True,False,False,False,False,False,False,True,False,False,False,False,False,False
23,female,Others,24.322649002075195,1.3226490020751953,18-24,True,False,False,False,False,True,False,False,False,True,False,False,False,False,False,False
35,female,Asian,14.566980361938477,20.433019638061523,35-44,True,False,True,False,False,False,False,False,False,False,False,True,False,False,False,False
12,female,Indian,29.13711166381836,17.13711166381836,5-17,True,False,False,False,True,False,False,False,True,False,False,False,False,False,False,False
34,male,White,28.87152099609375,5.12847900390625,25-34,False,True,False,False,False,False,True,False,False,False,True,False,False,False,False,False
56,male,White,57.27042007446289,1.2704200744628906,45-64,False,True,False,False,False,False,True,False,False,False,False,False,True,False,False,False
74,male,White,76.10960388183594,2.1096038818359375,65-84,False,True,False,False,False,False,True,False,False,False,False,False,False,True,False,False
29,male,Asian,20.392620086669922,8.607379913330078,25-34,False,True,True,False,False,False,False,False,False,False,True,False,False,False,False,False
23,male,Indian,18.898225784301758,4.101774215698242,18-24,False,True,False,False,True,False,False,False,False,True,False,False,False,False,False,False
25,female,Indian,29.024593353271484,4.024593353271484,25-34,True,False,False,False,True,False,False,False,False,False,True,False,False,False,False,False
65,male,Indian,42.55948257446289,22.44051742553711,65-84,False,True,False,False,True,False,False,False,False,False,False,False,False,True,False,False
48,male,White,41.90486145019531,6.0951385498046875,45-64,False,True,False,False,False,False,True,False,False,False,False,False,True,False,False,False
9,male,White,16.067655563354492,7.067655563354492,5-17,False,True,False,False,False,False,True,False,True,False,False,False,False,False,False,False
68,male,White,68.4359130859375,0.4359130859375,65-84,False,True,False,False,False,False,True,False,False,False,False,False,False,True,False,False
58,male,White,52.546077728271484,5.453922271728516,45-64,False,True,False,False,False,False,True,False,False,False,False,False,True,False,False,False
54,male,White,57.4818115234375,3.4818115234375,45-64,False,True,False,False,False,False,True,False,False,False,False,False,True,False,False,False
42,male,White,48.95366668701172,6.953666687011719,35-44,False,True,False,False,False,False,True,False,False,False,False,True,False,False,False,False
30,male,White,36.899513244628906,6.899513244628906,25-34,False,True,False,False,False,False,True,False,False,False,True,False,False,False,False,False
28,female,White,24.821664810180664,3.178335189819336,25-34,True,False,False,False,False,False,True,False,False,False,True,False,False,False,False,False
30,male,White,34.445343017578125,4.445343017578125,25-34,False,True,False,False,False,False,True,False,False,False,True,False,False,False,False,False
24,female,Black,25.119098663330078,1.1190986633300781,18-24,True,False,False,True,False,False,False,False,False,True,False,False,False,False,False,False
66,male,White,71.65013885498047,5.650138854980469,65-84,False,True,False,False,False,False,True,False,False,False,False,False,False,True,False,False
1,female,Indian,5.376943588256836,4.376943588256836,0-4,True,False,False,False,True,False,False,True,False,False,False,False,False,False,False,False
2,male,White,2.6211934089660645,0.6211934089660645,0-4,False,True,False,False,False,False,True,True,False,False,False,False,False,False,False,False
22,female,Asian,40.716636657714844,18.716636657714844,18-24,True,False,True,False,False,False,False,False,False,True,False,False,False,False,False,False
26,female,Asian,27.607229232788086,1.607229232788086,25-34,True,False,True,False,False,False,False,False,False,False,True,False,False,False,False,False
36,male,White,36.78289031982422,0.7828903198242188,35-44,False,True,False,False,False,False,True,False,False,False,False,True,False,False,False,False
69,female,White,64.34233856201172,4.657661437988281,65-84,True,False,False,False,False,False,True,False,False,False,False,False,False,True,False,False
20,female,Black,17.756738662719727,2.2432613372802734,18-24,True,False,False,True,False,False,False,False,False,True,False,False,False,False,False,False
30,male,White,24.79442596435547,5.205574035644531,25-34,False,True,False,False,False,False,True,False,False,False,True,False,False,False,False,False
29,female,White,29.91274642944336,0.9127464294433594,25-34,True,False,False,False,False,False,True,False,False,False,True,False,False,False,False,False
1,female,Others,3.2682132720947266,2.2682132720947266,0-4,True,False,False,False,False,True,False,True,False,False,False,False,False,False,False,False
2,male,Asian,0.9165481328964233,1.0834518671035767,0-4,False,True,True,False,False,False,False,True,False,False,False,False,False,False,False,False
50,male,White,49.672340393066406,0.32765960693359375,45-64,False,True,False,False,False,False,True,False,False,False,False,False,True,False,False,False
24,female,Others,23.074926376342773,0.9250736236572266,18-24,True,False,False,False,False,True,False,False,False,True,False,False,False,False,False,False
24,male,Indian,11.845871925354004,12.154128074645996,18-24,False,True,False,False,True,False,False,False,False,True,False,False,False,False,False,False
45,female,Indian,38.21919250488281,6.7808074951171875,45-64,True,False,False,False,True,False,False,False,False,False,False,False,True,False,False,False
58,male,White,55.675174713134766,2.3248252868652344,45-64,False,True,False,False,False,False,True,False,False,False,False,False,True,False,False,False
25,female,Black,28.849393844604492,3.849393844604492,25-34,True,False,False,True,False,False,False,False,False,False,True,False,False,False,False,False
25,male,White,25.665712356567383,0.6657123565673828,25-34,False,True,False,False,False,False,True,False,False,False,True,False,False,False,False,False
27,male,Black,28.622602462768555,1.6226024627685547,25-34,False,True,False,True,False,False,False,False,False,False,True,False,False,False,False,False
72,male,Black,58.9371223449707,13.062877655029297,65-84,False,True,False,True,False,False,False,False,False,False,False,False,False,True,False,False
1,male,Indian,1.1791518926620483,0.17915189266204834,0-4,False,True,False,False,True,False,False,True,False,False,False,False,False,False,False,False
22,female,Asian,22.83449363708496,0.8344936370849609,18-24,True,False,True,False,False,False,False,False,False,True,False,False,False,False,False,False
24,female,Black,21.741596221923828,2.258403778076172,18-24,True,False,False,True,False,False,False,False,False,True,False,False,False,False,False,False
24,female,Asian,19.579084396362305,4.420915603637695,18-24,True,False,True,False,False,False,False,False,False,True,False,False,False,False,False,False
26,female,White,35.31159591674805,9.311595916748047,25-34,True,False,False,False,False,False,True,False,False,False,True,False,False,False,False,False
1,male,White,-0.4417860805988312,1.4417860805988312,0-4,False,True,False,False,False,False,True,True,False,False,False,False,False,False,False,False
28,female,Asian,18.86285972595215,9.137140274047852,25-34,True,False,True,False,False,False,False,False,False,False,True,False,False,False,False,False
26,female,White,25.3530330657959,0.6469669342041016,25-34,True,False,False,False,False,False,True,False,False,False,True,False,False,False,False,False
65,male,Asian,64.3747329711914,0.6252670288085938,65-84,False,True,True,False,False,False,False,False,False,False,False,False,False,True,False,False
36,male,White,34.102760314941406,1.8972396850585938,35-44,False,True,False,False,False,False,True,False,False,False,False,True,False,False,False,False
4,female,Others,1.6529345512390137,2.3470654487609863,0-4,True,False,False,False,False,True,False,True,False,False,False,False,False,False,False,False
29,female,Black,25.57048225402832,3.4295177459716797,25-34,True,False,False,True,False,False,False,False,False,False,True,False,False,False,False,False
12,female,White,13.76711368560791,1.7671136856079102,5-17,True,False,False,False,False,False,True,False,True,False,False,False,False,False,False,False
81,male,White,68.25658416748047,12.743415832519531,65-84,False,True,False,False,False,False,True,False,False,False,False,False,False,True,False,False
35,male,Asian,22.95378875732422,12.046211242675781,35-44,False,True,True,False,False,False,False,False,False,False,False,True,False,False,False,False
45,male,White,34.956398010253906,10.043601989746094,45-64,False,True,False,False,False,False,True,False,False,False,False,False,True,False,False,False
6,female,Others,2.5172924995422363,3.4827075004577637,5-17,True,False,False,False,False,True,False,False,True,False,False,False,False,False,False,False
25,male,Black,23.283357620239258,1.7166423797607422,25-34,False,True,False,True,False,False,False,False,False,False,True,False,False,False,False,False
52,male,Indian,48.264244079589844,3.7357559204101562,45-64,False,True,False,False,True,False,False,False,False,False,False,False,True,False,False,False
89,female,Indian,61.061004638671875,27.938995361328125,85-99,True,False,False,False,True,False,False,False,False,False,False,False,False,False,True,False
99,female,White,80.43932342529297,18.56067657470703,85-99,True,False,False,False,False,False,True,False,False,False,False,False,False,False,True,False
45,female,Others,38.615482330322266,6.384517669677734,45-64,True,False,False,False,False,True,False,False,False,False,False,False,True,False,False,False
42,male,Black,39.749542236328125,2.250457763671875,35-44,False,True,False,True,False,False,False,False,False,False,False,True,False,False,False,False
21,male,Others,23.980594635009766,2.9805946350097656,18-24,False,True,False,False,False,True,False,False,False,True,False,False,False,False,False,False
24,female,White,28.371706008911133,4.371706008911133,18-24,True,False,False,False,False,False,True,False,False,True,False,False,False,False,False,False
1,male,Asian,0.667471706867218,0.332528293132782,0-4,False,True,True,False,False,False,False,True,False,False,False,False,False,False,False,False
38,male,Indian,38.4909553527832,0.4909553527832031,35-44,False,True,False,False,True,False,False,False,False,False,False,True,False,False,False,False
61,male,Indian,62.20539093017578,1.2053909301757812,45-64,False,True,False,False,True,False,False,False,False,False,False,False,True,False,False,False
23,female,Indian,28.83353614807129,5.833536148071289,18-24,True,False,False,False,True,False,False,False,False,True,False,False,False,False,False,False
35,male,Asian,26.58997344970703,8.410026550292969,35-44,False,True,True,False,False,False,False,False,False,False,False,True,False,False,False,False
18,female,Asian,14.491212844848633,3.508787155151367,18-24,True,False,True,False,False,False,False,False,False,True,False,False,False,False,False,False
29,female,White,23.76888084411621,5.231119155883789,25-34,True,False,False,False,False,False,True,False,False,False,True,False,False,False,False,False
26,male,Indian,25.87529945373535,0.12470054626464844,25-34,False,True,False,False,True,False,False,False,False,False,True,False,False,False,False,False
1,male,White,0.6989185214042664,0.30108147859573364,0-4,False,True,False,False,False,False,True,True,False,False,False,False,False,False,False,False
42,female,Black,34.34014892578125,7.65985107421875,35-44,True,False,False,True,False,False,False,False,False,False,False,True,False,False,False,False
34,female,White,36.27299499511719,2.2729949951171875,25-34,True,False,False,False,False,False,True,False,False,False,True,False,False,False,False,False
28,male,Others,33.576271057128906,5.576271057128906,25-34,False,True,False,False,False,True,False,False,False,False,True,False,False,False,False,False
26,male,Black,20.371849060058594,5.628150939941406,25-34,False,True,False,True,False,False,False,False,False,False,True,False,False,False,False,False
2,female,Asian,1.2211347818374634,0.7788652181625366,0-4,True,False,True,False,False,False,False,True,False,False,False,False,False,False,False,False
34,female,Black,28.046850204467773,5.953149795532227,25-34,True,False,False,True,False,False,False,False,False,False,True,False,False,False,False,False
3,female,Others,1.8808869123458862,1.1191130876541138,0-4,True,False,False,False,False,True,False,True,False,False,False,False,False,False,False,False
35,female,White,32.4565315246582,2.543468475341797,35-44,True,False,False,False,False,False,True,False,False,False,False,True,False,False,False,False
26,male,White,30.897443771362305,4.897443771362305,25-34,False,True,False,False,False,False,True,False,False,False,True,False,False,False,False,False
30,female,Asian,10.80683422088623,19.19316577911377,25-34,True,False,True,False,False,False,False,False,False,False,True,False,False,False,False,False
50,male,White,47.362037658691406,2.6379623413085938,45-64,False,True,False,False,False,False,True,False,False,False,False,False,True,False,False,False
35,male,White,32.45294189453125,2.54705810546875,35-44,False,True,False,False,False,False,True,False,False,False,False,True,False,False,False,False
48,female,White,27.60804557800293,20.39195442199707,45-64,True,False,False,False,False,False,True,False,False,False,False,False,True,False,False,False
26,female,Asian,26.520273208618164,0.5202732086181641,25-34,True,False,True,False,False,False,False,False,False,False,True,False,False,False,False,False
34,female,White,37.60877990722656,3.6087799072265625,25-34,True,False,False,False,False,False,True,False,False,False,True,False,False,False,False,False
50,male,White,53.103477478027344,3.1034774780273438,45-64,False,True,False,False,False,False,True,False,False,False,False,False,True,False,False,False
21,female,Others,18.9588680267334,2.0411319732666016,18-24,True,False,False,False,False,True,False,False,False,True,False,False,False,False,False,False
1,female,Asian,0.3262982666492462,0.6737017333507538,0-4,True,False,True,False,False,False,False,True,False,False,False,False,False,False,False,False
25,male,Black,38.89781951904297,13.897819519042969,25-34,False,True,False,True,False,False,False,False,False,False,True,False,False,False,False,False
10,male,White,15.391195297241211,5.391195297241211,5-17,False,True,False,False,False,False,True,False,True,False,False,False,False,False,False,False
36,male,Others,47.020294189453125,11.020294189453125,35-44,False,True,False,False,False,True,False,False,False,False,False,True,False,False,False,False
30,male,Black,26.68494987487793,3.3150501251220703,25-34,False,True,False,True,False,False,False,False,False,False,True,False,False,False,False,False
27,female,Black,26.87473487854004,0.12526512145996094,25-34,True,False,False,True,False,False,False,False,False,False,True,False,False,False,False,False
26,female,Black,39.75278854370117,13.752788543701172,25-34,True,False,False,True,False,False,False,False,False,False,True,False,False,False,False,False
65,male,Indian,34.4790153503418,30.520984649658203,65-84,False,True,False,False,True,False,False,False,False,False,False,False,False,True,False,False
2,female,Asian,3.6363837718963623,1.6363837718963623,0-4,True,False,True,False,False,False,False,True,False,False,False,False,False,False,False,False
26,female,White,22.356027603149414,3.643972396850586,25-34,True,False,False,False,False,False,True,False,False,False,True,False,False,False,False,False
5,female,Asian,11.939229965209961,6.939229965209961,5-17,True,False,True,False,False,False,False,False,True,False,False,False,False,False,False,False
36,female,White,37.81552505493164,1.8155250549316406,35-44,True,False,False,False,False,False,True,False,False,False,False,True,False,False,False,False
28,female,Asian,27.091920852661133,0.9080791473388672,25-34,True,False,True,False,False,False,False,False,False,False,True,False,False,False,False,False
1,male,Asian,1.7954174280166626,0.7954174280166626,0-4,False,True,True,False,False,False,False,True,False,False,False,False,False,False,False,False
1,male,Black,0.11039695143699646,0.8896030485630035,0-4,False,True,False,True,False,False,False,True,False,False,False,False,False,False,False,False
71,female,White,51.70899963378906,19.291000366210938,65-84,True,False,False,False,False,False,True,False,False,False,False,False,False,True,False,False
31,male,White,31.384384155273438,0.3843841552734375,25-34,False,True,False,False,False,False,True,False,False,False,True,False,False,False,False,False
16,female,White,11.797887802124023,4.202112197875977,5-17,True,False,False,False,False,False,True,False,True,False,False,False,False,False,False,False
23,female,White,38.13813018798828,15.138130187988281,18-24,True,False,False,False,False,False,True,False,False,True,False,False,False,False,False,False
27,male,Others,25.618711471557617,1.3812885284423828,25-34,False,True,False,False,False,True,False,False,False,False,True,False,False,False,False,False
58,male,Asian,48.31602096557617,9.683979034423828,45-64,False,True,True,False,False,False,False,False,False,False,False,False,True,False,False,False
22,female,Asian,25.463464736938477,3.4634647369384766,18-24,True,False,True,False,False,False,False,False,False,True,False,False,False,False,False,False
26,female,Black,29.993513107299805,3.9935131072998047,25-34,True,False,False,True,False,False,False,False,False,False,True,False,False,False,False,False
26,male,White,30.53511619567871,4.535116195678711,25-34,False,True,False,False,False,False,True,False,False,False,True,False,False,False,False,False
76,male,Asian,59.49341583251953,16.50658416748047,65-84,False,True,True,False,False,False,False,False,False,False,False,False,False,True,False,False
1,male,Black,1.2854797840118408,0.2854797840118408,0-4,False,True,False,True,False,False,False,True,False,False,False,False,False,False,False,False
61,male,White,65.7639389038086,4.763938903808594,45-64,False,True,False,False,False,False,True,False,False,False,False,False,True,False,False,False
28,male,White,30.65568733215332,2.6556873321533203,25-34,False,True,False,False,False,False,True,False,False,False,True,False,False,False,False,False
90,female,Asian,72.93169403076172,17.06830596923828,85-99,True,False,True,False,False,False,False,False,False,False,False,False,False,False,True,False
27,male,Black,30.945566177368164,3.945566177368164,25-34,False,True,False,True,False,False,False,False,False,False,True,False,False,False,False,False
6,female,White,6.189977645874023,0.18997764587402344,5-17,True,False,False,False,False,False,True,False,True,False,False,False,False,False,False,False
30,male,Asian,29.036354064941406,0.9636459350585938,25-34,False,True,True,False,False,False,False,False,False,False,True,False,False,False,False,False
24,female,White,28.321786880493164,4.321786880493164,18-24,True,False,False,False,False,False,True,False,False,True,False,False,False,False,False,False
50,female,Black,52.73004913330078,2.7300491333007812,45-64,True,False,False,True,False,False,False,False,False,False,False,False,True,False,False,False
28,male,Black,27.621122360229492,0.3788776397705078,25-34,False,True,False,True,False,False,False,False,False,False,True,False,False,False,False,False
73,female,White,77.50144958496094,4.5014495849609375,65-84,True,False,False,False,False,False,True,False,False,False,False,False,False,True,False,False
28,female,Black,24.742216110229492,3.257783889770508,25-34,True,False,False,True,False,False,False,False,False,False,True,False,False,False,False,False
22,female,Indian,29.17791175842285,7.177911758422852,18-24,True,False,False,False,True,False,False,False,False,True,False,False,False,False,False,False
70,male,White,58.726539611816406,11.273460388183594,65-84,False,True,False,False,False,False,True,False,False,False,False,False,False,True,False,False
46,male,White,39.08446502685547,6.915534973144531,45-64,False,True,False,False,False,False,True,False,False,False,False,False,True,False,False,False
8,female,White,4.878841400146484,3.1211585998535156,5-17,True,False,False,False,False,False,True,False,True,False,False,False,False,False,False,False
1,male,Asian,0.8259393572807312,0.1740606427192688,0-4,False,True,True,False,False,False,False,True,False,False,False,False,False,False,False,False
37,male,Asian,24.413028717041016,12.586971282958984,35-44,False,True,True,False,False,False,False,False,False,False,False,True,False,False,False,False
28,female,Black,26.477516174316406,1.5224838256835938,25-34,True,False,False,True,False,False,False,False,False,False,True,False,False,False,False,False
26,female,Indian,22.193513870239258,3.806486129760742,25-34,True,False,False,False,True,False,False,False,False,False,True,False,False,False,False,False
54,male,Indian,42.87532043457031,11.124679565429688,45-64,False,True,False,False,True,False,False,False,False,False,False,False,True,False,False,False
30,male,Asian,35.88164520263672,5.881645202636719,25-34,False,True,True,False,False,False,False,False,False,False,True,False,False,False,False,False
5,male,White,6.156169891357422,1.1561698913574219,5-17,False,True,False,False,False,False,True,False,True,False,False,False,False,False,False,False
80,male,White,81.9893569946289,1.9893569946289062,65-84,False,True,False,False,False,False,True,False,False,False,False,False,False,True,False,False
28,female,White,24.68457794189453,3.3154220581054688,25-34,True,False,False,False,False,False,True,False,False,False,True,False,False,False,False,False
61,male,White,29.650842666625977,31.349157333374023,45-64,False,True,False,False,False,False,True,False,False,False,False,False,True,False,False,False
27,male,White,27.052526473999023,0.05252647399902344,25-34,False,True,False,False,False,False,True,False,False,False,True,False,False,False,False,False
28,male,Asian,35.091888427734375,7.091888427734375,25-34,False,True,True,False,False,False,False,False,False,False,True,False,False,False,False,False
39,male,White,35.83597183227539,3.1640281677246094,35-44,False,True,False,False,False,False,True,False,False,False,False,True,False,False,False,False
22,male,Asian,15.907880783081055,6.092119216918945,18-24,False,True,True,False,False,False,False,False,False,True,False,False,False,False,False,False
6,female,White,11.352102279663086,5.352102279663086,5-17,True,False,False,False,False,False,True,False,True,False,False,False,False,False,False,False
20,female,Indian,21.93906593322754,1.939065933227539,18-24,True,False,False,False,True,False,False,False,False,True,False,False,False,False,False,False
60,female,Black,28.604156494140625,31.395843505859375,45-64,True,False,False,True,False,False,False,False,False,False,False,False,True,False,False,False
8,female,White,2.276059865951538,5.723940134048462,5-17,True,False,False,False,False,False,True,False,True,False,False,False,False,False,False,False
25,male,White,32.741424560546875,7.741424560546875,25-34,False,True,False,False,False,False,True,False,False,False,True,False,False,False,False,False
45,female,White,44.62971496582031,0.3702850341796875,45-64,True,False,False,False,False,False,True,False,False,False,False,False,True,False,False,False
54,male,White,55.93988800048828,1.9398880004882812,45-64,False,True,False,False,False,False,True,False,False,False,False,False,True,False,False,False
36,female,Black,21.929351806640625,14.070648193359375,35-44,True,False,False,True,False,False,False,False,False,False,False,True,False,False,False,False
29,female,White,27.57969093322754,1.420309066772461,25-34,True,False,False,False,False,False,True,False,False,False,True,False,False,False,False,False
1,female,Asian,0.07522469758987427,0.9247753024101257,0-4,True,False,True,False,False,False,False,True,False,False,False,False,False,False,False,False
34,female,White,52.75237274169922,18.75237274169922,25-34,True,False,False,False,False,False,True,False,False,False,True,False,False,False,False,False
5,male,White,7.233902931213379,2.233902931213379,5-17,False,True,False,False,False,False,True,False,True,False,False,False,False,False,False,False
68,male,Black,62.88140106201172,5.118598937988281,65-84,False,True,False,True,False,False,False,False,False,False,False,False,False,True,False,False
26,female,Asian,26.73783302307129,0.7378330230712891,25-34,True,False,True,False,False,False,False,False,False,False,True,False,False,False,False,False
30,female,Indian,25.984479904174805,4.015520095825195,25-34,True,False,False,False,True,False,False,False,False,False,True,False,False,False,False,False
34,male,Indian,26.27062225341797,7.729377746582031,25-34,False,True,False,False,True,False,False,False,False,False,True,False,False,False,False,False
47,female,White,27.1205997467041,19.8794002532959,45-64,True,False,False,False,False,False,True,False,False,False,False,False,True,False,False,False
23,female,White,28.68831443786621,5.688314437866211,18-24,True,False,False,False,False,False,True,False,False,True,False,False,False,False,False,False
28,female,Asian,21.6049747467041,6.395025253295898,25-34,True,False,True,False,False,False,False,False,False,False,True,False,False,False,False,False
88,female,White,72.17906951904297,15.820930480957031,85-99,True,False,False,False,False,False,True,False,False,False,False,False,False,False,True,False
26,female,Indian,26.537281036376953,0.5372810363769531,25-34,True,False,False,False,True,False,False,False,False,False,True,False,False,False,False,False
52,female,White,56.833702087402344,4.833702087402344,45-64,True,False,False,False,False,False,True,False,False,False,False,False,True,False,False,False
26,female,Others,27.12051010131836,1.1205101013183594,25-34,True,False,False,False,False,True,False,False,False,False,True,False,False,False,False,False
58,male,Black,47.40648651123047,10.593513488769531,45-64,False,True,False,True,False,False,False,False,False,False,False,False,True,False,False,False
35,male,Indian,33.376617431640625,1.623382568359375,35-44,False,True,False,False,True,False,False,False,False,False,False,True,False,False,False,False
27,male,White,27.14336585998535,0.14336585998535156,25-34,False,True,False,False,False,False,True,False,False,False,True,False,False,False,False,False
20,male,White,26.137327194213867,6.137327194213867,18-24,False,True,False,False,False,False,True,False,False,True,False,False,False,False,False,False
38,male,Indian,29.056543350219727,8.943456649780273,35-44,False,True,False,False,True,False,False,False,False,False,False,True,False,False,False,False
32,male,White,34.89240264892578,2.8924026489257812,25-34,False,True,False,False,False,False,True,False,False,False,True,False,False,False,False,False
2,male,Asian,0.17414015531539917,1.8258598446846008,0-4,False,True,True,False,False,False,False,True,False,False,False,False,False,False,False,False
25,female,White,21.953777313232422,3.046222686767578,25-34,True,False,False,False,False,False,True,False,False,False,True,False,False,False,False,False
2,female,Asian,1.6348000764846802,0.3651999235153198,0-4,True,False,True,False,False,False,False,True,False,False,False,False,False,False,False,False
24,male,Asian,23.279924392700195,0.7200756072998047,18-24,False,True,True,False,False,False,False,False,False,True,False,False,False,False,False,False
62,male,Black,55.6507682800293,6.349231719970703,45-64,False,True,False,True,False,False,False,False,False,False,False,False,True,False,False,False
34,female,Black,25.786123275756836,8.213876724243164,25-34,True,False,False,True,False,False,False,False,False,False,True,False,False,False,False,False
2,female,Indian,3.331247329711914,1.331247329711914,0-4,True,False,False,False,True,False,False,True,False,False,False,False,False,False,False,False
4,female,White,5.793215274810791,1.793215274810791,0-4,True,False,False,False,False,False,True,True,False,False,False,False,False,False,False,False
39,female,White,46.57177734375,7.57177734375,35-44,True,False,False,False,False,False,True,False,False,False,False,True,False,False,False,False
5,male,Asian,10.20261001586914,5.202610015869141,5-17,False,True,True,False,False,False,False,False,True,False,False,False,False,False,False,False
61,male,White,52.91940689086914,8.08059310913086,45-64,False,True,False,False,False,False,True,False,False,False,False,False,True,False,False,False
26,female,Indian,31.098373413085938,5.0983734130859375,25-34,True,False,False,False,True,False,False,False,False,False,True,False,False,False,False,False
38,female,Black,32.558876037597656,5.441123962402344,35-44,True,False,False,True,False,False,False,False,False,False,False,True,False,False,False,False
38,female,Indian,30.182409286499023,7.817590713500977,35-44,True,False,False,False,True,False,False,False,False,False,False,True,False,False,False,False
38,female,Black,45.54103088378906,7.5410308837890625,35-44,True,False,False,True,False,False,False,False,False,False,False,True,False,False,False,False
27,female,Asian,26.838966369628906,0.16103363037109375,25-34,True,False,True,False,False,False,False,False,False,False,True,False,False,False,False,False
26,male,Black,29.668161392211914,3.668161392211914,25-34,False,True,False,True,False,False,False,False,False,False,True,False,False,False,False,False
26,female,Black,29.210561752319336,3.210561752319336,25-34,True,False,False,True,False,False,False,False,False,False,True,False,False,False,False,False
41,male,White,58.604454040527344,17.604454040527344,35-44,False,True,False,False,False,False,True,False,False,False,False,True,False,False,False,False
26,female,Indian,33.02738571166992,7.027385711669922,25-34,True,False,False,False,True,False,False,False,False,False,True,False,False,False,False,False
22,male,Black,21.406652450561523,0.5933475494384766,18-24,False,True,False,True,False,False,False,False,False,True,False,False,False,False,False,False
28,female,Asian,24.79149627685547,3.2085037231445312,25-34,True,False,True,False,False,False,False,False,False,False,True,False,False,False,False,False
34,male,White,35.701148986816406,1.7011489868164062,25-34,False,True,False,False,False,False,True,False,False,False,True,False,False,False,False,False
22,female,Others,27.572172164916992,5.572172164916992,18-24,True,False,False,False,False,True,False,False,False,True,False,False,False,False,False,False
61,female,White,50.50048065185547,10.499519348144531,45-64,True,False,False,False,False,False,True,False,False,False,False,False,True,False,False,False
21,male,Others,40.59556198120117,19.595561981201172,18-24,False,True,False,False,False,True,False,False,False,True,False,False,False,False,False,False
26,female,Black,27.100488662719727,1.1004886627197266,25-34,True,False,False,True,False,False,False,False,False,False,True,False,False,False,False,False
20,female,White,35.162559509277344,15.162559509277344,18-24,True,False,False,False,False,False,True,False,False,True,False,False,False,False,False,False
18,female,White,21.701231002807617,3.701231002807617,18-24,True,False,False,False,False,False,True,False,False,True,False,False,False,False,False,False
26,female,Black,25.699026107788086,0.30097389221191406,25-34,True,False,False,True,False,False,False,False,False,False,True,False,False,False,False,False
23,female,Indian,24.725446701049805,1.7254467010498047,18-24,True,False,False,False,True,False,False,False,False,True,False,False,False,False,False,False
1,female,Indian,0.7944056987762451,0.20559430122375488,0-4,True,False,False,False,True,False,False,True,False,False,False,False,False,False,False,False
21,female,White,26.387876510620117,5.387876510620117,18-24,True,False,False,False,False,False,True,False,False,True,False,False,False,False,False,False
16,male,White,29.569150924682617,13.569150924682617,5-17,False,True,False,False,False,False,True,False,True,False,False,False,False,False,False,False
49,female,White,53.504241943359375,4.504241943359375,45-64,True,False,False,False,False,False,True,False,False,False,False,False,True,False,False,False
70,male,White,56.7712287902832,13.228771209716797,65-84,False,True,False,False,False,False,True,False,False,False,False,False,False,True,False,False
39,female,Black,28.684101104736328,10.315898895263672,35-44,True,False,False,True,False,False,False,False,False,False,False,True,False,False,False,False
16,male,Indian,21.513700485229492,5.513700485229492,5-17,False,True,False,False,True,False,False,False,True,False,False,False,False,False,False,False
27,male,White,30.957483291625977,3.9574832916259766,25-34,False,True,False,False,False,False,True,False,False,False,True,False,False,False,False,False
88,female,White,60.081485748291016,27.918514251708984,85-99,True,False,False,False,False,False,True,False,False,False,False,False,False,False,True,False
35,female,Asian,24.899993896484375,10.100006103515625,35-44,True,False,True,False,False,False,False,False,False,False,False,True,False,False,False,False
58,male,White,45.56305694580078,12.436943054199219,45-64,False,True,False,False,False,False,True,False,False,False,False,False,True,False,False,False
1,female,White,0.3991183638572693,0.6008816361427307,0-4,True,False,False,False,False,False,True,True,False,False,False,False,False,False,False,False
30,male,White,29.609121322631836,0.39087867736816406,25-34,False,True,False,False,False,False,True,False,False,False,True,False,False,False,False,False
59,male,White,52.91413879394531,6.0858612060546875,45-64,False,True,False,False,False,False,True,False,False,False,False,False,True,False,False,False
41,male,Indian,29.74024772644043,11.25975227355957,35-44,False,True,False,False,True,False,False,False,False,False,False,True,False,False,False,False
16,female,Black,11.864355087280273,4.135644912719727,5-17,True,False,False,True,False,False,False,False,True,False,False,False,False,False,False,False
6,female,Asian,22.881610870361328,16.881610870361328,5-17,True,False,True,False,False,False,False,False,True,False,False,False,False,False,False,False
24,male,White,21.579524993896484,2.4204750061035156,18-24,False,True,False,False,False,False,True,False,False,True,False,False,False,False,False,False
56,male,White,59.2408447265625,3.2408447265625,45-64,False,True,False,False,False,False,True,False,False,False,False,False,True,False,False,False
70,male,White,58.89784240722656,11.102157592773438,65-84,False,True,False,False,False,False,True,False,False,False,False,False,False,True,False,False
49,male,White,50.99872589111328,1.9987258911132812,45-64,False,True,False,False,False,False,True,False,False,False,False,False,True,False,False,False
15,male,White,26.275671005249023,11.275671005249023,5-17,False,True,False,False,False,False,True,False,True,False,False,False,False,False,False,False
78,female,Black,71.48285675048828,6.517143249511719,65-84,True,False,False,True,False,False,False,False,False,False,False,False,False,True,False,False
32,female,Black,22.03115463256836,9.96884536743164,25-34,True,False,False,True,False,False,False,False,False,False,True,False,False,False,False,False
26,male,White,22.155744552612305,3.8442554473876953,25-34,False,True,False,False,False,False,True,False,False,False,True,False,False,False,False,False
8,female,Others,9.804230690002441,1.8042306900024414,5-17,True,False,False,False,False,True,False,False,True,False,False,False,False,False,False,False
28,female,White,35.24831771850586,7.248317718505859,25-34,True,False,False,False,False,False,True,False,False,False,True,False,False,False,False,False
4,female,White,5.176707744598389,1.1767077445983887,0-4,True,False,False,False,False,False,True,True,False,False,False,False,False,False,False,False
23,female,White,27.1413631439209,4.141363143920898,18-24,True,False,False,False,False,False,True,False,False,True,False,False,False,False,False,False
24,male,Asian,22.188566207885742,1.8114337921142578,18-24,False,True,True,False,False,False,False,False,False,True,False,False,False,False,False,False
47,male,Indian,39.33279037475586,7.667209625244141,45-64,False,True,False,False,True,False,False,False,False,False,False,False,True,False,False,False
29,female,Asian,25.997539520263672,3.002460479736328,25-34,True,False,True,False,False,False,False,False,False,False,True,False,False,False,False,False
42,male,White,36.6071662902832,5.392833709716797,35-44,False,True,False,False,False,False,True,False,False,False,False,True,False,False,False,False
5,female,White,4.431451797485352,0.5685482025146484,5-17,True,False,False,False,False,False,True,False,True,False,False,False,False,False,False,False
60,male,White,58.73394775390625,1.26605224609375,45-64,False,True,False,False,False,False,True,False,False,False,False,False,True,False,False,False
39,male,Black,24.798480987548828,14.201519012451172,35-44,False,True,False,True,False,False,False,False,False,False,False,True,False,False,False,False
24,male,Black,30.286874771118164,6.286874771118164,18-24,False,True,False,True,False,False,False,False,False,True,False,False,False,False,False,False
26,female,Black,8.084470748901367,17.915529251098633,25-34,True,False,False,True,False,False,False,False,False,False,True,False,False,False,False,False
2,male,Others,15.637228012084961,13.637228012084961,0-4,False,True,False,False,False,True,False,True,False,False,False,False,False,False,False,False
41,male,White,30.604524612426758,10.395475387573242,35-44,False,True,False,False,False,False,True,False,False,False,False,True,False,False,False,False
2,male,White,1.9358874559402466,0.06411254405975342,0-4,False,True,False,False,False,False,True,True,False,False,False,False,False,False,False,False
14,male,White,22.735565185546875,8.735565185546875,5-17,False,True,False,False,False,False,True,False,True,False,False,False,False,False,False,False
40,female,Asian,38.411659240722656,1.5883407592773438,35-44,True,False,True,False,False,False,False,False,False,False,False,True,False,False,False,False
35,male,White,23.96767234802246,11.032327651977539,35-44,False,True,False,False,False,False,True,False,False,False,False,True,False,False,False,False
34,female,Black,24.226608276367188,9.773391723632812,25-34,True,False,False,True,False,False,False,False,False,False,True,False,False,False,False,False
1,male,Asian,0.20852285623550415,0.7914771437644958,0-4,False,True,True,False,False,False,False,True,False,False,False,False,False,False,False,False
53,male,Indian,50.30901336669922,2.6909866333007812,45-64,False,True,False,False,True,False,False,False,False,False,False,False,True,False,False,False
60,female,White,34.232574462890625,25.767425537109375,45-64,True,False,False,False,False,False,True,False,False,False,False,False,True,False,False,False
42,male,White,30.51397132873535,11.486028671264648,35-44,False,True,False,False,False,False,True,False,False,False,False,True,False,False,False,False
28,male,Black,26.34015655517578,1.6598434448242188,25-34,False,True,False,True,False,False,False,False,False,False,True,False,False,False,False,False
45,male,White,54.03954315185547,9.039543151855469,45-64,False,True,False,False,False,False,True,False,False,False,False,False,True,False,False,False
26,female,Indian,24.320327758789062,1.6796722412109375,25-34,True,False,False,False,True,False,False,False,False,False,True,False,False,False,False,False
40,male,White,27.794618606567383,12.205381393432617,35-44,False,True,False,False,False,False,True,False,False,False,False,True,False,False,False,False
65,male,White,57.396080017089844,7.603919982910156,65-84,False,True,False,False,False,False,True,False,False,False,False,False,False,True,False,False
65,male,White,53.880096435546875,11.119903564453125,65-84,False,True,False,False,False,False,True,False,False,False,False,False,False,True,False,False
58,male,White,50.35990524291992,7.640094757080078,45-64,False,True,False,False,False,False,True,False,False,False,False,False,True,False,False,False
1,male,White,1.4369510412216187,0.43695104122161865,0-4,False,True,False,False,False,False,True,True,False,False,False,False,False,False,False,False
26,male,Indian,32.892112731933594,6.892112731933594,25-34,False,True,False,False,True,False,False,False,False,False,True,False,False,False,False,False
26,male,White,29.016918182373047,3.016918182373047,25-34,False,True,False,False,False,False,True,False,False,False,True,False,False,False,False,False
25,female,Indian,25.341835021972656,0.34183502197265625,25-34,True,False,False,False,True,False,False,False,False,False,True,False,False,False,False,False
90,male,Asian,89.08670806884766,0.9132919311523438,85-99,False,True,True,False,False,False,False,False,False,False,False,False,False,False,True,False
19,male,Asian,21.863035202026367,2.863035202026367,18-24,False,True,True,False,False,False,False,False,False,True,False,False,False,False,False,False
40,female,Indian,41.51274871826172,1.5127487182617188,35-44,True,False,False,False,True,False,False,False,False,False,False,True,False,False,False,False
4,male,White,17.37070083618164,13.37070083618164,0-4,False,True,False,False,False,False,True,True,False,False,False,False,False,False,False,False
61,male,White,48.39078903198242,12.609210968017578,45-64,False,True,False,False,False,False,True,False,False,False,False,False,True,False,False,False
25,male,White,31.91844940185547,6.918449401855469,25-34,False,True,False,False,False,False,True,False,False,False,True,False,False,False,False,False
28,female,Black,28.037382125854492,0.03738212585449219,25-34,True,False,False,True,False,False,False,False,False,False,True,False,False,False,False,False
2,female,Black,0.8220008015632629,1.177999198436737,0-4,True,False,False,True,False,False,False,True,False,False,False,False,False,False,False,False
34,male,White,36.90589904785156,2.9058990478515625,25-34,False,True,False,False,False,False,True,False,False,False,True,False,False,False,False,False
37,male,Black,40.67875671386719,3.6787567138671875,35-44,False,True,False,True,False,False,False,False,False,False,False,True,False,False,False,False
31,male,White,28.668485641479492,2.331514358520508,25-34,False,True,False,False,False,False,True,False,False,False,True,False,False,False,False,False
60,male,Indian,53.01543045043945,6.984569549560547,45-64,False,True,False,False,True,False,False,False,False,False,False,False,True,False,False,False
2,male,Asian,1.5382407903671265,0.46175920963287354,0-4,False,True,True,False,False,False,False,True,False,False,False,False,False,False,False,False
29,male,Black,25.916175842285156,3.0838241577148438,25-34,False,True,False,True,False,False,False,False,False,False,True,False,False,False,False,False
38,female,White,45.14837646484375,7.14837646484375,35-44,True,False,False,False,False,False,True,False,False,False,False,True,False,False,False,False
32,female,Indian,33.880130767822266,1.8801307678222656,25-34,True,False,False,False,True,False,False,False,False,False,True,False,False,False,False,False
36,female,White,33.92298126220703,2.0770187377929688,35-44,True,False,False,False,False,False,True,False,False,False,False,True,False,False,False,False
56,male,Asian,51.222869873046875,4.777130126953125,45-64,False,True,True,False,False,False,False,False,False,False,False,False,True,False,False,False
34,male,Black,29.698152542114258,4.301847457885742,25-34,False,True,False,True,False,False,False,False,False,False,True,False,False,False,False,False
8,female,White,7.066839218139648,0.9331607818603516,5-17,True,False,False,False,False,False,True,False,True,False,False,False,False,False,False,False
30,male,Indian,26.701234817504883,3.298765182495117,25-34,False,True,False,False,True,False,False,False,False,False,True,False,False,False,False,False
28,male,Indian,39.21753692626953,11.217536926269531,25-34,False,True,False,False,True,False,False,False,False,False,True,False,False,False,False,False
53,female,Indian,38.56565856933594,14.434341430664062,45-64,True,False,False,False,True,False,False,False,False,False,False,False,True,False,False,False
63,male,Black,62.99498748779297,0.00501251220703125,45-64,False,True,False,True,False,False,False,False,False,False,False,False,True,False,False,False
24,male,Black,47.88074493408203,23.88074493408203,18-24,False,True,False,True,False,False,False,False,False,True,False,False,False,False,False,False
54,female,White,42.863792419433594,11.136207580566406,45-64,True,False,False,False,False,False,True,False,False,False,False,False,True,False,False,False
21,male,Black,22.580455780029297,1.5804557800292969,18-24,False,True,False,True,False,False,False,False,False,True,False,False,False,False,False,False
35,female,White,38.230438232421875,3.230438232421875,35-44,True,False,False,False,False,False,True,False,False,False,False,True,False,False,False,False
49,male,White,45.594451904296875,3.405548095703125,45-64,False,True,False,False,False,False,True,False,False,False,False,False,True,False,False,False
68,female,White,77.73014831542969,9.730148315429688,65-84,True,False,False,False,False,False,True,False,False,False,False,False,False,True,False,False
37,female,Indian,24.930273056030273,12.069726943969727,35-44,True,False,False,False,True,False,False,False,False,False,False,True,False,False,False,False
42,male,White,36.73265075683594,5.2673492431640625,35-44,False,True,False,False,False,False,True,False,False,False,False,True,False,False,False,False
39,female,White,23.35811996459961,15.64188003540039,35-44,True,False,False,False,False,False,True,False,False,False,False,True,False,False,False,False
11,female,White,8.351985931396484,2.6480140686035156,5-17,True,False,False,False,False,False,True,False,True,False,False,False,False,False,False,False
49,female,White,45.88072204589844,3.1192779541015625,45-64,True,False,False,False,False,False,True,False,False,False,False,False,True,False,False,False
54,male,Indian,30.94084930419922,23.05915069580078,45-64,False,True,False,False,True,False,False,False,False,False,False,False,True,False,False,False
64,male,Asian,61.349342346191406,2.6506576538085938,45-64,False,True,True,False,False,False,False,False,False,False,False,False,True,False,False,False
26,female,Asian,23.51805305480957,2.4819469451904297,25-34,True,False,True,False,False,False,False,False,False,False,True,False,False,False,False,False
20,female,Indian,25.2393741607666,5.239374160766602,18-24,True,False,False,False,True,False,False,False,False,True,False,False,False,False,False,False
51,male,White,49.199684143066406,1.8003158569335938,45-64,False,True,False,False,False,False,True,False,False,False,False,False,True,False,False,False
65,female,White,47.888397216796875,17.111602783203125,65-84,True,False,False,False,False,False,True,False,False,False,False,False,False,True,False,False
22,male,White,23.46845054626465,1.4684505462646484,18-24,False,True,False,False,False,False,True,False,False,True,False,False,False,False,False,False
28,female,Indian,32.23560333251953,4.235603332519531,25-34,True,False,False,False,True,False,False,False,False,False,True,False,False,False,False,False
71,male,White,69.2448501586914,1.7551498413085938,65-84,False,True,False,False,False,False,True,False,False,False,False,False,False,True,False,False
24,female,White,32.335723876953125,8.335723876953125,18-24,True,False,False,False,False,False,True,False,False,True,False,False,False,False,False,False
71,male,White,62.58329772949219,8.416702270507812,65-84,False,True,False,False,False,False,True,False,False,False,False,False,False,True,False,False
1,male,Asian,1.3182228803634644,0.31822288036346436,0-4,False,True,True,False,False,False,False,True,False,False,False,False,False,False,False,False
75,male,White,66.1412353515625,8.8587646484375,65-84,False,True,False,False,False,False,True,False,False,False,False,False,False,True,False,False
36,male,Black,31.872522354125977,4.127477645874023,35-44,False,True,False,True,False,False,False,False,False,False,False,True,False,False,False,False
39,female,White,45.20675277709961,6.206752777099609,35-44,True,False,False,False,False,False,True,False,False,False,False,True,False,False,False,False
26,female,Black,25.314146041870117,0.6858539581298828,25-34,True,False,False,True,False,False,False,False,False,False,True,False,False,False,False,False
14,female,Others,19.89644432067871,5.896444320678711,5-17,True,False,False,False,False,True,False,False,True,False,False,False,False,False,False,False
52,male,Indian,41.30677795410156,10.693222045898438,45-64,False,True,False,False,True,False,False,False,False,False,False,False,True,False,False,False
49,female,White,53.60243606567383,4.602436065673828,45-64,True,False,False,False,False,False,True,False,False,False,False,False,True,False,False,False
48,female,Others,43.194217681884766,4.805782318115234,45-64,True,False,False,False,False,True,False,False,False,False,False,False,True,False,False,False
31,male,Indian,30.602094650268555,0.3979053497314453,25-34,False,True,False,False,True,False,False,False,False,False,True,False,False,False,False,False
45,female,Black,26.814104080200195,18.185895919799805,45-64,True,False,False,True,False,False,False,False,False,False,False,False,True,False,False,False
24,female,Black,26.723875045776367,2.723875045776367,18-24,True,False,False,True,False,False,False,False,False,True,False,False,False,False,False,False
26,female,Indian,22.899341583251953,3.100658416748047,25-34,True,False,False,False,True,False,False,False,False,False,True,False,False,False,False,False
9,male,White,19.09147834777832,10.09147834777832,5-17,False,True,False,False,False,False,True,False,True,False,False,False,False,False,False,False
63,female,White,54.95461654663086,8.04538345336914,45-64,True,False,False,False,False,False,True,False,False,False,False,False,True,False,False,False
36,male,Black,28.67923355102539,7.320766448974609,35-44,False,True,False,True,False,False,False,False,False,False,False,True,False,False,False,False
26,female,Others,34.08185577392578,8.081855773925781,25-34,True,False,False,False,False,True,False,False,False,False,True,False,False,False,False,False
65,male,Black,53.6864128112793,11.313587188720703,65-84,False,True,False,True,False,False,False,False,False,False,False,False,False,True,False,False
43,male,Indian,25.697805404663086,17.302194595336914,35-44,False,True,False,False,True,False,False,False,False,False,False,True,False,False,False,False
2,male,White,1.751569390296936,0.24843060970306396,0-4,False,True,False,False,False,False,True,True,False,False,False,False,False,False,False,False
80,female,White,73.38436126708984,6.615638732910156,65-84,True,False,False,False,False,False,True,False,False,False,False,False,False,True,False,False
21,male,White,24.96119499206543,3.9611949920654297,18-24,False,True,False,False,False,False,True,False,False,True,False,False,False,False,False,False
25,male,Indian,26.98821258544922,1.9882125854492188,25-34,False,True,False,False,True,False,False,False,False,False,True,False,False,False,False,False
90,female,Asian,87.79448699951172,2.2055130004882812,85-99,True,False,True,False,False,False,False,False,False,False,False,False,False,False,True,False
23,female,Indian,25.533903121948242,2.533903121948242,18-24,True,False,False,False,True,False,False,False,False,True,False,False,False,False,False,False
34,male,Indian,32.91062545776367,1.0893745422363281,25-34,False,True,False,False,True,False,False,False,False,False,True,False,False,False,False,False
45,male,White,30.499921798706055,14.500078201293945,45-64,False,True,False,False,False,False,True,False,False,False,False,False,True,False,False,False
26,female,White,33.31044006347656,7.3104400634765625,25-34,True,False,False,False,False,False,True,False,False,False,True,False,False,False,False,False
28,female,Black,27.076475143432617,0.9235248565673828,25-34,True,False,False,True,False,False,False,False,False,False,True,False,False,False,False,False
18,female,White,21.715532302856445,3.7155323028564453,18-24,True,False,False,False,False,False,True,False,False,True,False,False,False,False,False,False
85,female,White,80.02417755126953,4.975822448730469,85-99,True,False,False,False,False,False,True,False,False,False,False,False,False,False,True,False
40,female,Black,30.29033088684082,9.70966911315918,35-44,True,False,False,True,False,False,False,False,False,False,False,True,False,False,False,False
17,male,White,46.3306884765625,29.3306884765625,5-17,False,True,False,False,False,False,True,False,True,False,False,False,False,False,False,False
30,female,White,25.89015007019043,4.10984992980957,25-34,True,False,False,False,False,False,True,False,False,False,True,False,False,False,False,False
57,male,Asian,60.072242736816406,3.0722427368164062,45-64,False,True,True,False,False,False,False,False,False,False,False,False,True,False,False,False
3,male,Indian,22.37592887878418,19.37592887878418,0-4,False,True,False,False,True,False,False,True,False,False,False,False,False,False,False,False
25,female,White,26.031835556030273,1.0318355560302734,25-34,True,False,False,False,False,False,True,False,False,False,True,False,False,False,False,False
4,female,White,8.106401443481445,4.106401443481445,0-4,True,False,False,False,False,False,True,True,False,False,False,False,False,False,False,False
45,male,Indian,38.07203674316406,6.9279632568359375,45-64,False,True,False,False,True,False,False,False,False,False,False,False,True,False,False,False
47,male,White,44.398597717285156,2.6014022827148438,45-64,False,True,False,False,False,False,True,False,False,False,False,False,True,False,False,False
34,female,Indian,32.912078857421875,1.087921142578125,25-34,True,False,False,False,True,False,False,False,False,False,True,False,False,False,False,False
39,male,Black,36.32770538330078,2.6722946166992188,35-44,False,True,False,True,False,False,False,False,False,False,False,True,False,False,False,False
29,male,Black,26.979951858520508,2.020048141479492,25-34,False,True,False,True,False,False,False,False,False,False,True,False,False,False,False,False
27,female,Black,26.988588333129883,0.011411666870117188,25-34,True,False,False,True,False,False,False,False,False,False,True,False,False,False,False,False
17,female,White,27.789648056030273,10.789648056030273,5-17,True,False,False,False,False,False,True,False,True,False,False,False,False,False,False,False
36,female,Black,24.804405212402344,11.195594787597656,35-44,True,False,False,True,False,False,False,False,False,False,False,True,False,False,False,False
1,male,Indian,0.4278888702392578,0.5721111297607422,0-4,False,True,False,False,True,False,False,True,False,False,False,False,False,False,False,False
31,male,Black,32.36370849609375,1.36370849609375,25-34,False,True,False,True,False,False,False,False,False,False,True,False,False,False,False,False
9,female,White,6.699326038360596,2.3006739616394043,5-17,True,False,False,False,False,False,True,False,True,False,False,False,False,False,False,False
45,male,Indian,29.63255500793457,15.36744499206543,45-64,False,True,False,False,True,False,False,False,False,False,False,False,True,False,False,False
29,female,Black,24.3952579498291,4.604742050170898,25-34,True,False,False,True,False,False,False,False,False,False,True,False,False,False,False,False
32,male,Others,31.64462661743164,0.3553733825683594,25-34,False,True,False,False,False,True,False,False,False,False,True,False,False,False,False,False
1,male,Indian,0.6087105870246887,0.3912894129753113,0-4,False,True,False,False,True,False,False,True,False,False,False,False,False,False,False,False
29,female,White,24.607315063476562,4.3926849365234375,25-34,True,False,False,False,False,False,True,False,False,False,True,False,False,False,False,False
1,male,Asian,0.5675321221351624,0.43246787786483765,0-4,False,True,True,False,False,False,False,True,False,False,False,False,False,False,False,False
17,female,White,22.071603775024414,5.071603775024414,5-17,True,False,False,False,False,False,True,False,True,False,False,False,False,False,False,False
78,male,White,70.63697052001953,7.363029479980469,65-84,False,True,False,False,False,False,True,False,False,False,False,False,False,True,False,False
53,male,Indian,43.50465393066406,9.495346069335938,45-64,False,True,False,False,True,False,False,False,False,False,False,False,True,False,False,False
26,male,Others,25.236663818359375,0.763336181640625,25-34,False,True,False,False,False,True,False,False,False,False,True,False,False,False,False,False
25,female,White,23.019685745239258,1.9803142547607422,25-34,True,False,False,False,False,False,True,False,False,False,True,False,False,False,False,False
75,female,White,65.58386993408203,9.416130065917969,65-84,True,False,False,False,False,False,True,False,False,False,False,False,False,True,False,False
50,male,Indian,37.881526947021484,12.118473052978516,45-64,False,True,False,False,True,False,False,False,False,False,False,False,True,False,False,False
39,female,Asian,26.36210060119629,12.637899398803711,35-44,True,False,True,False,False,False,False,False,False,False,False,True,False,False,False,False
36,female,Black,31.680994033813477,4.319005966186523,35-44,True,False,False,True,False,False,False,False,False,False,False,True,False,False,False,False
78,male,White,38.31108856201172,39.68891143798828,65-84,False,True,False,False,False,False,True,False,False,False,False,False,False,True,False,False
62,male,White,60.30309295654297,1.6969070434570312,45-64,False,True,False,False,False,False,True,False,False,False,False,False,True,False,False,False
32,male,Black,27.1656436920166,4.834356307983398,25-34,False,True,False,True,False,False,False,False,False,False,True,False,False,False,False,False
35,male,White,42.29828643798828,7.298286437988281,35-44,False,True,False,False,False,False,True,False,False,False,False,True,False,False,False,False
67,male,White,75.43324279785156,8.433242797851562,65-84,False,True,False,False,False,False,True,False,False,False,False,False,False,True,False,False
1,female,White,-0.6319432854652405,1.6319432854652405,0-4,True,False,False,False,False,False,True,True,False,False,False,False,False,False,False,False
1,female,White,30.69078254699707,29.69078254699707,0-4,True,False,False,False,False,False,True,True,False,False,False,False,False,False,False,False
42,male,White,43.24628829956055,1.2462882995605469,35-44,False,True,False,False,False,False,True,False,False,False,False,True,False,False,False,False
27,female,White,26.033544540405273,0.9664554595947266,25-34,True,False,False,False,False,False,True,False,False,False,True,False,False,False,False,False
4,female,Others,6.677314758300781,2.6773147583007812,0-4,True,False,False,False,False,True,False,True,False,False,False,False,False,False,False,False
53,male,White,51.4138069152832,1.5861930847167969,45-64,False,True,False,False,False,False,True,False,False,False,False,False,True,False,False,False
90,male,White,75.64765167236328,14.352348327636719,85-99,False,True,False,False,False,False,True,False,False,False,False,False,False,False,True,False
35,male,Asian,33.88920211791992,1.1107978820800781,35-44,False,True,True,False,False,False,False,False,False,False,False,True,False,False,False,False
54,male,Indian,41.87914276123047,12.120857238769531,45-64,False,True,False,False,True,False,False,False,False,False,False,False,True,False,False,False
26,male,Black,34.04847717285156,8.048477172851562,25-34,False,True,False,True,False,False,False,False,False,False,True,False,False,False,False,False
80,female,White,87.22772979736328,7.227729797363281,65-84,True,False,False,False,False,False,True,False,False,False,False,False,False,True,False,False
37,female,White,41.67698669433594,4.6769866943359375,35-44,True,False,False,False,False,False,True,False,False,False,False,True,False,False,False,False
35,female,Asian,27.11143684387207,7.88856315612793,35-44,True,False,True,False,False,False,False,False,False,False,False,True,False,False,False,False
40,male,Black,38.2573127746582,1.7426872253417969,35-44,False,True,False,True,False,False,False,False,False,False,False,True,False,False,False,False
27,female,White,26.15495491027832,0.8450450897216797,25-34,True,False,False,False,False,False,True,False,False,False,True,False,False,False,False,False
29,male,Asian,36.0570182800293,7.057018280029297,25-34,False,True,True,False,False,False,False,False,False,False,True,False,False,False,False,False
28,male,Indian,37.27471160888672,9.274711608886719,25-34,False,True,False,False,True,False,False,False,False,False,True,False,False,False,False,False
38,female,Asian,41.39611053466797,3.3961105346679688,35-44,True,False,True,False,False,False,False,False,False,False,False,True,False,False,False,False
24,female,Others,26.113685607910156,2.1136856079101562,18-24,True,False,False,False,False,True,False,False,False,True,False,False,False,False,False,False
90,male,White,58.8607177734375,31.1392822265625,85-99,False,True,False,False,False,False,True,False,False,False,False,False,False,False,True,False
26,female,Others,31.058273315429688,5.0582733154296875,25-34,True,False,False,False,False,True,False,False,False,False,True,False,False,False,False,False
32,male,White,39.50050735473633,7.500507354736328,25-34,False,True,False,False,False,False,True,False,False,False,True,False,False,False,False,False
1,female,Indian,2.467291831970215,1.4672918319702148,0-4,True,False,False,False,True,False,False,True,False,False,False,False,False,False,False,False
12,female,Others,14.084615707397461,2.084615707397461,5-17,True,False,False,False,False,True,False,False,True,False,False,False,False,False,False,False
28,male,Indian,20.8872127532959,7.112787246704102,25-34,False,True,False,False,True,False,False,False,False,False,True,False,False,False,False,False
3,female,Asian,2.641592502593994,0.35840749740600586,0-4,True,False,True,False,False,False,False,True,False,False,False,False,False,False,False,False
21,male,Asian,33.071224212646484,12.071224212646484,18-24,False,True,True,False,False,False,False,False,False,True,False,False,False,False,False,False
25,male,Black,24.29005241394043,0.7099475860595703,25-34,False,True,False,True,False,False,False,False,False,False,True,False,False,False,False,False
55,male,White,53.025169372558594,1.9748306274414062,45-64,False,True,False,False,False,False,True,False,False,False,False,False,True,False,False,False
45,female,White,55.66181945800781,10.661819458007812,45-64,True,False,False,False,False,False,True,False,False,False,False,False,True,False,False,False
3,female,Asian,5.077138900756836,2.077138900756836,0-4,True,False,True,False,False,False,False,True,False,False,False,False,False,False,False,False
27,female,White,28.406648635864258,1.4066486358642578,25-34,True,False,False,False,False,False,True,False,False,False,True,False,False,False,False,False
28,male,Indian,31.545915603637695,3.5459156036376953,25-34,False,True,False,False,True,False,False,False,False,False,True,False,False,False,False,False
26,female,Black,21.471311569213867,4.528688430786133,25-34,True,False,False,True,False,False,False,False,False,False,True,False,False,False,False,False
14,female,White,6.731314659118652,7.268685340881348,5-17,True,False,False,False,False,False,True,False,True,False,False,False,False,False,False,False
44,male,Indian,42.271514892578125,1.728485107421875,35-44,False,True,False,False,True,False,False,False,False,False,False,True,False,False,False,False
60,male,White,58.01671600341797,1.9832839965820312,45-64,False,True,False,False,False,False,True,False,False,False,False,False,True,False,False,False
53,female,White,50.99446105957031,2.0055389404296875,45-64,True,False,False,False,False,False,True,False,False,False,False,False,True,False,False,False
42,female,Indian,21.628965377807617,20.371034622192383,35-44,True,False,False,False,True,False,False,False,False,False,False,True,False,False,False,False
35,male,White,41.47763442993164,6.477634429931641,35-44,False,True,False,False,False,False,True,False,False,False,False,True,False,False,False,False
38,female,Others,33.35124969482422,4.648750305175781,35-44,True,False,False,False,False,True,False,False,False,False,False,True,False,False,False,False
35,male,White,20.6369571685791,14.363042831420898,35-44,False,True,False,False,False,False,True,False,False,False,False,True,False,False,False,False
27,female,White,27.245046615600586,0.24504661560058594,25-34,True,False,False,False,False,False,True,False,False,False,True,False,False,False,False,False
29,female,White,26.11232566833496,2.887674331665039,25-34,True,False,False,False,False,False,True,False,False,False,True,False,False,False,False,False
2,female,Indian,4.0416669845581055,2.0416669845581055,0-4,True,False,False,False,True,False,False,True,False,False,False,False,False,False,False,False
1,female,Asian,12.53564453125,11.53564453125,0-4,True,False,True,False,False,False,False,True,False,False,False,False,False,False,False,False
40,male,White,37.15546417236328,2.8445358276367188,35-44,False,True,False,False,False,False,True,False,False,False,False,True,False,False,False,False
60,female,White,67.27340698242188,7.273406982421875,45-64,True,False,False,False,False,False,True,False,False,False,False,False,True,False,False,False
32,male,Black,43.47001647949219,11.470016479492188,25-34,False,True,False,True,False,False,False,False,False,False,True,False,False,False,False,False
4,female,Asian,2.3060102462768555,1.6939897537231445,0-4,True,False,True,False,False,False,False,True,False,False,False,False,False,False,False,False
54,male,White,62.262489318847656,8.262489318847656,45-64,False,True,False,False,False,False,True,False,False,False,False,False,True,False,False,False
65,female,White,69.0311508178711,4.031150817871094,65-84,True,False,False,False,False,False,True,False,False,False,False,False,False,True,False,False
60,female,White,53.96758270263672,6.032417297363281,45-64,True,False,False,False,False,False,True,False,False,False,False,False,True,False,False,False
30,male,Black,27.119333267211914,2.880666732788086,25-34,False,True,False,True,False,False,False,False,False,False,True,False,False,False,False,False
1,female,Indian,4.833377838134766,3.8333778381347656,0-4,True,False,False,False,True,False,False,True,False,False,False,False,False,False,False,False
30,female,Asian,26.36457633972168,3.6354236602783203,25-34,True,False,True,False,False,False,False,False,False,False,True,False,False,False,False,False
16,male,White,23.303796768188477,7.303796768188477,5-17,False,True,False,False,False,False,True,False,True,False,False,False,False,False,False,False
57,female,White,59.27137756347656,2.2713775634765625,45-64,True,False,False,False,False,False,True,False,False,False,False,False,True,False,False,False
45,male,Indian,34.24821472167969,10.751785278320312,45-64,False,True,False,False,True,False,False,False,False,False,False,False,True,False,False,False
41,female,White,56.21688461303711,15.21688461303711,35-44,True,False,False,False,False,False,True,False,False,False,False,True,False,False,False,False
48,male,White,50.39823532104492,2.398235321044922,45-64,False,True,False,False,False,False,True,False,False,False,False,False,True,False,False,False
75,male,White,70.1344223022461,4.865577697753906,65-84,False,True,False,False,False,False,True,False,False,False,False,False,False,True,False,False
5,female,Others,6.676344871520996,1.676344871520996,5-17,True,False,False,False,False,True,False,False,True,False,False,False,False,False,False,False
20,female,White,25.95594596862793,5.95594596862793,18-24,True,False,False,False,False,False,True,False,False,True,False,False,False,False,False,False
35,female,White,44.526451110839844,9.526451110839844,35-44,True,False,False,False,False,False,True,False,False,False,False,True,False,False,False,False
26,female,Others,25.798532485961914,0.20146751403808594,25-34,True,False,False,False,False,True,False,False,False,False,True,False,False,False,False,False
45,female,Black,26.699764251708984,18.300235748291016,45-64,True,False,False,True,False,False,False,False,False,False,False,False,True,False,False,False
70,male,White,57.22008514404297,12.779914855957031,65-84,False,True,False,False,False,False,True,False,False,False,False,False,False,True,False,False
24,female,Indian,25.864988327026367,1.8649883270263672,18-24,True,False,False,False,True,False,False,False,False,True,False,False,False,False,False,False
54,male,White,53.747718811035156,0.25228118896484375,45-64,False,True,False,False,False,False,True,False,False,False,False,False,True,False,False,False
26,female,White,21.43693733215332,4.56306266784668,25-34,True,False,False,False,False,False,True,False,False,False,True,False,False,False,False,False
2,male,Others,0.8235213160514832,1.1764786839485168,0-4,False,True,False,False,False,True,False,True,False,False,False,False,False,False,False,False
55,male,White,60.30210494995117,5.302104949951172,45-64,False,True,False,False,False,False,True,False,False,False,False,False,True,False,False,False
10,male,White,9.755289077758789,0.24471092224121094,5-17,False,True,False,False,False,False,True,False,True,False,False,False,False,False,False,False
70,female,White,42.25354766845703,27.74645233154297,65-84,True,False,False,False,False,False,True,False,False,False,False,False,False,True,False,False
29,female,Black,25.099483489990234,3.9005165100097656,25-34,True,False,False,True,False,False,False,False,False,False,True,False,False,False,False,False
40,male,Indian,42.7525634765625,2.7525634765625,35-44,False,True,False,False,True,False,False,False,False,False,False,True,False,False,False,False
41,male,Asian,41.589515686035156,0.5895156860351562,35-44,False,True,True,False,False,False,False,False,False,False,False,True,False,False,False,False
30,female,Black,30.834089279174805,0.8340892791748047,25-34,True,False,False,True,False,False,False,False,False,False,True,False,False,False,False,False
32,female,White,37.675498962402344,5.675498962402344,25-34,True,False,False,False,False,False,True,False,False,False,True,False,False,False,False,False
22,male,Black,24.499677658081055,2.4996776580810547,18-24,False,True,False,True,False,False,False,False,False,True,False,False,False,False,False,False
50,male,White,53.96491241455078,3.9649124145507812,45-64,False,True,False,False,False,False,True,False,False,False,False,False,True,False,False,False
36,female,Black,29.634197235107422,6.365802764892578,35-44,True,False,False,True,False,False,False,False,False,False,False,True,False,False,False,False
45,male,White,36.50275421142578,8.497245788574219,45-64,False,True,False,False,False,False,True,False,False,False,False,False,True,False,False,False
1,female,White,2.570387363433838,1.570387363433838,0-4,True,False,False,False,False,False,True,True,False,False,False,False,False,False,False,False
74,male,White,59.47007369995117,14.529926300048828,65-84,False,True,False,False,False,False,True,False,False,False,False,False,False,True,False,False
28,male,Black,23.427400588989258,4.572599411010742,25-34,False,True,False,True,False,False,False,False,False,False,True,False,False,False,False,False
27,female,White,22.142866134643555,4.857133865356445,25-34,True,False,False,False,False,False,True,False,False,False,True,False,False,False,False,False
27,female,Asian,24.340776443481445,2.6592235565185547,25-34,True,False,True,False,False,False,False,False,False,False,True,False,False,False,False,False
37,female,Black,14.134450912475586,22.865549087524414,35-44,True,False,False,True,False,False,False,False,False,False,False,True,False,False,False,False
8,female,White,8.973466873168945,0.9734668731689453,5-17,True,False,False,False,False,False,True,False,True,False,False,False,False,False,False,False
33,male,White,40.14444351196289,7.144443511962891,25-34,False,True,False,False,False,False,True,False,False,False,True,False,False,False,False,False
26,male,Indian,37.220157623291016,11.220157623291016,25-34,False,True,False,False,True,False,False,False,False,False,True,False,False,False,False,False
30,female,White,23.418397903442383,6.581602096557617,25-34,True,False,False,False,False,False,True,False,False,False,True,False,False,False,False,False
28,female,White,23.331846237182617,4.668153762817383,25-34,True,False,False,False,False,False,True,False,False,False,True,False,False,False,False,False
32,male,Black,24.972036361694336,7.027963638305664,25-34,False,True,False,True,False,False,False,False,False,False,True,False,False,False,False,False
29,female,Indian,21.035493850708008,7.964506149291992,25-34,True,False,False,False,True,False,False,False,False,False,True,False,False,False,False,False
1,male,Asian,0.7398543357849121,0.2601456642150879,0-4,False,True,True,False,False,False,False,True,False,False,False,False,False,False,False,False
28,male,White,24.611392974853516,3.3886070251464844,25-34,False,True,False,False,False,False,True,False,False,False,True,False,False,False,False,False
24,male,Indian,25.4903564453125,1.4903564453125,18-24,False,True,False,False,True,False,False,False,False,True,False,False,False,False,False,False
29,female,Black,30.803016662597656,1.8030166625976562,25-34,True,False,False,True,False,False,False,False,False,False,True,False,False,False,False,False
71,female,Indian,55.78492736816406,15.215072631835938,65-84,True,False,False,False,True,False,False,False,False,False,False,False,False,True,False,False
1,male,Others,0.20579196512699127,0.7942080348730087,0-4,False,True,False,False,False,True,False,True,False,False,False,False,False,False,False,False
34,male,Asian,28.440614700317383,5.559385299682617,25-34,False,True,True,False,False,False,False,False,False,False,True,False,False,False,False,False
62,male,White,61.2022819519043,0.7977180480957031,45-64,False,True,False,False,False,False,True,False,False,False,False,False,True,False,False,False
23,female,White,18.78118324279785,4.218816757202148,18-24,True,False,False,False,False,False,True,False,False,True,False,False,False,False,False,False
36,male,White,47.033843994140625,11.033843994140625,35-44,False,True,False,False,False,False,True,False,False,False,False,True,False,False,False,False
28,female,Asian,25.049331665039062,2.9506683349609375,25-34,True,False,True,False,False,False,False,False,False,False,True,False,False,False,False,False
67,female,White,56.676475524902344,10.323524475097656,65-84,True,False,False,False,False,False,True,False,False,False,False,False,False,True,False,False
41,female,Indian,27.01553726196289,13.98446273803711,35-44,True,False,False,False,True,False,False,False,False,False,False,True,False,False,False,False
24,female,Asian,23.681528091430664,0.31847190856933594,18-24,True,False,True,False,False,False,False,False,False,True,False,False,False,False,False,False
31,female,Others,28.146238327026367,2.853761672973633,25-34,True,False,False,False,False,True,False,False,False,False,True,False,False,False,False,False
56,male,Black,54.333152770996094,1.6668472290039062,45-64,False,True,False,True,False,False,False,False,False,False,False,False,True,False,False,False
54,female,White,48.48833084106445,5.511669158935547,45-64,True,False,False,False,False,False,True,False,False,False,False,False,True,False,False,False
26,female,Indian,24.378992080688477,1.6210079193115234,25-34,True,False,False,False,True,False,False,False,False,False,True,False,False,False,False,False
89,male,Black,63.15172576904297,25.84827423095703,85-99,False,True,False,True,False,False,False,False,False,False,False,False,False,False,True,False
35,male,White,30.9928035736084,4.007196426391602,35-44,False,True,False,False,False,False,True,False,False,False,False,True,False,False,False,False
65,male,Black,58.65523910522461,6.344760894775391,65-84,False,True,False,True,False,False,False,False,False,False,False,False,False,True,False,False
12,female,White,10.363090515136719,1.6369094848632812,5-17,True,False,False,False,False,False,True,False,True,False,False,False,False,False,False,False
21,female,White,23.366003036499023,2.3660030364990234,18-24,True,False,False,False,False,False,True,False,False,True,False,False,False,False,False,False
3,female,White,14.20102596282959,11.20102596282959,0-4,True,False,False,False,False,False,True,True,False,False,False,False,False,False,False,False
25,female,Asian,25.522274017333984,0.5222740173339844,25-34,True,False,True,False,False,False,False,False,False,False,True,False,False,False,False,False
11,male,White,9.675283432006836,1.324716567993164,5-17,False,True,False,False,False,False,True,False,True,False,False,False,False,False,False,False
65,male,White,42.285980224609375,22.714019775390625,65-84,False,True,False,False,False,False,True,False,False,False,False,False,False,True,False,False
55,female,White,37.21602249145508,17.783977508544922,45-64,True,False,False,False,False,False,True,False,False,False,False,False,True,False,False,False
39,female,White,48.59232711791992,9.592327117919922,35-44,True,False,False,False,False,False,True,False,False,False,False,True,False,False,False,False
4,male,White,5.0511674880981445,1.0511674880981445,0-4,False,True,False,False,False,False,True,True,False,False,False,False,False,False,False,False
1,male,Indian,5.601602554321289,4.601602554321289,0-4,False,True,False,False,True,False,False,True,False,False,False,False,False,False,False,False
31,female,Black,35.50318908691406,4.5031890869140625,25-34,True,False,False,True,False,False,False,False,False,False,True,False,False,False,False,False
22,female,Indian,27.856626510620117,5.856626510620117,18-24,True,False,False,False,True,False,False,False,False,True,False,False,False,False,False,False
60,male,White,49.120948791503906,10.879051208496094,45-64,False,True,False,False,False,False,True,False,False,False,False,False,True,False,False,False
12,female,White,14.92465877532959,2.92465877532959,5-17,True,False,False,False,False,False,True,False,True,False,False,False,False,False,False,False
54,male,Indian,57.6795654296875,3.6795654296875,45-64,False,True,False,False,True,False,False,False,False,False,False,False,True,False,False,False
24,female,White,25.0894832611084,1.0894832611083984,18-24,True,False,False,False,False,False,True,False,False,True,False,False,False,False,False,False
75,male,Black,67.76216125488281,7.2378387451171875,65-84,False,True,False,True,False,False,False,False,False,False,False,False,False,True,False,False
45,male,White,42.41571044921875,2.58428955078125,45-64,False,True,False,False,False,False,True,False,False,False,False,False,True,False,False,False
22,female,Black,21.49595832824707,0.5040416717529297,18-24,True,False,False,True,False,False,False,False,False,True,False,False,False,False,False,False
1,female,Black,1.8477023839950562,0.8477023839950562,0-4,True,False,False,True,False,False,False,True,False,False,False,False,False,False,False,False
45,female,Black,29.97612190246582,15.02387809753418,45-64,True,False,False,True,False,False,False,False,False,False,False,False,True,False,False,False
26,male,Others,33.393714904785156,7.393714904785156,25-34,False,True,False,False,False,True,False,False,False,False,True,False,False,False,False,False
8,female,White,9.948507308959961,1.948507308959961,5-17,True,False,False,False,False,False,True,False,True,False,False,False,False,False,False,False
76,male,White,46.148040771484375,29.851959228515625,65-84,False,True,False,False,False,False,True,False,False,False,False,False,False,True,False,False
58,male,White,55.86501693725586,2.1349830627441406,45-64,False,True,False,False,False,False,True,False,False,False,False,False,True,False,False,False
28,male,Indian,27.272512435913086,0.7274875640869141,25-34,False,True,False,False,True,False,False,False,False,False,True,False,False,False,False,False
35,male,White,28.111431121826172,6.888568878173828,35-44,False,True,False,False,False,False,True,False,False,False,False,True,False,False,False,False
28,female,Asian,24.823986053466797,3.176013946533203,25-34,True,False,True,False,False,False,False,False,False,False,True,False,False,False,False,False
35,male,White,44.18451690673828,9.184516906738281,35-44,False,True,False,False,False,False,True,False,False,False,False,True,False,False,False,False
51,male,White,43.852027893066406,7.147972106933594,45-64,False,True,False,False,False,False,True,False,False,False,False,False,True,False,False,False
80,female,White,80.04403686523438,0.044036865234375,65-84,True,False,False,False,False,False,True,False,False,False,False,False,False,True,False,False
8,female,White,5.009363174438477,2.9906368255615234,5-17,True,False,False,False,False,False,True,False,True,False,False,False,False,False,False,False
90,male,Black,61.391746520996094,28.608253479003906,85-99,False,True,False,True,False,False,False,False,False,False,False,False,False,False,True,False
25,male,Others,25.940305709838867,0.9403057098388672,25-34,False,True,False,False,False,True,False,False,False,False,True,False,False,False,False,False
32,male,Black,30.962331771850586,1.037668228149414,25-34,False,True,False,True,False,False,False,False,False,False,True,False,False,False,False,False
26,male,White,24.641347885131836,1.358652114868164,25-34,False,True,False,False,False,False,True,False,False,False,True,False,False,False,False,False
21,male,White,26.03415298461914,5.034152984619141,18-24,False,True,False,False,False,False,True,False,False,True,False,False,False,False,False,False
19,female,White,18.52867317199707,0.4713268280029297,18-24,True,False,False,False,False,False,True,False,False,True,False,False,False,False,False,False
13,female,White,19.85312843322754,6.853128433227539,5-17,True,False,False,False,False,False,True,False,True,False,False,False,False,False,False,False
39,male,White,24.007326126098633,14.992673873901367,35-44,False,True,False,False,False,False,True,False,False,False,False,True,False,False,False,False
25,male,Others,27.800582885742188,2.8005828857421875,25-34,False,True,False,False,False,True,False,False,False,False,True,False,False,False,False,False
47,male,White,56.02416229248047,9.024162292480469,45-64,False,True,False,False,False,False,True,False,False,False,False,False,True,False,False,False
43,male,White,52.6468505859375,9.6468505859375,35-44,False,True,False,False,False,False,True,False,False,False,False,True,False,False,False,False
1,male,Asian,-0.15529488027095795,1.155294880270958,0-4,False,True,True,False,False,False,False,True,False,False,False,False,False,False,False,False
2,male,Asian,23.837234497070312,21.837234497070312,0-4,False,True,True,False,False,False,False,True,False,False,False,False,False,False,False,False
38,male,Black,39.33108139038086,1.3310813903808594,35-44,False,True,False,True,False,False,False,False,False,False,False,True,False,False,False,False
10,male,White,24.753902435302734,14.753902435302734,5-17,False,True,False,False,False,False,True,False,True,False,False,False,False,False,False,False
70,female,White,54.74473571777344,15.255264282226562,65-84,True,False,False,False,False,False,True,False,False,False,False,False,False,True,False,False
23,male,Indian,24.396265029907227,1.3962650299072266,18-24,False,True,False,False,True,False,False,False,False,True,False,False,False,False,False,False
21,female,Black,22.408309936523438,1.4083099365234375,18-24,True,False,False,True,False,False,False,False,False,True,False,False,False,False,False,False
25,female,Asian,22.783716201782227,2.2162837982177734,25-34,True,False,True,False,False,False,False,False,False,False,True,False,False,False,False,False
26,female,Black,22.60175895690918,3.3982410430908203,25-34,True,False,False,True,False,False,False,False,False,False,True,False,False,False,False,False
30,female,Asian,27.025270462036133,2.974729537963867,25-34,True,False,True,False,False,False,False,False,False,False,True,False,False,False,False,False
72,female,White,57.16423034667969,14.835769653320312,65-84,True,False,False,False,False,False,True,False,False,False,False,False,False,True,False,False
9,male,White,4.368289947509766,4.631710052490234,5-17,False,True,False,False,False,False,True,False,True,False,False,False,False,False,False,False
24,male,White,21.504745483398438,2.4952545166015625,18-24,False,True,False,False,False,False,True,False,False,True,False,False,False,False,False,False
43,male,Others,54.04743194580078,11.047431945800781,35-44,False,True,False,False,False,True,False,False,False,False,False,True,False,False,False,False
42,male,White,35.93400573730469,6.0659942626953125,35-44,False,True,False,False,False,False,True,False,False,False,False,True,False,False,False,False
3,female,Asian,3.534726619720459,0.534726619720459,0-4,True,False,True,False,False,False,False,True,False,False,False,False,False,False,False,False
40,male,White,37.79669189453125,2.20330810546875,35-44,False,True,False,False,False,False,True,False,False,False,False,True,False,False,False,False
45,male,Black,43.318077087402344,1.6819229125976562,45-64,False,True,False,True,False,False,False,False,False,False,False,False,True,False,False,False
43,male,Indian,37.559715270996094,5.440284729003906,35-44,False,True,False,False,True,False,False,False,False,False,False,True,False,False,False,False
85,male,Asian,84.42868041992188,0.571319580078125,85-99,False,True,True,False,False,False,False,False,False,False,False,False,False,False,True,False
55,male,Black,50.980098724365234,4.019901275634766,45-64,False,True,False,True,False,False,False,False,False,False,False,False,True,False,False,False
18,female,White,17.86443328857422,0.13556671142578125,18-24,True,False,False,False,False,False,True,False,False,True,False,False,False,False,False,False
37,male,White,40.63690185546875,3.63690185546875,35-44,False,True,False,False,False,False,True,False,False,False,False,True,False,False,False,False
4,female,White,2.9785380363464355,1.0214619636535645,0-4,True,False,False,False,False,False,True,True,False,False,False,False,False,False,False,False
30,female,Black,28.45842170715332,1.5415782928466797,25-34,True,False,False,True,False,False,False,False,False,False,True,False,False,False,False,False
26,male,White,44.03754425048828,18.03754425048828,25-34,False,True,False,False,False,False,True,False,False,False,True,False,False,False,False,False
26,male,Black,21.527786254882812,4.4722137451171875,25-34,False,True,False,True,False,False,False,False,False,False,True,False,False,False,False,False
64,female,White,63.86775207519531,0.1322479248046875,45-64,True,False,False,False,False,False,True,False,False,False,False,False,True,False,False,False
26,male,White,32.496585845947266,6.496585845947266,25-34,False,True,False,False,False,False,True,False,False,False,True,False,False,False,False,False
58,male,White,44.9918212890625,13.0081787109375,45-64,False,True,False,False,False,False,True,False,False,False,False,False,True,False,False,False
23,female,Indian,26.009565353393555,3.0095653533935547,18-24,True,False,False,False,True,False,False,False,False,True,False,False,False,False,False,False
16,female,White,25.760576248168945,9.760576248168945,5-17,True,False,False,False,False,False,True,False,True,False,False,False,False,False,False,False
37,male,White,30.45952796936035,6.540472030639648,35-44,False,True,False,False,False,False,True,False,False,False,False,True,False,False,False,False
50,female,White,33.894073486328125,16.105926513671875,45-64,True,False,False,False,False,False,True,False,False,False,False,False,True,False,False,False
37,female,White,35.91007614135742,1.0899238586425781,35-44,True,False,False,False,False,False,True,False,False,False,False,True,False,False,False,False
95,female,Asian,81.99185943603516,13.008140563964844,85-99,True,False,True,False,False,False,False,False,False,False,False,False,False,False,True,False
28,male,White,22.451292037963867,5.548707962036133,25-34,False,True,False,False,False,False,True,False,False,False,True,False,False,False,False,False
1,male,White,2.3087873458862305,1.3087873458862305,0-4,False,True,False,False,False,False,True,True,False,False,False,False,False,False,False,False
35,male,Indian,24.319355010986328,10.680644989013672,35-44,False,True,False,False,True,False,False,False,False,False,False,True,False,False,False,False
29,male,Indian,30.099668502807617,1.0996685028076172,25-34,False,True,False,False,True,False,False,False,False,False,True,False,False,False,False,False
50,male,White,55.78950500488281,5.7895050048828125,45-64,False,True,False,False,False,False,True,False,False,False,False,False,True,False,False,False
32,male,Indian,30.848148345947266,1.1518516540527344,25-34,False,True,False,False,True,False,False,False,False,False,True,False,False,False,False,False
32,female,White,20.312837600708008,11.687162399291992,25-34,True,False,False,False,False,False,True,False,False,False,True,False,False,False,False,False
1,male,Asian,1.1098328828811646,0.10983288288116455,0-4,False,True,True,False,False,False,False,True,False,False,False,False,False,False,False,False
68,male,White,56.316505432128906,11.683494567871094,65-84,False,True,False,False,False,False,True,False,False,False,False,False,False,True,False,False
46,male,White,46.1154670715332,0.11546707153320312,45-64,False,True,False,False,False,False,True,False,False,False,False,False,True,False,False,False
61,male,Black,41.73475646972656,19.265243530273438,45-64,False,True,False,True,False,False,False,False,False,False,False,False,True,False,False,False
54,male,White,49.35063552856445,4.649364471435547,45-64,False,True,False,False,False,False,True,False,False,False,False,False,True,False,False,False
28,male,Asian,27.25269889831543,0.7473011016845703,25-34,False,True,True,False,False,False,False,False,False,False,True,False,False,False,False,False
11,male,White,5.249908924102783,5.750091075897217,5-17,False,True,False,False,False,False,True,False,True,False,False,False,False,False,False,False
35,male,Indian,36.606353759765625,1.606353759765625,35-44,False,True,False,False,True,False,False,False,False,False,False,True,False,False,False,False
58,male,Indian,64.0355453491211,6.035545349121094,45-64,False,True,False,False,True,False,False,False,False,False,False,False,True,False,False,False
29,male,Black,44.026798248291016,15.026798248291016,25-34,False,True,False,True,False,False,False,False,False,False,True,False,False,False,False,False
53,male,White,65.5692367553711,12.569236755371094,45-64,False,True,False,False,False,False,True,False,False,False,False,False,True,False,False,False
46,male,Indian,36.56342697143555,9.436573028564453,45-64,False,True,False,False,True,False,False,False,False,False,False,False,True,False,False,False
30,female,Others,35.30506134033203,5.305061340332031,25-34,True,False,False,False,False,True,False,False,False,False,True,False,False,False,False,False
42,female,White,19.48163414001465,22.51836585998535,35-44,True,False,False,False,False,False,True,False,False,False,False,True,False,False,False,False
35,female,Black,25.6528263092041,9.347173690795898,35-44,True,False,False,True,False,False,False,False,False,False,False,True,False,False,False,False
29,female,White,41.22515106201172,12.225151062011719,25-34,True,False,False,False,False,False,True,False,False,False,True,False,False,False,False,False
26,male,Asian,30.415119171142578,4.415119171142578,25-34,False,True,True,False,False,False,False,False,False,False,True,False,False,False,False,False
30,female,White,32.16789627075195,2.167896270751953,25-34,True,False,False,False,False,False,True,False,False,False,True,False,False,False,False,False
2,female,White,1.690754771232605,0.309245228767395,0-4,True,False,False,False,False,False,True,True,False,False,False,False,False,False,False,False
1,male,Asian,0.4600575566291809,0.5399424433708191,0-4,False,True,True,False,False,False,False,True,False,False,False,False,False,False,False,False
50,male,Indian,41.68562316894531,8.314376831054688,45-64,False,True,False,False,True,False,False,False,False,False,False,False,True,False,False,False
90,female,White,75.71923065185547,14.280769348144531,85-99,True,False,False,False,False,False,True,False,False,False,False,False,False,False,True,False
29,male,Black,30.945070266723633,1.9450702667236328,25-34,False,True,False,True,False,False,False,False,False,False,True,False,False,False,False,False
18,male,White,28.615690231323242,10.615690231323242,18-24,False,True,False,False,False,False,True,False,False,True,False,False,False,False,False,False
39,male,Asian,33.222652435302734,5.777347564697266,35-44,False,True,True,False,False,False,False,False,False,False,False,True,False,False,False,False
23,male,White,31.72600746154785,8.726007461547852,18-24,False,True,False,False,False,False,True,False,False,True,False,False,False,False,False,False
60,male,Asian,31.41718864440918,28.58281135559082,45-64,False,True,True,False,False,False,False,False,False,False,False,False,True,False,False,False
13,female,White,25.43929672241211,12.43929672241211,5-17,True,False,False,False,False,False,True,False,True,False,False,False,False,False,False,False
26,female,White,29.020151138305664,3.020151138305664,25-34,True,False,False,False,False,False,True,False,False,False,True,False,False,False,False,False
22,male,Black,25.012561798095703,3.012561798095703,18-24,False,True,False,True,False,False,False,False,False,True,False,False,False,False,False,False
55,male,Asian,59.03620910644531,4.0362091064453125,45-64,False,True,True,False,False,False,False,False,False,False,False,False,True,False,False,False
38,male,Black,28.46320152282715,9.536798477172852,35-44,False,True,False,True,False,False,False,False,False,False,False,True,False,False,False,False
34,female,Black,28.566551208496094,5.433448791503906,25-34,True,False,False,True,False,False,False,False,False,False,True,False,False,False,False,False
21,male,White,25.567642211914062,4.5676422119140625,18-24,False,True,False,False,False,False,True,False,False,True,False,False,False,False,False,False
1,female,Black,1.158993124961853,0.15899312496185303,0-4,True,False,False,True,False,False,False,True,False,False,False,False,False,False,False,False
52,female,Indian,26.46822166442871,25.53177833557129,45-64,True,False,False,False,True,False,False,False,False,False,False,False,True,False,False,False
69,female,White,66.13048553466797,2.8695144653320312,65-84,True,False,False,False,False,False,True,False,False,False,False,False,False,True,False,False
26,male,Black,27.228281021118164,1.228281021118164,25-34,False,True,False,True,False,False,False,False,False,False,True,False,False,False,False,False
26,male,Black,22.957983016967773,3.0420169830322266,25-34,False,True,False,True,False,False,False,False,False,False,True,False,False,False,False,False
26,male,Black,38.80462646484375,12.80462646484375,25-34,False,True,False,True,False,False,False,False,False,False,True,False,False,False,False,False
36,male,White,38.946685791015625,2.946685791015625,35-44,False,True,False,False,False,False,True,False,False,False,False,True,False,False,False,False
31,male,Others,27.171302795410156,3.8286972045898438,25-34,False,True,False,False,False,True,False,False,False,False,True,False,False,False,False,False
30,male,Black,28.722936630249023,1.2770633697509766,25-34,False,True,False,True,False,False,False,False,False,False,True,False,False,False,False,False
47,male,White,46.16023254394531,0.8397674560546875,45-64,False,True,False,False,False,False,True,False,False,False,False,False,True,False,False,False
20,female,White,30.95229721069336,10.95229721069336,18-24,True,False,False,False,False,False,True,False,False,True,False,False,False,False,False,False
26,female,Indian,37.046356201171875,11.046356201171875,25-34,True,False,False,False,True,False,False,False,False,False,True,False,False,False,False,False
27,male,Others,29.351539611816406,2.3515396118164062,25-34,False,True,False,False,False,True,False,False,False,False,True,False,False,False,False,False
25,female,Black,17.491060256958008,7.508939743041992,25-34,True,False,False,True,False,False,False,False,False,False,True,False,False,False,False,False
29,female,Black,31.20149040222168,2.2014904022216797,25-34,True,False,False,True,False,False,False,False,False,False,True,False,False,False,False,False
40,female,White,30.711793899536133,9.288206100463867,35-44,True,False,False,False,False,False,True,False,False,False,False,True,False,False,False,False
28,male,Indian,38.9915771484375,10.9915771484375,25-34,False,True,False,False,True,False,False,False,False,False,True,False,False,False,False,False
36,female,Black,34.209449768066406,1.7905502319335938,35-44,True,False,False,True,False,False,False,False,False,False,False,True,False,False,False,False
29,female,Black,20.985931396484375,8.014068603515625,25-34,True,False,False,True,False,False,False,False,False,False,True,False,False,False,False,False
28,male,Indian,32.296661376953125,4.296661376953125,25-34,False,True,False,False,True,False,False,False,False,False,True,False,False,False,False,False
6,male,White,3.344059944152832,2.655940055847168,5-17,False,True,False,False,False,False,True,False,True,False,False,False,False,False,False,False
28,male,White,20.831331253051758,7.168668746948242,25-34,False,True,False,False,False,False,True,False,False,False,True,False,False,False,False,False
29,female,Others,23.16652488708496,5.833475112915039,25-34,True,False,False,False,False,True,False,False,False,False,True,False,False,False,False,False
58,male,White,64.58234405517578,6.582344055175781,45-64,False,True,False,False,False,False,True,False,False,False,False,False,True,False,False,False
3,female,White,3.774385690689087,0.7743856906890869,0-4,True,False,False,False,False,False,True,True,False,False,False,False,False,False,False,False
30,male,Asian,28.091360092163086,1.908639907836914,25-34,False,True,True,False,False,False,False,False,False,False,True,False,False,False,False,False
38,male,Others,33.833709716796875,4.166290283203125,35-44,False,True,False,False,False,True,False,False,False,False,False,True,False,False,False,False
59,male,White,59.66314697265625,0.66314697265625,45-64,False,True,False,False,False,False,True,False,False,False,False,False,True,False,False,False
11,female,White,12.198600769042969,1.1986007690429688,5-17,True,False,False,False,False,False,True,False,True,False,False,False,False,False,False,False
33,male,Indian,22.7061710357666,10.293828964233398,25-34,False,True,False,False,True,False,False,False,False,False,True,False,False,False,False,False
37,male,White,55.95285415649414,18.95285415649414,35-44,False,True,False,False,False,False,True,False,False,False,False,True,False,False,False,False
50,female,Black,29.35659408569336,20.64340591430664,45-64,True,False,False,True,False,False,False,False,False,False,False,False,True,False,False,False
21,male,Indian,30.66337776184082,9.66337776184082,18-24,False,True,False,False,True,False,False,False,False,True,False,False,False,False,False,False
23,male,White,37.69788360595703,14.697883605957031,18-24,False,True,False,False,False,False,True,False,False,True,False,False,False,False,False,False
37,male,Indian,29.525239944458008,7.474760055541992,35-44,False,True,False,False,True,False,False,False,False,False,False,True,False,False,False,False
4,male,White,3.099452495574951,0.9005475044250488,0-4,False,True,False,False,False,False,True,True,False,False,False,False,False,False,False,False
27,female,White,21.9849796295166,5.015020370483398,25-34,True,False,False,False,False,False,True,False,False,False,True,False,False,False,False,False
24,female,Indian,25.116178512573242,1.1161785125732422,18-24,True,False,False,False,True,False,False,False,False,True,False,False,False,False,False,False
45,male,Indian,41.05607223510742,3.943927764892578,45-64,False,True,False,False,True,False,False,False,False,False,False,False,True,False,False,False
24,female,White,22.689680099487305,1.3103199005126953,18-24,True,False,False,False,False,False,True,False,False,True,False,False,False,False,False,False
12,female,Indian,21.862550735473633,9.862550735473633,5-17,True,False,False,False,True,False,False,False,True,False,False,False,False,False,False,False
75,male,White,60.839637756347656,14.160362243652344,65-84,False,True,False,False,False,False,True,False,False,False,False,False,False,True,False,False
5,male,White,1.8844276666641235,3.1155723333358765,5-17,False,True,False,False,False,False,True,False,True,False,False,False,False,False,False,False
40,female,White,38.22967529296875,1.77032470703125,35-44,True,False,False,False,False,False,True,False,False,False,False,True,False,False,False,False
6,male,Others,20.121877670288086,14.121877670288086,5-17,False,True,False,False,False,True,False,False,True,False,False,False,False,False,False,False
38,male,Indian,39.52497482299805,1.5249748229980469,35-44,False,True,False,False,True,False,False,False,False,False,False,True,False,False,False,False
26,male,Black,25.906564712524414,0.09343528747558594,25-34,False,True,False,True,False,False,False,False,False,False,True,False,False,False,False,False
18,male,Black,20.857942581176758,2.857942581176758,18-24,False,True,False,True,False,False,False,False,False,True,False,False,False,False,False,False
7,male,White,6.191936016082764,0.8080639839172363,5-17,False,True,False,False,False,False,True,False,True,False,False,False,False,False,False,False
1,male,Indian,2.182490587234497,1.182490587234497,0-4,False,True,False,False,True,False,False,True,False,False,False,False,False,False,False,False
41,female,Others,32.042884826660156,8.957115173339844,35-44,True,False,False,False,False,True,False,False,False,False,False,True,False,False,False,False
84,female,Asian,70.35057830810547,13.649421691894531,65-84,True,False,True,False,False,False,False,False,False,False,False,False,False,True,False,False
52,female,White,39.400291442871094,12.599708557128906,45-64,True,False,False,False,False,False,True,False,False,False,False,False,True,False,False,False
27,male,Asian,24.240461349487305,2.7595386505126953,25-34,False,True,True,False,False,False,False,False,False,False,True,False,False,False,False,False
5,male,Indian,8.9894437789917,3.989443778991699,5-17,False,True,False,False,True,False,False,False,True,False,False,False,False,False,False,False
22,male,Indian,18.48541259765625,3.51458740234375,18-24,False,True,False,False,True,False,False,False,False,True,False,False,False,False,False,False
14,female,White,19.75548553466797,5.755485534667969,5-17,True,False,False,False,False,False,True,False,True,False,False,False,False,False,False,False
26,female,Asian,24.22286033630371,1.777139663696289,25-34,True,False,True,False,False,False,False,False,False,False,True,False,False,False,False,False
29,female,White,12.802268981933594,16.197731018066406,25-34,True,False,False,False,False,False,True,False,False,False,True,False,False,False,False,False
26,female,Asian,27.211191177368164,1.211191177368164,25-34,True,False,True,False,False,False,False,False,False,False,True,False,False,False,False,False
2,female,Others,2.4094367027282715,0.4094367027282715,0-4,True,False,False,False,False,True,False,True,False,False,False,False,False,False,False,False
12,female,White,14.87537956237793,2.8753795623779297,5-17,True,False,False,False,False,False,True,False,True,False,False,False,False,False,False,False
39,male,Black,32.16146469116211,6.838535308837891,35-44,False,True,False,True,False,False,False,False,False,False,False,True,False,False,False,False
55,male,Indian,50.7254638671875,4.2745361328125,45-64,False,True,False,False,True,False,False,False,False,False,False,False,True,False,False,False
28,female,Others,29.04756736755371,1.047567367553711,25-34,True,False,False,False,False,True,False,False,False,False,True,False,False,False,False,False
115,female,Black,87.80486297607422,27.19513702392578,100-119,True,False,False,True,False,False,False,False,False,False,False,False,False,False,False,True
20,male,Asian,22.87912368774414,2.8791236877441406,18-24,False,True,True,False,False,False,False,False,False,True,False,False,False,False,False,False
31,female,Black,33.700340270996094,2.7003402709960938,25-34,True,False,False,True,False,False,False,False,False,False,True,False,False,False,False,False
65,male,White,65.61707305908203,0.6170730590820312,65-84,False,True,False,False,False,False,True,False,False,False,False,False,False,True,False,False
38,female,Others,26.707799911499023,11.292200088500977,35-44,True,False,False,False,False,True,False,False,False,False,False,True,False,False,False,False
7,male,White,4.845304489135742,2.154695510864258,5-17,False,True,False,False,False,False,True,False,True,False,False,False,False,False,False,False
3,female,Asian,1.650922417640686,1.349077582359314,0-4,True,False,True,False,False,False,False,True,False,False,False,False,False,False,False,False
40,male,White,43.63007354736328,3.6300735473632812,35-44,False,True,False,False,False,False,True,False,False,False,False,True,False,False,False,False
35,female,Asian,45.13935852050781,10.139358520507812,35-44,True,False,True,False,False,False,False,False,False,False,False,True,False,False,False,False
21,female,Others,23.821916580200195,2.8219165802001953,18-24,True,False,False,False,False,True,False,False,False,True,False,False,False,False,False,False
67,male,White,67.5431137084961,0.5431137084960938,65-84,False,True,False,False,False,False,True,False,False,False,False,False,False,True,False,False
31,male,Black,31.609262466430664,0.6092624664306641,25-34,False,True,False,True,False,False,False,False,False,False,True,False,False,False,False,False
52,female,Asian,53.37643814086914,1.3764381408691406,45-64,True,False,True,False,False,False,False,False,False,False,False,False,True,False,False,False
54,male,White,66.43657684326172,12.436576843261719,45-64,False,True,False,False,False,False,True,False,False,False,False,False,True,False,False,False
20,female,White,20.02789878845215,0.027898788452148438,18-24,True,False,False,False,False,False,True,False,False,True,False,False,False,False,False,False
20,male,White,26.272403717041016,6.272403717041016,18-24,False,True,False,False,False,False,True,False,False,True,False,False,False,False,False,False
29,female,White,26.8138370513916,2.1861629486083984,25-34,True,False,False,False,False,False,True,False,False,False,True,False,False,False,False,False
8,female,White,17.756790161132812,9.756790161132812,5-17,True,False,False,False,False,False,True,False,True,False,False,False,False,False,False,False
4,female,Indian,10.188800811767578,6.188800811767578,0-4,True,False,False,False,True,False,False,True,False,False,False,False,False,False,False,False
26,female,Black,30.712766647338867,4.712766647338867,25-34,True,False,False,True,False,False,False,False,False,False,True,False,False,False,False,False
37,male,Indian,40.75689697265625,3.75689697265625,35-44,False,True,False,False,True,False,False,False,False,False,False,True,False,False,False,False
25,male,White,29.66997718811035,4.669977188110352,25-34,False,True,False,False,False,False,True,False,False,False,True,False,False,False,False,False
21,female,Asian,11.617494583129883,9.382505416870117,18-24,True,False,True,False,False,False,False,False,False,True,False,False,False,False,False,False
1,male,Asian,1.1142154932022095,0.11421549320220947,0-4,False,True,True,False,False,False,False,True,False,False,False,False,False,False,False,False
1,male,Asian,1.3327345848083496,0.3327345848083496,0-4,False,True,True,False,False,False,False,True,False,False,False,False,False,False,False,False
50,female,Black,62.494384765625,12.494384765625,45-64,True,False,False,True,False,False,False,False,False,False,False,False,True,False,False,False
56,male,Indian,54.522178649902344,1.4778213500976562,45-64,False,True,False,False,True,False,False,False,False,False,False,False,True,False,False,False
29,female,White,29.371484756469727,0.37148475646972656,25-34,True,False,False,False,False,False,True,False,False,False,True,False,False,False,False,False
26,male,Black,21.748075485229492,4.251924514770508,25-34,False,True,False,True,False,False,False,False,False,False,True,False,False,False,False,False
36,female,Indian,33.173065185546875,2.826934814453125,35-44,True,False,False,False,True,False,False,False,False,False,False,True,False,False,False,False
33,female,White,31.759660720825195,1.2403392791748047,25-34,True,False,False,False,False,False,True,False,False,False,True,False,False,False,False,False
24,male,Others,27.39588737487793,3.3958873748779297,18-24,False,True,False,False,False,True,False,False,False,True,False,False,False,False,False,False
38,male,Black,39.52616882324219,1.5261688232421875,35-44,False,True,False,True,False,False,False,False,False,False,False,True,False,False,False,False
58,male,White,58.86583709716797,0.8658370971679688,45-64,False,True,False,False,False,False,True,False,False,False,False,False,True,False,False,False
1,female,Asian,1.6473444700241089,0.6473444700241089,0-4,True,False,True,False,False,False,False,True,False,False,False,False,False,False,False,False
75,male,White,71.31094360351562,3.689056396484375,65-84,False,True,False,False,False,False,True,False,False,False,False,False,False,True,False,False
56,female,White,46.71769332885742,9.282306671142578,45-64,True,False,False,False,False,False,True,False,False,False,False,False,True,False,False,False
1,male,White,-0.945039689540863,1.945039689540863,0-4,False,True,False,False,False,False,True,True,False,False,False,False,False,False,False,False
30,female,Black,27.907148361206055,2.0928516387939453,25-34,True,False,False,True,False,False,False,False,False,False,True,False,False,False,False,False
28,male,Indian,23.636701583862305,4.363298416137695,25-34,False,True,False,False,True,False,False,False,False,False,True,False,False,False,False,False
22,female,Asian,13.020034790039062,8.979965209960938,18-24,True,False,True,False,False,False,False,False,False,True,False,False,False,False,False,False
22,male,White,28.773550033569336,6.773550033569336,18-24,False,True,False,False,False,False,True,False,False,True,False,False,False,False,False,False
8,female,White,20.776472091674805,12.776472091674805,5-17,True,False,False,False,False,False,True,False,True,False,False,False,False,False,False,False
38,female,Black,35.366180419921875,2.633819580078125,35-44,True,False,False,True,False,False,False,False,False,False,False,True,False,False,False,False
58,male,White,64.73148345947266,6.731483459472656,45-64,False,True,False,False,False,False,True,False,False,False,False,False,True,False,False,False
28,female,Indian,28.743953704833984,0.7439537048339844,25-34,True,False,False,False,True,False,False,False,False,False,True,False,False,False,False,False
32,female,Black,27.851566314697266,4.148433685302734,25-34,True,False,False,True,False,False,False,False,False,False,True,False,False,False,False,False
1,male,White,1.0198357105255127,0.019835710525512695,0-4,False,True,False,False,False,False,True,True,False,False,False,False,False,False,False,False
26,female,Indian,21.02625846862793,4.97374153137207,25-34,True,False,False,False,True,False,False,False,False,False,True,False,False,False,False,False
24,female,Black,19.492446899414062,4.5075531005859375,18-24,True,False,False,True,False,False,False,False,False,True,False,False,False,False,False,False
24,female,Others,20.296873092651367,3.703126907348633,18-24,True,False,False,False,False,True,False,False,False,True,False,False,False,False,False,False
8,female,White,8.804351806640625,0.804351806640625,5-17,True,False,False,False,False,False,True,False,True,False,False,False,False,False,False,False
26,male,Black,23.847320556640625,2.152679443359375,25-34,False,True,False,True,False,False,False,False,False,False,True,False,False,False,False,False
90,female,White,83.8556900024414,6.144309997558594,85-99,True,False,False,False,False,False,True,False,False,False,False,False,False,False,True,False
30,male,White,32.541038513183594,2.5410385131835938,25-34,False,True,False,False,False,False,True,False,False,False,True,False,False,False,False,False
75,male,Asian,62.49415969848633,12.505840301513672,65-84,False,True,True,False,False,False,False,False,False,False,False,False,False,True,False,False
27,female,Asian,20.91931915283203,6.080680847167969,25-34,True,False,True,False,False,False,False,False,False,False,True,False,False,False,False,False
24,female,Asian,25.8961124420166,1.8961124420166016,18-24,True,False,True,False,False,False,False,False,False,True,False,False,False,False,False,False
30,male,Black,26.324363708496094,3.6756362915039062,25-34,False,True,False,True,False,False,False,False,False,False,True,False,False,False,False,False
58,female,White,36.6588134765625,21.3411865234375,45-64,True,False,False,False,False,False,True,False,False,False,False,False,True,False,False,False
1,male,Asian,0.718747079372406,0.281252920627594,0-4,False,True,True,False,False,False,False,True,False,False,False,False,False,False,False,False
54,male,Indian,41.580955505371094,12.419044494628906,45-64,False,True,False,False,True,False,False,False,False,False,False,False,True,False,False,False
81,female,White,56.38844299316406,24.611557006835938,65-84,True,False,False,False,False,False,True,False,False,False,False,False,False,True,False,False
27,female,Asian,22.363513946533203,4.636486053466797,25-34,True,False,True,False,False,False,False,False,False,False,True,False,False,False,False,False
40,male,Asian,42.734657287597656,2.7346572875976562,35-44,False,True,True,False,False,False,False,False,False,False,False,True,False,False,False,False
27,female,Asian,24.04836082458496,2.951639175415039,25-34,True,False,True,False,False,False,False,False,False,False,True,False,False,False,False,False
22,female,Indian,24.580995559692383,2.580995559692383,18-24,True,False,False,False,True,False,False,False,False,True,False,False,False,False,False,False
2,female,Asian,5.097794532775879,3.097794532775879,0-4,True,False,True,False,False,False,False,True,False,False,False,False,False,False,False,False
35,male,Asian,30.945356369018555,4.054643630981445,35-44,False,True,True,False,False,False,False,False,False,False,False,True,False,False,False,False
35,female,Black,38.14262390136719,3.1426239013671875,35-44,True,False,False,True,False,False,False,False,False,False,False,True,False,False,False,False
26,female,White,26.52324867248535,0.5232486724853516,25-34,True,False,False,False,False,False,True,False,False,False,True,False,False,False,False,False
26,male,Others,26.020917892456055,0.020917892456054688,25-34,False,True,False,False,False,True,False,False,False,False,True,False,False,False,False,False
2,female,Others,1.8547316789627075,0.14526832103729248,0-4,True,False,False,False,False,True,False,True,False,False,False,False,False,False,False,False
70,male,White,61.65869903564453,8.341300964355469,65-84,False,True,False,False,False,False,True,False,False,False,False,False,False,True,False,False
18,female,Indian,21.72886085510254,3.728860855102539,18-24,True,False,False,False,True,False,False,False,False,True,False,False,False,False,False,False
62,female,White,53.7748908996582,8.225109100341797,45-64,True,False,False,False,False,False,True,False,False,False,False,False,True,False,False,False
56,male,Black,55.273258209228516,0.7267417907714844,45-64,False,True,False,True,False,False,False,False,False,False,False,False,True,False,False,False
31,female,Asian,16.9665584564209,14.033441543579102,25-34,True,False,True,False,False,False,False,False,False,False,True,False,False,False,False,False
32,male,Indian,29.40738296508789,2.5926170349121094,25-34,False,True,False,False,True,False,False,False,False,False,True,False,False,False,False,False
40,male,Black,30.92753791809082,9.07246208190918,35-44,False,True,False,True,False,False,False,False,False,False,False,True,False,False,False,False
22,female,Asian,27.162471771240234,5.162471771240234,18-24,True,False,True,False,False,False,False,False,False,True,False,False,False,False,False,False
20,female,White,24.504159927368164,4.504159927368164,18-24,True,False,False,False,False,False,True,False,False,True,False,False,False,False,False,False
25,female,Indian,25.58176612854004,0.5817661285400391,25-34,True,False,False,False,True,False,False,False,False,False,True,False,False,False,False,False
20,male,Black,22.552675247192383,2.552675247192383,18-24,False,True,False,True,False,False,False,False,False,True,False,False,False,False,False,False
1,male,White,0.8616083264350891,0.1383916735649109,0-4,False,True,False,False,False,False,True,True,False,False,False,False,False,False,False,False
29,female,Asian,24.22296905517578,4.777030944824219,25-34,True,False,True,False,False,False,False,False,False,False,True,False,False,False,False,False
3,female,Indian,6.4123640060424805,3.4123640060424805,0-4,True,False,False,False,True,False,False,True,False,False,False,False,False,False,False,False
26,female,Indian,18.421968460083008,7.578031539916992,25-34,True,False,False,False,True,False,False,False,False,False,True,False,False,False,False,False
28,male,Indian,31.821388244628906,3.8213882446289062,25-34,False,True,False,False,True,False,False,False,False,False,True,False,False,False,False,False
31,female,Black,29.706207275390625,1.293792724609375,25-34,True,False,False,True,False,False,False,False,False,False,True,False,False,False,False,False
46,female,Others,33.301212310791016,12.698787689208984,45-64,True,False,False,False,False,True,False,False,False,False,False,False,True,False,False,False
34,male,Black,30.803020477294922,3.196979522705078,25-34,False,True,False,True,False,False,False,False,False,False,True,False,False,False,False,False
42,male,White,40.23716735839844,1.7628326416015625,35-44,False,True,False,False,False,False,True,False,False,False,False,True,False,False,False,False
30,male,White,29.064952850341797,0.9350471496582031,25-34,False,True,False,False,False,False,True,False,False,False,True,False,False,False,False,False
1,female,Asian,2.3073666095733643,1.3073666095733643,0-4,True,False,True,False,False,False,False,True,False,False,False,False,False,False,False,False
101,male,White,85.10671997070312,15.893280029296875,100-119,False,True,False,False,False,False,True,False,False,False,False,False,False,False,False,True
27,male,White,25.498273849487305,1.5017261505126953,25-34,False,True,False,False,False,False,True,False,False,False,True,False,False,False,False,False
28,male,White,32.8244743347168,4.824474334716797,25-34,False,True,False,False,False,False,True,False,False,False,True,False,False,False,False,False
4,female,White,17.921466827392578,13.921466827392578,0-4,True,False,False,False,False,False,True,True,False,False,False,False,False,False,False,False
1,male,Indian,0.7095117568969727,0.29048824310302734,0-4,False,True,False,False,True,False,False,True,False,False,False,False,False,False,False,False
24,female,Indian,20.997207641601562,3.0027923583984375,18-24,True,False,False,False,True,False,False,False,False,True,False,False,False,False,False,False
38,female,White,54.51134490966797,16.51134490966797,35-44,True,False,False,False,False,False,True,False,False,False,False,True,False,False,False,False
50,male,White,51.091636657714844,1.0916366577148438,45-64,False,True,False,False,False,False,True,False,False,False,False,False,True,False,False,False
23,male,Black,19.52155113220215,3.4784488677978516,18-24,False,True,False,True,False,False,False,False,False,True,False,False,False,False,False,False
62,male,White,67.6572265625,5.6572265625,45-64,False,True,False,False,False,False,True,False,False,False,False,False,True,False,False,False
47,female,White,37.45954132080078,9.540458679199219,45-64,True,False,False,False,False,False,True,False,False,False,False,False,True,False,False,False
39,female,White,46.42917251586914,7.429172515869141,35-44,True,False,False,False,False,False,True,False,False,False,False,True,False,False,False,False
26,male,Black,26.848459243774414,0.8484592437744141,25-34,False,True,False,True,False,False,False,False,False,False,True,False,False,False,False,False
18,female,White,13.700582504272461,4.299417495727539,18-24,True,False,False,False,False,False,True,False,False,True,False,False,False,False,False,False
40,female,Black,34.07607650756836,5.923923492431641,35-44,True,False,False,True,False,False,False,False,False,False,False,True,False,False,False,False
34,female,White,31.860389709472656,2.1396102905273438,25-34,True,False,False,False,False,False,True,False,False,False,True,False,False,False,False,False
25,female,Black,21.757997512817383,3.242002487182617,25-34,True,False,False,True,False,False,False,False,False,False,True,False,False,False,False,False
1,male,Indian,0.0953231155872345,0.9046768844127655,0-4,False,True,False,False,True,False,False,True,False,False,False,False,False,False,False,False
66,female,White,74.88033294677734,8.880332946777344,65-84,True,False,False,False,False,False,True,False,False,False,False,False,False,True,False,False
5,female,White,6.107797145843506,1.1077971458435059,5-17,True,False,False,False,False,False,True,False,True,False,False,False,False,False,False,False
28,male,Black,30.92753791809082,2.9275379180908203,25-34,False,True,False,True,False,False,False,False,False,False,True,False,False,False,False,False
19,male,White,17.960966110229492,1.0390338897705078,18-24,False,True,False,False,False,False,True,False,False,True,False,False,False,False,False,False
66,male,Indian,63.60850143432617,2.391498565673828,65-84,False,True,False,False,True,False,False,False,False,False,False,False,False,True,False,False
32,male,Indian,32.51764678955078,0.5176467895507812,25-34,False,True,False,False,True,False,False,False,False,False,True,False,False,False,False,False
30,male,White,33.113338470458984,3.1133384704589844,25-34,False,True,False,False,False,False,True,False,False,False,True,False,False,False,False,False
26,male,Black,27.13591194152832,1.1359119415283203,25-34,False,True,False,True,False,False,False,False,False,False,True,False,False,False,False,False
38,female,Black,37.18937683105469,0.8106231689453125,35-44,True,False,False,True,False,False,False,False,False,False,False,True,False,False,False,False
26,female,Black,38.98077392578125,12.98077392578125,25-34,True,False,False,True,False,False,False,False,False,False,True,False,False,False,False,False
21,male,White,24.095291137695312,3.0952911376953125,18-24,False,True,False,False,False,False,True,False,False,True,False,False,False,False,False,False
26,male,Indian,34.966163635253906,8.966163635253906,25-34,False,True,False,False,True,False,False,False,False,False,True,False,False,False,False,False
26,male,Asian,29.982229232788086,3.982229232788086,25-34,False,True,True,False,False,False,False,False,False,False,True,False,False,False,False,False
20,female,White,21.188661575317383,1.1886615753173828,18-24,True,False,False,False,False,False,True,False,False,True,False,False,False,False,False,False
58,male,White,58.94164276123047,0.9416427612304688,45-64,False,True,False,False,False,False,True,False,False,False,False,False,True,False,False,False
48,male,White,33.39583206176758,14.604167938232422,45-64,False,True,False,False,False,False,True,False,False,False,False,False,True,False,False,False
9,female,White,10.88979721069336,1.8897972106933594,5-17,True,False,False,False,False,False,True,False,True,False,False,False,False,False,False,False
78,male,White,67.29151916503906,10.708480834960938,65-84,False,True,False,False,False,False,True,False,False,False,False,False,False,True,False,False
28,female,Black,30.75502586364746,2.755025863647461,25-34,True,False,False,True,False,False,False,False,False,False,True,False,False,False,False,False
32,male,Black,32.243812561035156,0.24381256103515625,25-34,False,True,False,True,False,False,False,False,False,False,True,False,False,False,False,False
35,male,White,41.52960968017578,6.529609680175781,35-44,False,True,False,False,False,False,True,False,False,False,False,True,False,False,False,False
54,male,White,57.60484313964844,3.6048431396484375,45-64,False,True,False,False,False,False,True,False,False,False,False,False,True,False,False,False
51,male,White,40.566688537597656,10.433311462402344,45-64,False,True,False,False,False,False,True,False,False,False,False,False,True,False,False,False
27,male,Asian,36.63921356201172,9.639213562011719,25-34,False,True,True,False,False,False,False,False,False,False,True,False,False,False,False,False
89,female,White,85.18054962158203,3.8194503784179688,85-99,True,False,False,False,False,False,True,False,False,False,False,False,False,False,True,False
35,female,White,44.12529754638672,9.125297546386719,35-44,True,False,False,False,False,False,True,False,False,False,False,True,False,False,False,False
24,male,Indian,25.94822883605957,1.9482288360595703,18-24,False,True,False,False,True,False,False,False,False,True,False,False,False,False,False,False
54,female,White,43.79426574707031,10.205734252929688,45-64,True,False,False,False,False,False,True,False,False,False,False,False,True,False,False,False
67,male,White,64.33470916748047,2.6652908325195312,65-84,False,True,False,False,False,False,True,False,False,False,False,False,False,True,False,False
24,male,Black,28.62942886352539,4.629428863525391,18-24,False,True,False,True,False,False,False,False,False,True,False,False,False,False,False,False
26,male,White,28.341161727905273,2.3411617279052734,25-34,False,True,False,False,False,False,True,False,False,False,True,False,False,False,False,False
8,female,White,4.246390342712402,3.7536096572875977,5-17,True,False,False,False,False,False,True,False,True,False,False,False,False,False,False,False
35,male,Black,37.952449798583984,2.9524497985839844,35-44,False,True,False,True,False,False,False,False,False,False,False,True,False,False,False,False
18,female,White,24.42482566833496,6.424825668334961,18-24,True,False,False,False,False,False,True,False,False,True,False,False,False,False,False,False
1,female,Indian,1.4135555028915405,0.4135555028915405,0-4,True,False,False,False,True,False,False,True,False,False,False,False,False,False,False,False
18,female,White,18.93994903564453,0.9399490356445312,18-24,True,False,False,False,False,False,True,False,False,True,False,False,False,False,False,False
15,female,White,15.226119995117188,0.2261199951171875,5-17,True,False,False,False,False,False,True,False,True,False,False,False,False,False,False,False
26,female,Others,21.959726333618164,4.040273666381836,25-34,True,False,False,False,False,True,False,False,False,False,True,False,False,False,False,False
36,male,Indian,25.64582633972168,10.35417366027832,35-44,False,True,False,False,True,False,False,False,False,False,False,True,False,False,False,False
50,female,White,32.792720794677734,17.207279205322266,45-64,True,False,False,False,False,False,True,False,False,False,False,False,True,False,False,False
35,male,Asian,29.99967384338379,5.000326156616211,35-44,False,True,True,False,False,False,False,False,False,False,False,True,False,False,False,False
27,female,Black,30.914113998413086,3.914113998413086,25-34,True,False,False,True,False,False,False,False,False,False,True,False,False,False,False,False
1,female,Indian,0.2568952441215515,0.7431047558784485,0-4,True,False,False,False,True,False,False,True,False,False,False,False,False,False,False,False
49,female,Black,34.94607925415039,14.05392074584961,45-64,True,False,False,True,False,False,False,False,False,False,False,False,True,False,False,False
30,male,White,30.523418426513672,0.5234184265136719,25-34,False,True,False,False,False,False,True,False,False,False,True,False,False,False,False,False
41,male,Indian,43.77812957763672,2.7781295776367188,35-44,False,True,False,False,True,False,False,False,False,False,False,True,False,False,False,False
18,female,Black,18.22607421875,0.22607421875,18-24,True,False,False,True,False,False,False,False,False,True,False,False,False,False,False,False
60,male,Black,50.15542221069336,9.84457778930664,45-64,False,True,False,True,False,False,False,False,False,False,False,False,True,False,False,False
26,male,Black,29.841825485229492,3.841825485229492,25-34,False,True,False,True,False,False,False,False,False,False,True,False,False,False,False,False
8,female,White,12.781213760375977,4.781213760375977,5-17,True,False,False,False,False,False,True,False,True,False,False,False,False,False,False,False
20,female,Indian,26.244972229003906,6.244972229003906,18-24,True,False,False,False,True,False,False,False,False,True,False,False,False,False,False,False
34,male,White,52.105499267578125,18.105499267578125,25-34,False,True,False,False,False,False,True,False,False,False,True,False,False,False,False,False
40,male,White,57.540260314941406,17.540260314941406,35-44,False,True,False,False,False,False,True,False,False,False,False,True,False,False,False,False
26,male,Black,36.96300506591797,10.963005065917969,25-34,False,True,False,True,False,False,False,False,False,False,True,False,False,False,False,False
54,female,White,39.21662521362305,14.783374786376953,45-64,True,False,False,False,False,False,True,False,False,False,False,False,True,False,False,False
50,male,Black,62.93609619140625,12.93609619140625,45-64,False,True,False,True,False,False,False,False,False,False,False,False,True,False,False,False
55,male,Indian,41.739112854003906,13.260887145996094,45-64,False,True,False,False,True,False,False,False,False,False,False,False,True,False,False,False
26,female,Black,31.546674728393555,5.546674728393555,25-34,True,False,False,True,False,False,False,False,False,False,True,False,False,False,False,False
33,female,Asian,29.02867889404297,3.9713211059570312,25-34,True,False,True,False,False,False,False,False,False,False,True,False,False,False,False,False
63,male,Indian,68.80155944824219,5.8015594482421875,45-64,False,True,False,False,True,False,False,False,False,False,False,False,True,False,False,False
20,female,Others,27.056447982788086,7.056447982788086,18-24,True,False,False,False,False,True,False,False,False,True,False,False,False,False,False,False
24,male,Asian,26.369375228881836,2.369375228881836,18-24,False,True,True,False,False,False,False,False,False,True,False,False,False,False,False,False
65,male,White,53.33507537841797,11.664924621582031,65-84,False,True,False,False,False,False,True,False,False,False,False,False,False,True,False,False
32,male,White,32.35593795776367,0.3559379577636719,25-34,False,True,False,False,False,False,True,False,False,False,True,False,False,False,False,False
26,male,Black,23.342432022094727,2.6575679779052734,25-34,False,True,False,True,False,False,False,False,False,False,True,False,False,False,False,False
31,female,Others,26.541574478149414,4.458425521850586,25-34,True,False,False,False,False,True,False,False,False,False,True,False,False,False,False,False
69,female,White,43.863155364990234,25.136844635009766,65-84,True,False,False,False,False,False,True,False,False,False,False,False,False,True,False,False
42,male,White,40.27079772949219,1.7292022705078125,35-44,False,True,False,False,False,False,True,False,False,False,False,True,False,False,False,False
27,male,Indian,23.99735450744629,3.002645492553711,25-34,False,True,False,False,True,False,False,False,False,False,True,False,False,False,False,False
35,male,Indian,33.67350769042969,1.3264923095703125,35-44,False,True,False,False,True,False,False,False,False,False,False,True,False,False,False,False
35,male,Black,32.44609832763672,2.5539016723632812,35-44,False,True,False,True,False,False,False,False,False,False,False,True,False,False,False,False
60,female,White,46.898773193359375,13.101226806640625,45-64,True,False,False,False,False,False,True,False,False,False,False,False,True,False,False,False
26,male,Black,29.09617805480957,3.0961780548095703,25-34,False,True,False,True,False,False,False,False,False,False,True,False,False,False,False,False
57,male,Black,55.796844482421875,1.203155517578125,45-64,False,True,False,True,False,False,False,False,False,False,False,False,True,False,False,False
26,male,Indian,31.488101959228516,5.488101959228516,25-34,False,True,False,False,True,False,False,False,False,False,True,False,False,False,False,False
59,female,Indian,41.305763244628906,17.694236755371094,45-64,True,False,False,False,True,False,False,False,False,False,False,False,True,False,False,False
15,male,White,8.94509220123291,6.05490779876709,5-17,False,True,False,False,False,False,True,False,True,False,False,False,False,False,False,False
53,male,White,54.047821044921875,1.047821044921875,45-64,False,True,False,False,False,False,True,False,False,False,False,False,True,False,False,False
5,male,Asian,3.3314208984375,1.6685791015625,5-17,False,True,True,False,False,False,False,False,True,False,False,False,False,False,False,False
55,male,Indian,50.144142150878906,4.855857849121094,45-64,False,True,False,False,True,False,False,False,False,False,False,False,True,False,False,False
1,female,Asian,1.4268370866775513,0.42683708667755127,0-4,True,False,True,False,False,False,False,True,False,False,False,False,False,False,False,False
49,male,Black,37.773765563964844,11.226234436035156,45-64,False,True,False,True,False,False,False,False,False,False,False,False,True,False,False,False
45,male,Indian,36.298892974853516,8.701107025146484,45-64,False,True,False,False,True,False,False,False,False,False,False,False,True,False,False,False
75,female,White,65.42794036865234,9.572059631347656,65-84,True,False,False,False,False,False,True,False,False,False,False,False,False,True,False,False
58,male,Black,52.95561981201172,5.044380187988281,45-64,False,True,False,True,False,False,False,False,False,False,False,False,True,False,False,False
35,female,Black,28.753381729125977,6.246618270874023,35-44,True,False,False,True,False,False,False,False,False,False,False,True,False,False,False,False
35,male,Indian,44.87345886230469,9.873458862304688,35-44,False,True,False,False,True,False,False,False,False,False,False,True,False,False,False,False
2,male,Others,3.394408702850342,1.3944087028503418,0-4,False,True,False,False,False,True,False,True,False,False,False,False,False,False,False,False
15,female,Black,25.441125869750977,10.441125869750977,5-17,True,False,False,True,False,False,False,False,True,False,False,False,False,False,False,False
20,female,White,29.82136344909668,9.82136344909668,18-24,True,False,False,False,False,False,True,False,False,True,False,False,False,False,False,False
14,male,Asian,16.359827041625977,2.3598270416259766,5-17,False,True,True,False,False,False,False,False,True,False,False,False,False,False,False,False
48,male,White,55.822959899902344,7.822959899902344,45-64,False,True,False,False,False,False,True,False,False,False,False,False,True,False,False,False
25,female,Black,27.806814193725586,2.806814193725586,25-34,True,False,False,True,False,False,False,False,False,False,True,False,False,False,False,False
49,male,White,32.385860443115234,16.614139556884766,45-64,False,True,False,False,False,False,True,False,False,False,False,False,True,False,False,False
38,male,Others,22.967727661132812,15.032272338867188,35-44,False,True,False,False,False,True,False,False,False,False,False,True,False,False,False,False
35,male,White,33.775634765625,1.224365234375,35-44,False,True,False,False,False,False,True,False,False,False,False,True,False,False,False,False
35,female,Black,41.38971710205078,6.389717102050781,35-44,True,False,False,True,False,False,False,False,False,False,False,True,False,False,False,False
26,female,Black,27.042726516723633,1.0427265167236328,25-34,True,False,False,True,False,False,False,False,False,False,True,False,False,False,False,False
31,female,Asian,26.820955276489258,4.179044723510742,25-34,True,False,True,False,False,False,False,False,False,False,True,False,False,False,False,False
51,male,White,49.34239196777344,1.6576080322265625,45-64,False,True,False,False,False,False,True,False,False,False,False,False,True,False,False,False
23,male,Black,23.87986183166504,0.8798618316650391,18-24,False,True,False,True,False,False,False,False,False,True,False,False,False,False,False,False
37,male,Asian,33.865440368652344,3.1345596313476562,35-44,False,True,True,False,False,False,False,False,False,False,False,True,False,False,False,False
32,male,Black,37.504425048828125,5.504425048828125,25-34,False,True,False,True,False,False,False,False,False,False,True,False,False,False,False,False
55,male,Indian,46.235748291015625,8.764251708984375,45-64,False,True,False,False,True,False,False,False,False,False,False,False,True,False,False,False
72,male,White,73.10140228271484,1.1014022827148438,65-84,False,True,False,False,False,False,True,False,False,False,False,False,False,True,False,False
23,female,Asian,27.615848541259766,4.615848541259766,18-24,True,False,True,False,False,False,False,False,False,True,False,False,False,False,False,False
22,female,White,25.843271255493164,3.843271255493164,18-24,True,False,False,False,False,False,True,False,False,True,False,False,False,False,False,False
96,female,White,83.46878814697266,12.531211853027344,85-99,True,False,False,False,False,False,True,False,False,False,False,False,False,False,True,False
27,female,Asian,24.966291427612305,2.0337085723876953,25-34,True,False,True,False,False,False,False,False,False,False,True,False,False,False,False,False
54,male,White,59.368690490722656,5.368690490722656,45-64,False,True,False,False,False,False,True,False,False,False,False,False,True,False,False,False
30,female,White,27.63899803161621,2.361001968383789,25-34,True,False,False,False,False,False,True,False,False,False,True,False,False,False,False,False
3,female,White,1.6137109994888306,1.3862890005111694,0-4,True,False,False,False,False,False,True,True,False,False,False,False,False,False,False,False
33,male,Indian,29.262048721313477,3.7379512786865234,25-34,False,True,False,False,True,False,False,False,False,False,True,False,False,False,False,False
31,male,White,31.131696701049805,0.1316967010498047,25-34,False,True,False,False,False,False,True,False,False,False,True,False,False,False,False,False
84,male,White,71.0206527709961,12.979347229003906,65-84,False,True,False,False,False,False,True,False,False,False,False,False,False,True,False,False
3,female,Indian,6.510858535766602,3.5108585357666016,0-4,True,False,False,False,True,False,False,True,False,False,False,False,False,False,False,False
30,male,Others,24.076261520385742,5.923738479614258,25-34,False,True,False,False,False,True,False,False,False,False,True,False,False,False,False,False
20,female,Black,20.90049934387207,0.9004993438720703,18-24,True,False,False,True,False,False,False,False,False,True,False,False,False,False,False,False
27,female,Black,24.616552352905273,2.3834476470947266,25-34,True,False,False,True,False,False,False,False,False,False,True,False,False,False,False,False
63,male,White,67.53433227539062,4.534332275390625,45-64,False,True,False,False,False,False,True,False,False,False,False,False,True,False,False,False
28,male,White,28.816980361938477,0.8169803619384766,25-34,False,True,False,False,False,False,True,False,False,False,True,False,False,False,False,False
27,female,White,24.368654251098633,2.631345748901367,25-34,True,False,False,False,False,False,True,False,False,False,True,False,False,False,False,False
44,male,White,34.072235107421875,9.927764892578125,35-44,False,True,False,False,False,False,True,False,False,False,False,True,False,False,False,False
54,male,White,44.576255798339844,9.423744201660156,45-64,False,True,False,False,False,False,True,False,False,False,False,False,True,False,False,False
33,female,White,24.373973846435547,8.626026153564453,25-34,True,False,False,False,False,False,True,False,False,False,True,False,False,False,False,False
26,female,Asian,32.528228759765625,6.528228759765625,25-34,True,False,True,False,False,False,False,False,False,False,True,False,False,False,False,False
1,male,Asian,0.4590625464916229,0.5409374535083771,0-4,False,True,True,False,False,False,False,True,False,False,False,False,False,False,False,False
26,female,Black,29.663135528564453,3.663135528564453,25-34,True,False,False,True,False,False,False,False,False,False,True,False,False,False,False,False
49,female,Indian,42.015708923339844,6.984291076660156,45-64,True,False,False,False,True,False,False,False,False,False,False,False,True,False,False,False
18,male,White,14.735719680786133,3.264280319213867,18-24,False,True,False,False,False,False,True,False,False,True,False,False,False,False,False,False
28,female,Others,30.740957260131836,2.740957260131836,25-34,True,False,False,False,False,True,False,False,False,False,True,False,False,False,False,False
33,female,White,33.032493591308594,0.03249359130859375,25-34,True,False,False,False,False,False,True,False,False,False,True,False,False,False,False,False
26,male,Asian,37.45726013183594,11.457260131835938,25-34,False,True,True,False,False,False,False,False,False,False,True,False,False,False,False,False
90,female,Black,90.3051528930664,0.30515289306640625,85-99,True,False,False,True,False,False,False,False,False,False,False,False,False,False,True,False
26,male,Others,25.61716651916504,0.38283348083496094,25-34,False,True,False,False,False,True,False,False,False,False,True,False,False,False,False,False
31,male,Black,33.24456024169922,2.2445602416992188,25-34,False,True,False,True,False,False,False,False,False,False,True,False,False,False,False,False
45,male,White,53.18904495239258,8.189044952392578,45-64,False,True,False,False,False,False,True,False,False,False,False,False,True,False,False,False
37,female,Black,26.506271362304688,10.493728637695312,35-44,True,False,False,True,False,False,False,False,False,False,False,True,False,False,False,False
60,female,Black,31.051721572875977,28.948278427124023,45-64,True,False,False,True,False,False,False,False,False,False,False,False,True,False,False,False
2,female,Others,0.8080568909645081,1.191943109035492,0-4,True,False,False,False,False,True,False,True,False,False,False,False,False,False,False,False
28,male,Black,35.580589294433594,7.580589294433594,25-34,False,True,False,True,False,False,False,False,False,False,True,False,False,False,False,False
34,male,White,21.296300888061523,12.703699111938477,25-34,False,True,False,False,False,False,True,False,False,False,True,False,False,False,False,False
26,male,Asian,27.078615188598633,1.0786151885986328,25-34,False,True,True,False,False,False,False,False,False,False,True,False,False,False,False,False
35,male,Indian,31.666250228881836,3.333749771118164,35-44,False,True,False,False,True,False,False,False,False,False,False,True,False,False,False,False
26,male,Indian,33.376747131347656,7.376747131347656,25-34,False,True,False,False,True,False,False,False,False,False,True,False,False,False,False,False
24,female,Asian,23.91834831237793,0.08165168762207031,18-24,True,False,True,False,False,False,False,False,False,True,False,False,False,False,False,False
23,female,White,19.317712783813477,3.6822872161865234,18-24,True,False,False,False,False,False,True,False,False,True,False,False,False,False,False,False
15,male,White,6.568118095397949,8.43188190460205,5-17,False,True,False,False,False,False,True,False,True,False,False,False,False,False,False,False
52,male,White,53.0670051574707,1.0670051574707031,45-64,False,True,False,False,False,False,True,False,False,False,False,False,True,False,False,False
30,male,Asian,26.8218936920166,3.1781063079833984,25-34,False,True,True,False,False,False,False,False,False,False,True,False,False,False,False,False
24,female,Indian,27.999465942382812,3.9994659423828125,18-24,True,False,False,False,True,False,False,False,False,True,False,False,False,False,False,False
26,male,Black,21.185577392578125,4.814422607421875,25-34,False,True,False,True,False,False,False,False,False,False,True,False,False,False,False,False
43,female,Indian,27.14284896850586,15.85715103149414,35-44,True,False,False,False,True,False,False,False,False,False,False,True,False,False,False,False
26,female,Black,28.58270835876465,2.5827083587646484,25-34,True,False,False,True,False,False,False,False,False,False,True,False,False,False,False,False
18,female,Indian,20.679000854492188,2.6790008544921875,18-24,True,False,False,False,True,False,False,False,False,True,False,False,False,False,False,False
35,male,Indian,30.20516014099121,4.794839859008789,35-44,False,True,False,False,True,False,False,False,False,False,False,True,False,False,False,False
54,female,White,37.59934997558594,16.400650024414062,45-64,True,False,False,False,False,False,True,False,False,False,False,False,True,False,False,False
51,male,White,63.57685089111328,12.576850891113281,45-64,False,True,False,False,False,False,True,False,False,False,False,False,True,False,False,False
43,male,Black,50.32495880126953,7.324958801269531,35-44,False,True,False,True,False,False,False,False,False,False,False,True,False,False,False,False
65,male,Asian,56.628963470458984,8.371036529541016,65-84,False,True,True,False,False,False,False,False,False,False,False,False,False,True,False,False
28,female,White,30.287446975708008,2.287446975708008,25-34,True,False,False,False,False,False,True,False,False,False,True,False,False,False,False,False
54,male,Black,48.63629150390625,5.36370849609375,45-64,False,True,False,True,False,False,False,False,False,False,False,False,True,False,False,False
34,male,Indian,33.126197814941406,0.8738021850585938,25-34,False,True,False,False,True,False,False,False,False,False,True,False,False,False,False,False
26,male,Indian,36.665279388427734,10.665279388427734,25-34,False,True,False,False,True,False,False,False,False,False,True,False,False,False,False,False
26,female,Others,27.16860580444336,1.1686058044433594,25-34,True,False,False,False,False,True,False,False,False,False,True,False,False,False,False,False
61,male,Indian,43.46870040893555,17.531299591064453,45-64,False,True,False,False,True,False,False,False,False,False,False,False,True,False,False,False
31,female,Black,25.5726375579834,5.427362442016602,25-34,True,False,False,True,False,False,False,False,False,False,True,False,False,False,False,False
26,female,Indian,22.829347610473633,3.170652389526367,25-34,True,False,False,False,True,False,False,False,False,False,True,False,False,False,False,False
22,female,Indian,24.34249496459961,2.3424949645996094,18-24,True,False,False,False,True,False,False,False,False,True,False,False,False,False,False,False
29,male,Indian,34.1488037109375,5.1488037109375,25-34,False,True,False,False,True,False,False,False,False,False,True,False,False,False,False,False
30,female,Asian,35.33512878417969,5.3351287841796875,25-34,True,False,True,False,False,False,False,False,False,False,True,False,False,False,False,False
1,male,White,1.1859920024871826,0.18599200248718262,0-4,False,True,False,False,False,False,True,True,False,False,False,False,False,False,False,False
26,male,White,25.855806350708008,0.1441936492919922,25-34,False,True,False,False,False,False,True,False,False,False,True,False,False,False,False,False
8,female,White,10.590499877929688,2.5904998779296875,5-17,True,False,False,False,False,False,True,False,True,False,False,False,False,False,False,False
56,female,White,47.21532440185547,8.784675598144531,45-64,True,False,False,False,False,False,True,False,False,False,False,False,True,False,False,False
49,male,Indian,50.912391662597656,1.9123916625976562,45-64,False,True,False,False,True,False,False,False,False,False,False,False,True,False,False,False
30,male,White,29.12596321105957,0.8740367889404297,25-34,False,True,False,False,False,False,True,False,False,False,True,False,False,False,False,False
85,female,White,71.94287872314453,13.057121276855469,85-99,True,False,False,False,False,False,True,False,False,False,False,False,False,False,True,False
24,female,Indian,25.150163650512695,1.1501636505126953,18-24,True,False,False,False,True,False,False,False,False,True,False,False,False,False,False,False
16,female,Black,20.36464500427246,4.364645004272461,5-17,True,False,False,True,False,False,False,False,True,False,False,False,False,False,False,False
28,male,Indian,25.75967025756836,2.2403297424316406,25-34,False,True,False,False,True,False,False,False,False,False,True,False,False,False,False,False
12,female,Indian,21.825416564941406,9.825416564941406,5-17,True,False,False,False,True,False,False,False,True,False,False,False,False,False,False,False
2,female,Indian,4.604466438293457,2.604466438293457,0-4,True,False,False,False,True,False,False,True,False,False,False,False,False,False,False,False
24,male,Black,30.362247467041016,6.362247467041016,18-24,False,True,False,True,False,False,False,False,False,True,False,False,False,False,False,False
1,female,Others,2.2870254516601562,1.2870254516601562,0-4,True,False,False,False,False,True,False,True,False,False,False,False,False,False,False,False
14,male,Asian,15.218578338623047,1.2185783386230469,5-17,False,True,True,False,False,False,False,False,True,False,False,False,False,False,False,False
50,male,Indian,47.47482681274414,2.5251731872558594,45-64,False,True,False,False,True,False,False,False,False,False,False,False,True,False,False,False
26,female,Black,26.027135848999023,0.027135848999023438,25-34,True,False,False,True,False,False,False,False,False,False,True,False,False,False,False,False
1,female,Indian,0.9127436876296997,0.08725631237030029,0-4,True,False,False,False,True,False,False,True,False,False,False,False,False,False,False,False
65,female,White,57.79340362548828,7.206596374511719,65-84,True,False,False,False,False,False,True,False,False,False,False,False,False,True,False,False
54,male,White,42.069557189941406,11.930442810058594,45-64,False,True,False,False,False,False,True,False,False,False,False,False,True,False,False,False
27,male,Indian,26.11284828186035,0.8871517181396484,25-34,False,True,False,False,True,False,False,False,False,False,True,False,False,False,False,False
24,male,White,23.628299713134766,0.3717002868652344,18-24,False,True,False,False,False,False,True,False,False,True,False,False,False,False,False,False
75,female,White,65.09557342529297,9.904426574707031,65-84,True,False,False,False,False,False,True,False,False,False,False,False,False,True,False,False
25,male,White,26.040674209594727,1.0406742095947266,25-34,False,True,False,False,False,False,True,False,False,False,True,False,False,False,False,False
31,male,Asian,25.05586051940918,5.94413948059082,25-34,False,True,True,False,False,False,False,False,False,False,True,False,False,False,False,False
48,male,White,42.28036117553711,5.719638824462891,45-64,False,True,False,False,False,False,True,False,False,False,False,False,True,False,False,False
23,male,White,21.603822708129883,1.3961772918701172,18-24,False,True,False,False,False,False,True,False,False,True,False,False,False,False,False,False
27,male,Asian,41.34314727783203,14.343147277832031,25-34,False,True,True,False,False,False,False,False,False,False,True,False,False,False,False,False
61,female,Indian,61.4498405456543,0.4498405456542969,45-64,True,False,False,False,True,False,False,False,False,False,False,False,True,False,False,False
32,female,White,33.83448791503906,1.8344879150390625,25-34,True,False,False,False,False,False,True,False,False,False,True,False,False,False,False,False
38,female,Black,32.52829360961914,5.471706390380859,35-44,True,False,False,True,False,False,False,False,False,False,False,True,False,False,False,False
35,male,White,45.87135314941406,10.871353149414062,35-44,False,True,False,False,False,False,True,False,False,False,False,True,False,False,False,False
4,female,Asian,8.726581573486328,4.726581573486328,0-4,True,False,True,False,False,False,False,True,False,False,False,False,False,False,False,False
24,female,Asian,19.145540237426758,4.854459762573242,18-24,True,False,True,False,False,False,False,False,False,True,False,False,False,False,False,False
27,male,Indian,29.814830780029297,2.814830780029297,25-34,False,True,False,False,True,False,False,False,False,False,True,False,False,False,False,False
22,female,White,26.392581939697266,4.392581939697266,18-24,True,False,False,False,False,False,True,False,False,True,False,False,False,False,False,False
15,male,White,37.282230377197266,22.282230377197266,5-17,False,True,False,False,False,False,True,False,True,False,False,False,False,False,False,False
52,male,Indian,54.41627502441406,2.4162750244140625,45-64,False,True,False,False,True,False,False,False,False,False,False,False,True,False,False,False
23,female,White,15.623207092285156,7.376792907714844,18-24,True,False,False,False,False,False,True,False,False,True,False,False,False,False,False,False
32,female,White,25.32512855529785,6.674871444702148,25-34,True,False,False,False,False,False,True,False,False,False,True,False,False,False,False,False
21,male,Black,29.243606567382812,8.243606567382812,18-24,False,True,False,True,False,False,False,False,False,True,False,False,False,False,False,False
72,female,White,79.5320816040039,7.532081604003906,65-84,True,False,False,False,False,False,True,False,False,False,False,False,False,True,False,False
16,male,White,18.894689559936523,2.8946895599365234,5-17,False,True,False,False,False,False,True,False,True,False,False,False,False,False,False,False
78,female,White,54.50355529785156,23.496444702148438,65-84,True,False,False,False,False,False,True,False,False,False,False,False,False,True,False,False
49,female,White,52.368080139160156,3.3680801391601562,45-64,True,False,False,False,False,False,True,False,False,False,False,False,True,False,False,False
29,male,White,40.68332290649414,11.68332290649414,25-34,False,True,False,False,False,False,True,False,False,False,True,False,False,False,False,False
66,male,White,53.128726959228516,12.871273040771484,65-84,False,True,False,False,False,False,True,False,False,False,False,False,False,True,False,False
37,male,Black,29.54290199279785,7.457098007202148,35-44,False,True,False,True,False,False,False,False,False,False,False,True,False,False,False,False
85,female,White,71.00670623779297,13.993293762207031,85-99,True,False,False,False,False,False,True,False,False,False,False,False,False,False,True,False
21,male,White,28.380443572998047,7.380443572998047,18-24,False,True,False,False,False,False,True,False,False,True,False,False,False,False,False,False
36,male,Black,32.29597473144531,3.7040252685546875,35-44,False,True,False,True,False,False,False,False,False,False,False,True,False,False,False,False
22,female,Indian,33.05540466308594,11.055404663085938,18-24,True,False,False,False,True,False,False,False,False,True,False,False,False,False,False,False
86,female,White,78.29642486572266,7.703575134277344,85-99,True,False,False,False,False,False,True,False,False,False,False,False,False,False,True,False
36,female,White,46.92817306518555,10.928173065185547,35-44,True,False,False,False,False,False,True,False,False,False,False,True,False,False,False,False
23,male,Black,27.55548858642578,4.555488586425781,18-24,False,True,False,True,False,False,False,False,False,True,False,False,False,False,False,False
88,female,White,70.1438217163086,17.856178283691406,85-99,True,False,False,False,False,False,True,False,False,False,False,False,False,False,True,False
1,male,Indian,0.9613391160964966,0.03866088390350342,0-4,False,True,False,False,True,False,False,True,False,False,False,False,False,False,False,False
26,female,Asian,24.50972557067871,1.490274429321289,25-34,True,False,True,False,False,False,False,False,False,False,True,False,False,False,False,False
20,male,Others,28.5150089263916,8.515008926391602,18-24,False,True,False,False,False,True,False,False,False,True,False,False,False,False,False,False
6,male,White,5.219796180725098,0.7802038192749023,5-17,False,True,False,False,False,False,True,False,True,False,False,False,False,False,False,False
45,male,White,29.526071548461914,15.473928451538086,45-64,False,True,False,False,False,False,True,False,False,False,False,False,True,False,False,False
1,female,Black,1.502485990524292,0.502485990524292,0-4,True,False,False,True,False,False,False,True,False,False,False,False,False,False,False,False
54,male,White,56.16505432128906,2.1650543212890625,45-64,False,True,False,False,False,False,True,False,False,False,False,False,True,False,False,False
8,male,White,14.706149101257324,6.706149101257324,5-17,False,True,False,False,False,False,True,False,True,False,False,False,False,False,False,False
35,male,Black,42.59873962402344,7.5987396240234375,35-44,False,True,False,True,False,False,False,False,False,False,False,True,False,False,False,False
21,female,Indian,28.84935760498047,7.849357604980469,18-24,True,False,False,False,True,False,False,False,False,True,False,False,False,False,False,False
10,female,White,18.985536575317383,8.985536575317383,5-17,True,False,False,False,False,False,True,False,True,False,False,False,False,False,False,False
20,male,White,24.437255859375,4.437255859375,18-24,False,True,False,False,False,False,True,False,False,True,False,False,False,False,False,False
45,male,White,31.86552619934082,13.13447380065918,45-64,False,True,False,False,False,False,True,False,False,False,False,False,True,False,False,False
5,female,Others,5.082002639770508,0.08200263977050781,5-17,True,False,False,False,False,True,False,False,True,False,False,False,False,False,False,False
36,female,Indian,28.427642822265625,7.572357177734375,35-44,True,False,False,False,True,False,False,False,False,False,False,True,False,False,False,False
89,male,Asian,69.12982940673828,19.87017059326172,85-99,False,True,True,False,False,False,False,False,False,False,False,False,False,False,True,False
53,male,White,50.33411407470703,2.6658859252929688,45-64,False,True,False,False,False,False,True,False,False,False,False,False,True,False,False,False
39,male,White,35.96116638183594,3.0388336181640625,35-44,False,True,False,False,False,False,True,False,False,False,False,True,False,False,False,False
26,female,Indian,30.4395694732666,4.439569473266602,25-34,True,False,False,False,True,False,False,False,False,False,True,False,False,False,False,False
24,female,Asian,17.04279327392578,6.957206726074219,18-24,True,False,True,False,False,False,False,False,False,True,False,False,False,False,False,False
35,female,White,21.128063201904297,13.871936798095703,35-44,True,False,False,False,False,False,True,False,False,False,False,True,False,False,False,False
13,female,White,15.436302185058594,2.4363021850585938,5-17,True,False,False,False,False,False,True,False,True,False,False,False,False,False,False,False
26,male,Black,27.02178955078125,1.02178955078125,25-34,False,True,False,True,False,False,False,False,False,False,True,False,False,False,False,False
47,male,White,29.496129989624023,17.503870010375977,45-64,False,True,False,False,False,False,True,False,False,False,False,False,True,False,False,False
28,male,Black,21.118383407592773,6.881616592407227,25-34,False,True,False,True,False,False,False,False,False,False,True,False,False,False,False,False
26,male,Indian,15.64956283569336,10.35043716430664,25-34,False,True,False,False,True,False,False,False,False,False,True,False,False,False,False,False
25,male,White,26.74464225769043,1.7446422576904297,25-34,False,True,False,False,False,False,True,False,False,False,True,False,False,False,False,False
21,female,Indian,25.26296615600586,4.262966156005859,18-24,True,False,False,False,True,False,False,False,False,True,False,False,False,False,False,False
8,female,Indian,6.8166913986206055,1.1833086013793945,5-17,True,False,False,False,True,False,False,False,True,False,False,False,False,False,False,False
60,male,White,42.86054992675781,17.139450073242188,45-64,False,True,False,False,False,False,True,False,False,False,False,False,True,False,False,False
36,female,Black,27.659446716308594,8.340553283691406,35-44,True,False,False,True,False,False,False,False,False,False,False,True,False,False,False,False
45,male,Black,49.736351013183594,4.736351013183594,45-64,False,True,False,True,False,False,False,False,False,False,False,False,True,False,False,False
47,male,Indian,45.09314727783203,1.9068527221679688,45-64,False,True,False,False,True,False,False,False,False,False,False,False,True,False,False,False
24,female,Indian,28.203371047973633,4.203371047973633,18-24,True,False,False,False,True,False,False,False,False,True,False,False,False,False,False,False
33,male,White,46.514007568359375,13.514007568359375,25-34,False,True,False,False,False,False,True,False,False,False,True,False,False,False,False,False
45,female,White,55.855831146240234,10.855831146240234,45-64,True,False,False,False,False,False,True,False,False,False,False,False,True,False,False,False
23,female,Indian,24.4894962310791,1.4894962310791016,18-24,True,False,False,False,True,False,False,False,False,True,False,False,False,False,False,False
24,female,Asian,31.390804290771484,7.390804290771484,18-24,True,False,True,False,False,False,False,False,False,True,False,False,False,False,False,False
32,male,Black,19.316638946533203,12.683361053466797,25-34,False,True,False,True,False,False,False,False,False,False,True,False,False,False,False,False
24,male,White,28.94849395751953,4.948493957519531,18-24,False,True,False,False,False,False,True,False,False,True,False,False,False,False,False,False
9,female,White,18.39393424987793,9.39393424987793,5-17,True,False,False,False,False,False,True,False,True,False,False,False,False,False,False,False
24,female,Others,30.851247787475586,6.851247787475586,18-24,True,False,False,False,False,True,False,False,False,True,False,False,False,False,False,False
27,male,Indian,28.104379653930664,1.104379653930664,25-34,False,True,False,False,True,False,False,False,False,False,True,False,False,False,False,False
28,male,Black,22.665088653564453,5.334911346435547,25-34,False,True,False,True,False,False,False,False,False,False,True,False,False,False,False,False
1,male,Asian,6.197042465209961,5.197042465209961,0-4,False,True,True,False,False,False,False,True,False,False,False,False,False,False,False,False
37,male,Asian,28.075702667236328,8.924297332763672,35-44,False,True,True,False,False,False,False,False,False,False,False,True,False,False,False,False
7,female,Asian,6.938107013702393,0.06189298629760742,5-17,True,False,True,False,False,False,False,False,True,False,False,False,False,False,False,False
1,male,Asian,1.2041454315185547,0.2041454315185547,0-4,False,True,True,False,False,False,False,True,False,False,False,False,False,False,False,False
31,female,Black,28.051305770874023,2.9486942291259766,25-34,True,False,False,True,False,False,False,False,False,False,True,False,False,False,False,False
4,female,White,3.1847589015960693,0.8152410984039307,0-4,True,False,False,False,False,False,True,True,False,False,False,False,False,False,False,False
24,male,White,26.524324417114258,2.524324417114258,18-24,False,True,False,False,False,False,True,False,False,True,False,False,False,False,False,False
10,female,Asian,14.546682357788086,4.546682357788086,5-17,True,False,True,False,False,False,False,False,True,False,False,False,False,False,False,False
25,female,Indian,31.50967025756836,6.509670257568359,25-34,True,False,False,False,True,False,False,False,False,False,True,False,False,False,False,False
64,male,Indian,49.70196533203125,14.29803466796875,45-64,False,True,False,False,True,False,False,False,False,False,False,False,True,False,False,False
40,male,White,29.363027572631836,10.636972427368164,35-44,False,True,False,False,False,False,True,False,False,False,False,True,False,False,False,False
58,male,Black,67.98750305175781,9.987503051757812,45-64,False,True,False,True,False,False,False,False,False,False,False,False,True,False,False,False
9,male,White,11.8396577835083,2.839657783508301,5-17,False,True,False,False,False,False,True,False,True,False,False,False,False,False,False,False
16,male,White,17.848459243774414,1.848459243774414,5-17,False,True,False,False,False,False,True,False,True,False,False,False,False,False,False,False
72,male,White,55.84819030761719,16.151809692382812,65-84,False,True,False,False,False,False,True,False,False,False,False,False,False,True,False,False
53,female,White,53.76692199707031,0.7669219970703125,45-64,True,False,False,False,False,False,True,False,False,False,False,False,True,False,False,False
21,male,White,21.458330154418945,0.4583301544189453,18-24,False,True,False,False,False,False,True,False,False,True,False,False,False,False,False,False
56,female,Indian,52.0206413269043,3.979358673095703,45-64,True,False,False,False,True,False,False,False,False,False,False,False,True,False,False,False
24,female,White,19.48048973083496,4.519510269165039,18-24,True,False,False,False,False,False,True,False,False,True,False,False,False,False,False,False
24,female,Black,26.177879333496094,2.1778793334960938,18-24,True,False,False,True,False,False,False,False,False,True,False,False,False,False,False,False
36,male,White,37.613609313964844,1.6136093139648438,35-44,False,True,False,False,False,False,True,False,False,False,False,True,False,False,False,False
43,male,White,37.11521911621094,5.8847808837890625,35-44,False,True,False,False,False,False,True,False,False,False,False,True,False,False,False,False
30,male,White,21.73643684387207,8.26356315612793,25-34,False,True,False,False,False,False,True,False,False,False,True,False,False,False,False,False
74,female,White,72.33271026611328,1.6672897338867188,65-84,True,False,False,False,False,False,True,False,False,False,False,False,False,True,False,False
24,female,Asian,21.839319229125977,2.1606807708740234,18-24,True,False,True,False,False,False,False,False,False,True,False,False,False,False,False,False
25,female,Indian,25.358577728271484,0.3585777282714844,25-34,True,False,False,False,True,False,False,False,False,False,True,False,False,False,False,False
1,female,Asian,0.7685752511024475,0.2314247488975525,0-4,True,False,True,False,False,False,False,True,False,False,False,False,False,False,False,False
26,female,Black,32.81891632080078,6.818916320800781,25-34,True,False,False,True,False,False,False,False,False,False,True,False,False,False,False,False
38,male,Black,35.1429443359375,2.8570556640625,35-44,False,True,False,True,False,False,False,False,False,False,False,True,False,False,False,False
24,female,Black,22.191511154174805,1.8084888458251953,18-24,True,False,False,True,False,False,False,False,False,True,False,False,False,False,False,False
30,female,White,28.897497177124023,1.1025028228759766,25-34,True,False,False,False,False,False,True,False,False,False,True,False,False,False,False,False
66,male,Indian,57.77207946777344,8.227920532226562,65-84,False,True,False,False,True,False,False,False,False,False,False,False,False,True,False,False
30,female,Asian,26.285749435424805,3.7142505645751953,25-34,True,False,True,False,False,False,False,False,False,False,True,False,False,False,False,False
32,male,Indian,28.79132652282715,3.2086734771728516,25-34,False,True,False,False,True,False,False,False,False,False,True,False,False,False,False,False
47,male,White,58.5596809387207,11.559680938720703,45-64,False,True,False,False,False,False,True,False,False,False,False,False,True,False,False,False
46,male,Others,30.76191520690918,15.23808479309082,45-64,False,True,False,False,False,True,False,False,False,False,False,False,True,False,False,False
26,male,Indian,34.42243194580078,8.422431945800781,25-34,False,True,False,False,True,False,False,False,False,False,True,False,False,False,False,False
35,female,Indian,23.822721481323242,11.177278518676758,35-44,True,False,False,False,True,False,False,False,False,False,False,True,False,False,False,False
26,male,Others,32.465240478515625,6.465240478515625,25-34,False,True,False,False,False,True,False,False,False,False,True,False,False,False,False,False
26,female,White,29.4908390045166,3.4908390045166016,25-34,True,False,False,False,False,False,True,False,False,False,True,False,False,False,False,False
42,male,White,39.29876708984375,2.70123291015625,35-44,False,True,False,False,False,False,True,False,False,False,False,True,False,False,False,False
31,female,White,33.66175842285156,2.6617584228515625,25-34,True,False,False,False,False,False,True,False,False,False,True,False,False,False,False,False
34,male,Black,34.195228576660156,0.19522857666015625,25-34,False,True,False,True,False,False,False,False,False,False,True,False,False,False,False,False
26,male,Black,29.21806526184082,3.2180652618408203,25-34,False,True,False,True,False,False,False,False,False,False,True,False,False,False,False,False
23,female,Black,26.784334182739258,3.784334182739258,18-24,True,False,False,True,False,False,False,False,False,True,False,False,False,False,False,False
29,female,White,28.084922790527344,0.9150772094726562,25-34,True,False,False,False,False,False,True,False,False,False,True,False,False,False,False,False
26,female,Black,29.320837020874023,3.3208370208740234,25-34,True,False,False,True,False,False,False,False,False,False,True,False,False,False,False,False
31,male,Black,22.705379486083984,8.294620513916016,25-34,False,True,False,True,False,False,False,False,False,False,True,False,False,False,False,False
46,male,White,56.428314208984375,10.428314208984375,45-64,False,True,False,False,False,False,True,False,False,False,False,False,True,False,False,False
35,male,Black,35.891876220703125,0.891876220703125,35-44,False,True,False,True,False,False,False,False,False,False,False,True,False,False,False,False
28,male,Black,27.272214889526367,0.7277851104736328,25-34,False,True,False,True,False,False,False,False,False,False,True,False,False,False,False,False
55,female,White,59.890708923339844,4.890708923339844,45-64,True,False,False,False,False,False,True,False,False,False,False,False,True,False,False,False
55,male,Indian,59.012046813964844,4.012046813964844,45-64,False,True,False,False,True,False,False,False,False,False,False,False,True,False,False,False
2,male,Others,1.1918069124221802,0.8081930875778198,0-4,False,True,False,False,False,True,False,True,False,False,False,False,False,False,False,False
26,female,Black,27.467256546020508,1.4672565460205078,25-34,True,False,False,True,False,False,False,False,False,False,True,False,False,False,False,False
1,male,Indian,0.594999372959137,0.40500062704086304,0-4,False,True,False,False,True,False,False,True,False,False,False,False,False,False,False,False
15,male,White,31.86781883239746,16.86781883239746,5-17,False,True,False,False,False,False,True,False,True,False,False,False,False,False,False,False
70,male,Asian,49.21184539794922,20.78815460205078,65-84,False,True,True,False,False,False,False,False,False,False,False,False,False,True,False,False
45,male,Asian,46.15250015258789,1.1525001525878906,45-64,False,True,True,False,False,False,False,False,False,False,False,False,True,False,False,False
49,male,White,34.05729675292969,14.942703247070312,45-64,False,True,False,False,False,False,True,False,False,False,False,False,True,False,False,False
7,female,Black,17.58009910583496,10.580099105834961,5-17,True,False,False,True,False,False,False,False,True,False,False,False,False,False,False,False
25,female,White,34.228397369384766,9.228397369384766,25-34,True,False,False,False,False,False,True,False,False,False,True,False,False,False,False,False
30,male,Asian,23.280651092529297,6.719348907470703,25-34,False,True,True,False,False,False,False,False,False,False,True,False,False,False,False,False
29,female,White,24.46717643737793,4.53282356262207,25-34,True,False,False,False,False,False,True,False,False,False,True,False,False,False,False,False
26,male,Indian,35.983455657958984,9.983455657958984,25-34,False,True,False,False,True,False,False,False,False,False,True,False,False,False,False,False
1,female,Others,0.169122576713562,0.830877423286438,0-4,True,False,False,False,False,True,False,True,False,False,False,False,False,False,False,False
8,female,White,9.799810409545898,1.7998104095458984,5-17,True,False,False,False,False,False,True,False,True,False,False,False,False,False,False,False
65,female,Indian,47.63117980957031,17.368820190429688,65-84,True,False,False,False,True,False,False,False,False,False,False,False,False,True,False,False
25,female,White,27.561838150024414,2.561838150024414,25-34,True,False,False,False,False,False,True,False,False,False,True,False,False,False,False,False
28,female,Black,34.941123962402344,6.941123962402344,25-34,True,False,False,True,False,False,False,False,False,False,True,False,False,False,False,False
28,female,White,29.417943954467773,1.4179439544677734,25-34,True,False,False,False,False,False,True,False,False,False,True,False,False,False,False,False
20,female,Black,21.094867706298828,1.0948677062988281,18-24,True,False,False,True,False,False,False,False,False,True,False,False,False,False,False,False
40,male,White,45.35160827636719,5.3516082763671875,35-44,False,True,False,False,False,False,True,False,False,False,False,True,False,False,False,False
14,male,Black,21.407560348510742,7.407560348510742,5-17,False,True,False,True,False,False,False,False,True,False,False,False,False,False,False,False
45,male,White,42.71134567260742,2.288654327392578,45-64,False,True,False,False,False,False,True,False,False,False,False,False,True,False,False,False
35,male,White,29.635656356811523,5.364343643188477,35-44,False,True,False,False,False,False,True,False,False,False,False,True,False,False,False,False
2,female,Asian,0.04595136642456055,1.9540486335754395,0-4,True,False,True,False,False,False,False,True,False,False,False,False,False,False,False,False
30,male,Black,32.41431427001953,2.4143142700195312,25-34,False,True,False,True,False,False,False,False,False,False,True,False,False,False,False,False
26,male,White,31.162817001342773,5.162817001342773,25-34,False,True,False,False,False,False,True,False,False,False,True,False,False,False,False,False
26,male,White,29.43117332458496,3.431173324584961,25-34,False,True,False,False,False,False,True,False,False,False,True,False,False,False,False,False
23,female,Black,24.23937225341797,1.2393722534179688,18-24,True,False,False,True,False,False,False,False,False,True,False,False,False,False,False,False
3,male,Others,14.22906494140625,11.22906494140625,0-4,False,True,False,False,False,True,False,True,False,False,False,False,False,False,False,False
17,female,White,17.430896759033203,0.4308967590332031,5-17,True,False,False,False,False,False,True,False,True,False,False,False,False,False,False,False
1,female,Indian,1.0969879627227783,0.09698796272277832,0-4,True,False,False,False,True,False,False,True,False,False,False,False,False,False,False,False
46,male,Black,29.89389419555664,16.10610580444336,45-64,False,True,False,True,False,False,False,False,False,False,False,False,True,False,False,False
1,male,Asian,-0.2890351414680481,1.289035141468048,0-4,False,True,True,False,False,False,False,True,False,False,False,False,False,False,False,False
32,male,Indian,33.070594787597656,1.0705947875976562,25-34,False,True,False,False,True,False,False,False,False,False,True,False,False,False,False,False
50,female,White,36.72117614746094,13.278823852539062,45-64,True,False,False,False,False,False,True,False,False,False,False,False,True,False,False,False
53,male,Asian,62.77217102050781,9.772171020507812,45-64,False,True,True,False,False,False,False,False,False,False,False,False,True,False,False,False
50,male,White,40.188385009765625,9.811614990234375,45-64,False,True,False,False,False,False,True,False,False,False,False,False,True,False,False,False
22,female,Indian,22.032546997070312,0.0325469970703125,18-24,True,False,False,False,True,False,False,False,False,True,False,False,False,False,False,False
45,female,Indian,42.86370086669922,2.1362991333007812,45-64,True,False,False,False,True,False,False,False,False,False,False,False,True,False,False,False
75,male,Asian,56.45353698730469,18.546463012695312,65-84,False,True,True,False,False,False,False,False,False,False,False,False,False,True,False,False
52,female,White,58.059349060058594,6.059349060058594,45-64,True,False,False,False,False,False,True,False,False,False,False,False,True,False,False,False
3,female,Indian,12.305562973022461,9.305562973022461,0-4,True,False,False,False,True,False,False,True,False,False,False,False,False,False,False,False
28,male,White,26.479768753051758,1.5202312469482422,25-34,False,True,False,False,False,False,True,False,False,False,True,False,False,False,False,False
32,male,White,37.76495361328125,5.76495361328125,25-34,False,True,False,False,False,False,True,False,False,False,True,False,False,False,False,False
28,male,White,25.077497482299805,2.9225025177001953,25-34,False,True,False,False,False,False,True,False,False,False,True,False,False,False,False,False
69,female,White,27.730195999145508,41.26980400085449,65-84,True,False,False,False,False,False,True,False,False,False,False,False,False,True,False,False
35,male,White,34.56977081298828,0.43022918701171875,35-44,False,True,False,False,False,False,True,False,False,False,False,True,False,False,False,False
29,female,White,28.652549743652344,0.34745025634765625,25-34,True,False,False,False,False,False,True,False,False,False,True,False,False,False,False,False
55,male,White,47.16978454589844,7.8302154541015625,45-64,False,True,False,False,False,False,True,False,False,False,False,False,True,False,False,False
65,male,White,70.82699584960938,5.826995849609375,65-84,False,True,False,False,False,False,True,False,False,False,False,False,False,True,False,False
24,female,Others,23.915687561035156,0.08431243896484375,18-24,True,False,False,False,False,True,False,False,False,True,False,False,False,False,False,False
27,male,White,21.73374366760254,5.266256332397461,25-34,False,True,False,False,False,False,True,False,False,False,True,False,False,False,False,False
37,female,Others,26.697153091430664,10.302846908569336,35-44,True,False,False,False,False,True,False,False,False,False,False,True,False,False,False,False
35,male,Black,29.928773880004883,5.071226119995117,35-44,False,True,False,True,False,False,False,False,False,False,False,True,False,False,False,False
26,male,White,42.976707458496094,16.976707458496094,25-34,False,True,False,False,False,False,True,False,False,False,True,False,False,False,False,False
40,female,White,40.06867980957031,0.0686798095703125,35-44,True,False,False,False,False,False,True,False,False,False,False,True,False,False,False,False
41,male,Black,54.75164031982422,13.751640319824219,35-44,False,True,False,True,False,False,False,False,False,False,False,True,False,False,False,False
23,female,Asian,24.92036247253418,1.9203624725341797,18-24,True,False,True,False,False,False,False,False,False,True,False,False,False,False,False,False
42,male,White,44.37405776977539,2.3740577697753906,35-44,False,True,False,False,False,False,True,False,False,False,False,True,False,False,False,False
56,male,White,57.22052764892578,1.2205276489257812,45-64,False,True,False,False,False,False,True,False,False,False,False,False,True,False,False,False
26,female,Indian,33.746253967285156,7.746253967285156,25-34,True,False,False,False,True,False,False,False,False,False,True,False,False,False,False,False
50,male,Indian,31.426355361938477,18.573644638061523,45-64,False,True,False,False,True,False,False,False,False,False,False,False,True,False,False,False
7,female,Black,7.260288238525391,0.2602882385253906,5-17,True,False,False,True,False,False,False,False,True,False,False,False,False,False,False,False
24,female,Black,37.009376525878906,13.009376525878906,18-24,True,False,False,True,False,False,False,False,False,True,False,False,False,False,False,False
5,female,Indian,14.912452697753906,9.912452697753906,5-17,True,False,False,False,True,False,False,False,True,False,False,False,False,False,False,False
28,male,White,35.35091018676758,7.350910186767578,25-34,False,True,False,False,False,False,True,False,False,False,True,False,False,False,False,False
49,female,White,49.61723327636719,0.6172332763671875,45-64,True,False,False,False,False,False,True,False,False,False,False,False,True,False,False,False
57,male,White,57.08036804199219,0.0803680419921875,45-64,False,True,False,False,False,False,True,False,False,False,False,False,True,False,False,False
28,female,White,30.397626876831055,2.3976268768310547,25-34,True,False,False,False,False,False,True,False,False,False,True,False,False,False,False,False
23,female,White,29.725557327270508,6.725557327270508,18-24,True,False,False,False,False,False,True,False,False,True,False,False,False,False,False,False
45,male,White,39.1661376953125,5.8338623046875,45-64,False,True,False,False,False,False,True,False,False,False,False,False,True,False,False,False
18,male,White,31.75721549987793,13.75721549987793,18-24,False,True,False,False,False,False,True,False,False,True,False,False,False,False,False,False
58,male,White,58.976837158203125,0.976837158203125,45-64,False,True,False,False,False,False,True,False,False,False,False,False,True,False,False,False
17,male,Indian,23.761507034301758,6.761507034301758,5-17,False,True,False,False,True,False,False,False,True,False,False,False,False,False,False,False
7,female,Others,15.347068786621094,8.347068786621094,5-17,True,False,False,False,False,True,False,False,True,False,False,False,False,False,False,False
26,male,Indian,32.892112731933594,6.892112731933594,25-34,False,True,False,False,True,False,False,False,False,False,True,False,False,False,False,False
35,female,White,52.21720886230469,17.217208862304688,35-44,True,False,False,False,False,False,True,False,False,False,False,True,False,False,False,False
20,female,White,22.364770889282227,2.3647708892822266,18-24,True,False,False,False,False,False,True,False,False,True,False,False,False,False,False,False
35,male,Indian,35.13116455078125,0.13116455078125,35-44,False,True,False,False,True,False,False,False,False,False,False,True,False,False,False,False
34,female,Others,38.667701721191406,4.667701721191406,25-34,True,False,False,False,False,True,False,False,False,False,True,False,False,False,False,False
1,male,Asian,1.2814596891403198,0.2814596891403198,0-4,False,True,True,False,False,False,False,True,False,False,False,False,False,False,False,False
26,female,White,39.3139533996582,13.313953399658203,25-34,True,False,False,False,False,False,True,False,False,False,True,False,False,False,False,False
24,female,Indian,26.443910598754883,2.443910598754883,18-24,True,False,False,False,True,False,False,False,False,True,False,False,False,False,False,False
47,male,White,42.12788391113281,4.8721160888671875,45-64,False,True,False,False,False,False,True,False,False,False,False,False,True,False,False,False
39,male,White,36.556053161621094,2.4439468383789062,35-44,False,True,False,False,False,False,True,False,False,False,False,True,False,False,False,False
1,male,Indian,1.5504058599472046,0.5504058599472046,0-4,False,True,False,False,True,False,False,True,False,False,False,False,False,False,False,False
40,male,Asian,19.916362762451172,20.083637237548828,35-44,False,True,True,False,False,False,False,False,False,False,False,True,False,False,False,False
27,female,Others,25.051963806152344,1.9480361938476562,25-34,True,False,False,False,False,True,False,False,False,False,True,False,False,False,False,False
56,female,White,56.405364990234375,0.405364990234375,45-64,True,False,False,False,False,False,True,False,False,False,False,False,True,False,False,False
66,female,White,63.20242691040039,2.7975730895996094,65-84,True,False,False,False,False,False,True,False,False,False,False,False,False,True,False,False
1,male,White,0.32320651412010193,0.6767934858798981,0-4,False,True,False,False,False,False,True,True,False,False,False,False,False,False,False,False
36,male,White,55.32575607299805,19.325756072998047,35-44,False,True,False,False,False,False,True,False,False,False,False,True,False,False,False,False
61,male,Black,55.52349090576172,5.476509094238281,45-64,False,True,False,True,False,False,False,False,False,False,False,False,True,False,False,False
8,male,White,5.496072769165039,2.503927230834961,5-17,False,True,False,False,False,False,True,False,True,False,False,False,False,False,False,False
26,male,Indian,30.112165451049805,4.112165451049805,25-34,False,True,False,False,True,False,False,False,False,False,True,False,False,False,False,False
7,female,White,8.639763832092285,1.6397638320922852,5-17,True,False,False,False,False,False,True,False,True,False,False,False,False,False,False,False
39,male,Indian,33.2602424621582,5.739757537841797,35-44,False,True,False,False,True,False,False,False,False,False,False,True,False,False,False,False
65,male,White,51.154212951660156,13.845787048339844,65-84,False,True,False,False,False,False,True,False,False,False,False,False,False,True,False,False
28,male,Black,34.01535415649414,6.015354156494141,25-34,False,True,False,True,False,False,False,False,False,False,True,False,False,False,False,False
45,male,Black,29.6624698638916,15.337530136108398,45-64,False,True,False,True,False,False,False,False,False,False,False,False,True,False,False,False
26,male,White,30.79445457458496,4.794454574584961,25-34,False,True,False,False,False,False,True,False,False,False,True,False,False,False,False,False
35,female,Asian,33.34611129760742,1.6538887023925781,35-44,True,False,True,False,False,False,False,False,False,False,False,True,False,False,False,False
31,male,Asian,39.94000244140625,8.94000244140625,25-34,False,True,True,False,False,False,False,False,False,False,True,False,False,False,False,False
26,male,Black,29.324338912963867,3.324338912963867,25-34,False,True,False,True,False,False,False,False,False,False,True,False,False,False,False,False
60,male,White,38.203453063964844,21.796546936035156,45-64,False,True,False,False,False,False,True,False,False,False,False,False,True,False,False,False
26,female,Indian,29.77806282043457,3.7780628204345703,25-34,True,False,False,False,True,False,False,False,False,False,True,False,False,False,False,False
45,male,White,48.79734802246094,3.7973480224609375,45-64,False,True,False,False,False,False,True,False,False,False,False,False,True,False,False,False
1,female,Black,2.816875457763672,1.8168754577636719,0-4,True,False,False,True,False,False,False,True,False,False,False,False,False,False,False,False
43,male,White,42.864219665527344,0.13578033447265625,35-44,False,True,False,False,False,False,True,False,False,False,False,True,False,False,False,False
16,female,White,9.651333808898926,6.348666191101074,5-17,True,False,False,False,False,False,True,False,True,False,False,False,False,False,False,False
1,male,Indian,1.881341814994812,0.881341814994812,0-4,False,True,False,False,True,False,False,True,False,False,False,False,False,False,False,False
54,female,White,38.45906066894531,15.540939331054688,45-64,True,False,False,False,False,False,True,False,False,False,False,False,True,False,False,False
55,female,Asian,43.558921813964844,11.441078186035156,45-64,True,False,True,False,False,False,False,False,False,False,False,False,True,False,False,False
65,male,Black,48.43577575683594,16.564224243164062,65-84,False,True,False,True,False,False,False,False,False,False,False,False,False,True,False,False
27,female,Indian,31.851938247680664,4.851938247680664,25-34,True,False,False,False,True,False,False,False,False,False,True,False,False,False,False,False
26,female,Black,28.757152557373047,2.757152557373047,25-34,True,False,False,True,False,False,False,False,False,False,True,False,False,False,False,False
23,male,Black,26.951772689819336,3.951772689819336,18-24,False,True,False,True,False,False,False,False,False,True,False,False,False,False,False,False
26,female,White,23.882699966430664,2.117300033569336,25-34,True,False,False,False,False,False,True,False,False,False,True,False,False,False,False,False
34,female,Black,23.229211807250977,10.770788192749023,25-34,True,False,False,True,False,False,False,False,False,False,True,False,False,False,False,False
40,male,Asian,43.33213806152344,3.3321380615234375,35-44,False,True,True,False,False,False,False,False,False,False,False,True,False,False,False,False
32,female,White,27.044591903686523,4.955408096313477,25-34,True,False,False,False,False,False,True,False,False,False,True,False,False,False,False,False
35,male,Others,27.121488571166992,7.878511428833008,35-44,False,True,False,False,False,True,False,False,False,False,False,True,False,False,False,False
21,female,Asian,27.12944984436035,6.129449844360352,18-24,True,False,True,False,False,False,False,False,False,True,False,False,False,False,False,False
34,male,Indian,31.1853084564209,2.8146915435791016,25-34,False,True,False,False,True,False,False,False,False,False,True,False,False,False,False,False
72,male,Asian,52.06114196777344,19.938858032226562,65-84,False,True,True,False,False,False,False,False,False,False,False,False,False,True,False,False
53,male,White,53.896820068359375,0.896820068359375,45-64,False,True,False,False,False,False,True,False,False,False,False,False,True,False,False,False
28,male,White,40.08380889892578,12.083808898925781,25-34,False,True,False,False,False,False,True,False,False,False,True,False,False,False,False,False
1,male,Indian,-0.2547265589237213,1.2547265589237213,0-4,False,True,False,False,True,False,False,True,False,False,False,False,False,False,False,False
21,female,Black,25.042421340942383,4.042421340942383,18-24,True,False,False,True,False,False,False,False,False,True,False,False,False,False,False,False
69,male,White,71.7993392944336,2.7993392944335938,65-84,False,True,False,False,False,False,True,False,False,False,False,False,False,True,False,False
70,male,Black,57.479286193847656,12.520713806152344,65-84,False,True,False,True,False,False,False,False,False,False,False,False,False,True,False,False
1,male,Others,0.908243715763092,0.09175628423690796,0-4,False,True,False,False,False,True,False,True,False,False,False,False,False,False,False,False
7,female,White,7.965301036834717,0.9653010368347168,5-17,True,False,False,False,False,False,True,False,True,False,False,False,False,False,False,False
25,female,Black,26.2304630279541,1.2304630279541016,25-34,True,False,False,True,False,False,False,False,False,False,True,False,False,False,False,False
32,male,White,18.576452255249023,13.423547744750977,25-34,False,True,False,False,False,False,True,False,False,False,True,False,False,False,False,False
44,male,White,53.88911819458008,9.889118194580078,35-44,False,True,False,False,False,False,True,False,False,False,False,True,False,False,False,False
3,male,Asian,2.833041191101074,0.16695880889892578,0-4,False,True,True,False,False,False,False,True,False,False,False,False,False,False,False,False
47,male,Indian,59.16761016845703,12.167610168457031,45-64,False,True,False,False,True,False,False,False,False,False,False,False,True,False,False,False
1,male,Indian,4.194211959838867,3.194211959838867,0-4,False,True,False,False,True,False,False,True,False,False,False,False,False,False,False,False
26,male,Black,35.87203598022461,9.87203598022461,25-34,False,True,False,True,False,False,False,False,False,False,True,False,False,False,False,False
25,female,White,19.1641902923584,5.835809707641602,25-34,True,False,False,False,False,False,True,False,False,False,True,False,False,False,False,False
24,female,White,11.03603744506836,12.96396255493164,18-24,True,False,False,False,False,False,True,False,False,True,False,False,False,False,False,False
2,male,Asian,0.9498379826545715,1.0501620173454285,0-4,False,True,True,False,False,False,False,True,False,False,False,False,False,False,False,False
17,female,White,15.49017333984375,1.50982666015625,5-17,True,False,False,False,False,False,True,False,True,False,False,False,False,False,False,False
1,male,Asian,0.2233143001794815,0.7766856998205185,0-4,False,True,True,False,False,False,False,True,False,False,False,False,False,False,False,False
10,female,Black,7.436997413635254,2.563002586364746,5-17,True,False,False,True,False,False,False,False,True,False,False,False,False,False,False,False
50,male,Black,29.87814712524414,20.12185287475586,45-64,False,True,False,True,False,False,False,False,False,False,False,False,True,False,False,False
26,female,Asian,29.990150451660156,3.9901504516601562,25-34,True,False,True,False,False,False,False,False,False,False,True,False,False,False,False,False
32,male,White,34.17735290527344,2.1773529052734375,25-34,False,True,False,False,False,False,True,False,False,False,True,False,False,False,False,False
26,female,Black,26.218530654907227,0.21853065490722656,25-34,True,False,False,True,False,False,False,False,False,False,True,False,False,False,False,False
45,male,Others,39.583587646484375,5.416412353515625,45-64,False,True,False,False,False,True,False,False,False,False,False,False,True,False,False,False
24,male,Others,19.532609939575195,4.467390060424805,18-24,False,True,False,False,False,True,False,False,False,True,False,False,False,False,False,False
28,male,White,27.564462661743164,0.43553733825683594,25-34,False,True,False,False,False,False,True,False,False,False,True,False,False,False,False,False
4,male,Indian,7.377167701721191,3.3771677017211914,0-4,False,True,False,False,True,False,False,True,False,False,False,False,False,False,False,False
34,female,Black,30.135438919067383,3.864561080932617,25-34,True,False,False,True,False,False,False,False,False,False,True,False,False,False,False,False
1,male,Indian,4.4749250411987305,3.4749250411987305,0-4,False,True,False,False,True,False,False,True,False,False,False,False,False,False,False,False
36,female,White,23.545053482055664,12.454946517944336,35-44,True,False,False,False,False,False,True,False,False,False,False,True,False,False,False,False
32,female,White,27.42448616027832,4.57551383972168,25-34,True,False,False,False,False,False,True,False,False,False,True,False,False,False,False,False
20,female,Black,24.753759384155273,4.753759384155273,18-24,True,False,False,True,False,False,False,False,False,True,False,False,False,False,False,False
40,female,Black,25.766538619995117,14.233461380004883,35-44,True,False,False,True,False,False,False,False,False,False,False,True,False,False,False,False
1,female,Others,8.180631637573242,7.180631637573242,0-4,True,False,False,False,False,True,False,True,False,False,False,False,False,False,False,False
21,female,White,21.603641510009766,0.6036415100097656,18-24,True,False,False,False,False,False,True,False,False,True,False,False,False,False,False,False
30,male,Asian,20.505264282226562,9.494735717773438,25-34,False,True,True,False,False,False,False,False,False,False,True,False,False,False,False,False
45,male,Others,34.98713684082031,10.012863159179688,45-64,False,True,False,False,False,True,False,False,False,False,False,False,True,False,False,False
59,male,White,54.90873336791992,4.091266632080078,45-64,False,True,False,False,False,False,True,False,False,False,False,False,True,False,False,False
58,male,Others,39.99016189575195,18.009838104248047,45-64,False,True,False,False,False,True,False,False,False,False,False,False,True,False,False,False
17,male,White,38.85527420043945,21.855274200439453,5-17,False,True,False,False,False,False,True,False,True,False,False,False,False,False,False,False
30,female,White,37.5239143371582,7.523914337158203,25-34,True,False,False,False,False,False,True,False,False,False,True,False,False,False,False,False
11,male,White,8.73696517944336,2.2630348205566406,5-17,False,True,False,False,False,False,True,False,True,False,False,False,False,False,False,False
1,male,Asian,0.39434733986854553,0.6056526601314545,0-4,False,True,True,False,False,False,False,True,False,False,False,False,False,False,False,False
32,male,Others,45.68231201171875,13.68231201171875,25-34,False,True,False,False,False,True,False,False,False,False,True,False,False,False,False,False
56,male,White,52.94841766357422,3.0515823364257812,45-64,False,True,False,False,False,False,True,False,False,False,False,False,True,False,False,False
36,male,White,44.360477447509766,8.360477447509766,35-44,False,True,False,False,False,False,True,False,False,False,False,True,False,False,False,False
26,female,Indian,20.599584579467773,5.400415420532227,25-34,True,False,False,False,True,False,False,False,False,False,True,False,False,False,False,False
6,female,White,6.715792655944824,0.7157926559448242,5-17,True,False,False,False,False,False,True,False,True,False,False,False,False,False,False,False
35,male,White,29.29929542541504,5.700704574584961,35-44,False,True,False,False,False,False,True,False,False,False,False,True,False,False,False,False
35,female,Black,31.59709930419922,3.4029006958007812,35-44,True,False,False,True,False,False,False,False,False,False,False,True,False,False,False,False
52,male,White,47.14422607421875,4.85577392578125,45-64,False,True,False,False,False,False,True,False,False,False,False,False,True,False,False,False
29,male,Indian,31.514385223388672,2.514385223388672,25-34,False,True,False,False,True,False,False,False,False,False,True,False,False,False,False,False
35,male,White,41.31010437011719,6.3101043701171875,35-44,False,True,False,False,False,False,True,False,False,False,False,True,False,False,False,False
29,female,White,32.036598205566406,3.0365982055664062,25-34,True,False,False,False,False,False,True,False,False,False,True,False,False,False,False,False
80,male,White,62.29576110839844,17.704238891601562,65-84,False,True,False,False,False,False,True,False,False,False,False,False,False,True,False,False
65,male,White,55.536354064941406,9.463645935058594,65-84,False,True,False,False,False,False,True,False,False,False,False,False,False,True,False,False
4,female,White,3.9949076175689697,0.0050923824310302734,0-4,True,False,False,False,False,False,True,True,False,False,False,False,False,False,False,False
55,male,Indian,56.089324951171875,1.089324951171875,45-64,False,True,False,False,True,False,False,False,False,False,False,False,True,False,False,False
50,male,White,46.568572998046875,3.431427001953125,45-64,False,True,False,False,False,False,True,False,False,False,False,False,True,False,False,False
29,male,Black,30.839313507080078,1.8393135070800781,25-34,False,True,False,True,False,False,False,False,False,False,True,False,False,False,False,False
35,female,White,28.078855514526367,6.921144485473633,35-44,True,False,False,False,False,False,True,False,False,False,False,True,False,False,False,False
4,female,White,3.661262035369873,0.33873796463012695,0-4,True,False,False,False,False,False,True,True,False,False,False,False,False,False,False,False
29,female,White,24.817522048950195,4.182477951049805,25-34,True,False,False,False,False,False,True,False,False,False,True,False,False,False,False,False
2,female,Asian,1.2671903371810913,0.7328096628189087,0-4,True,False,True,False,False,False,False,True,False,False,False,False,False,False,False,False
26,female,Others,18.700864791870117,7.299135208129883,25-34,True,False,False,False,False,True,False,False,False,False,True,False,False,False,False,False
26,female,White,36.78131866455078,10.781318664550781,25-34,True,False,False,False,False,False,True,False,False,False,True,False,False,False,False,False
2,female,Indian,1.383457064628601,0.6165429353713989,0-4,True,False,False,False,True,False,False,True,False,False,False,False,False,False,False,False
26,male,Asian,29.08765983581543,3.0876598358154297,25-34,False,True,True,False,False,False,False,False,False,False,True,False,False,False,False,False
82,male,Asian,69.76085662841797,12.239143371582031,65-84,False,True,True,False,False,False,False,False,False,False,False,False,False,True,False,False
26,male,Asian,30.645158767700195,4.645158767700195,25-34,False,True,True,False,False,False,False,False,False,False,True,False,False,False,False,False
26,male,Black,26.09800148010254,0.09800148010253906,25-34,False,True,False,True,False,False,False,False,False,False,True,False,False,False,False,False
26,male,White,28.41615867614746,2.416158676147461,25-34,False,True,False,False,False,False,True,False,False,False,True,False,False,False,False,False
26,male,White,25.101516723632812,0.8984832763671875,25-34,False,True,False,False,False,False,True,False,False,False,True,False,False,False,False,False
26,male,White,29.24675941467285,3.2467594146728516,25-34,False,True,False,False,False,False,True,False,False,False,True,False,False,False,False,False
30,female,Black,28.112802505493164,1.887197494506836,25-34,True,False,False,True,False,False,False,False,False,False,True,False,False,False,False,False
50,female,White,35.3385009765625,14.6614990234375,45-64,True,False,False,False,False,False,True,False,False,False,False,False,True,False,False,False
23,female,Others,30.330900192260742,7.330900192260742,18-24,True,False,False,False,False,True,False,False,False,True,False,False,False,False,False,False
31,female,Black,33.32170867919922,2.3217086791992188,25-34,True,False,False,True,False,False,False,False,False,False,True,False,False,False,False,False
25,female,Asian,21.177648544311523,3.8223514556884766,25-34,True,False,True,False,False,False,False,False,False,False,True,False,False,False,False,False
17,male,Indian,21.280481338500977,4.280481338500977,5-17,False,True,False,False,True,False,False,False,True,False,False,False,False,False,False,False
27,male,White,23.9685001373291,3.0314998626708984,25-34,False,True,False,False,False,False,True,False,False,False,True,False,False,False,False,False
50,male,Black,52.600250244140625,2.600250244140625,45-64,False,True,False,True,False,False,False,False,False,False,False,False,True,False,False,False
36,male,Indian,36.49995422363281,0.4999542236328125,35-44,False,True,False,False,True,False,False,False,False,False,False,True,False,False,False,False
2,male,Others,0.7288806438446045,1.2711193561553955,0-4,False,True,False,False,False,True,False,True,False,False,False,False,False,False,False,False
26,male,White,31.199159622192383,5.199159622192383,25-34,False,True,False,False,False,False,True,False,False,False,True,False,False,False,False,False
46,female,Black,29.78658103942871,16.21341896057129,45-64,True,False,False,True,False,False,False,False,False,False,False,False,True,False,False,False
1,male,Others,0.0840236246585846,0.9159763753414154,0-4,False,True,False,False,False,True,False,True,False,False,False,False,False,False,False,False
40,male,White,34.64555358886719,5.3544464111328125,35-44,False,True,False,False,False,False,True,False,False,False,False,True,False,False,False,False
39,male,White,53.86651611328125,14.86651611328125,35-44,False,True,False,False,False,False,True,False,False,False,False,True,False,False,False,False
26,female,Indian,25.73334312438965,0.26665687561035156,25-34,True,False,False,False,True,False,False,False,False,False,True,False,False,False,False,False
16,female,White,7.992220878601074,8.007779121398926,5-17,True,False,False,False,False,False,True,False,True,False,False,False,False,False,False,False
35,male,Black,40.448883056640625,5.448883056640625,35-44,False,True,False,True,False,False,False,False,False,False,False,True,False,False,False,False
16,male,White,17.995214462280273,1.9952144622802734,5-17,False,True,False,False,False,False,True,False,True,False,False,False,False,False,False,False
2,male,Indian,0.16435891389846802,1.835641086101532,0-4,False,True,False,False,True,False,False,True,False,False,False,False,False,False,False,False
27,female,White,23.22410774230957,3.7758922576904297,25-34,True,False,False,False,False,False,True,False,False,False,True,False,False,False,False,False
85,female,White,63.758644104003906,21.241355895996094,85-99,True,False,False,False,False,False,True,False,False,False,False,False,False,False,True,False
27,female,Black,25.39841079711914,1.6015892028808594,25-34,True,False,False,True,False,False,False,False,False,False,True,False,False,False,False,False
34,male,Black,34.2115478515625,0.2115478515625,25-34,False,True,False,True,False,False,False,False,False,False,True,False,False,False,False,False
1,male,Asian,0.5928728580474854,0.40712714195251465,0-4,False,True,True,False,False,False,False,True,False,False,False,False,False,False,False,False
2,male,White,2.2222213745117188,0.22222137451171875,0-4,False,True,False,False,False,False,True,True,False,False,False,False,False,False,False,False
29,male,Indian,31.401552200317383,2.401552200317383,25-34,False,True,False,False,True,False,False,False,False,False,True,False,False,False,False,False
29,female,Black,24.87738609313965,4.122613906860352,25-34,True,False,False,True,False,False,False,False,False,False,True,False,False,False,False,False
27,female,Asian,33.2313232421875,6.2313232421875,25-34,True,False,True,False,False,False,False,False,False,False,True,False,False,False,False,False
30,female,Asian,21.783483505249023,8.216516494750977,25-34,True,False,True,False,False,False,False,False,False,False,True,False,False,False,False,False
57,female,Black,48.746009826660156,8.253990173339844,45-64,True,False,False,True,False,False,False,False,False,False,False,False,True,False,False,False
1,female,Asian,-0.22203893959522247,1.2220389395952225,0-4,True,False,True,False,False,False,False,True,False,False,False,False,False,False,False,False
8,female,White,6.461728096008301,1.5382719039916992,5-17,True,False,False,False,False,False,True,False,True,False,False,False,False,False,False,False
27,male,Asian,25.99340057373047,1.0065994262695312,25-34,False,True,True,False,False,False,False,False,False,False,True,False,False,False,False,False
1,male,Asian,0.08761760592460632,0.9123823940753937,0-4,False,True,True,False,False,False,False,True,False,False,False,False,False,False,False,False
36,male,Indian,34.191139221191406,1.8088607788085938,35-44,False,True,False,False,True,False,False,False,False,False,False,True,False,False,False,False
29,female,Black,28.841310501098633,0.1586894989013672,25-34,True,False,False,True,False,False,False,False,False,False,True,False,False,False,False,False
53,male,White,52.89778137207031,0.1022186279296875,45-64,False,True,False,False,False,False,True,False,False,False,False,False,True,False,False,False
37,female,White,47.59449768066406,10.594497680664062,35-44,True,False,False,False,False,False,True,False,False,False,False,True,False,False,False,False
32,male,Black,49.50800704956055,17.508007049560547,25-34,False,True,False,True,False,False,False,False,False,False,True,False,False,False,False,False
1,male,Asian,-0.10787440836429596,1.107874408364296,0-4,False,True,True,False,False,False,False,True,False,False,False,False,False,False,False,False
39,male,White,38.85138702392578,0.14861297607421875,35-44,False,True,False,False,False,False,True,False,False,False,False,True,False,False,False,False
10,male,White,17.364768981933594,7.364768981933594,5-17,False,True,False,False,False,False,True,False,True,False,False,False,False,False,False,False
32,male,Asian,25.416723251342773,6.583276748657227,25-34,False,True,True,False,False,False,False,False,False,False,True,False,False,False,False,False
73,male,White,76.63944244384766,3.6394424438476562,65-84,False,True,False,False,False,False,True,False,False,False,False,False,False,True,False,False
26,male,Black,30.80756187438965,4.807561874389648,25-34,False,True,False,True,False,False,False,False,False,False,True,False,False,False,False,False
31,female,White,33.911869049072266,2.9118690490722656,25-34,True,False,False,False,False,False,True,False,False,False,True,False,False,False,False,False
1,female,Asian,0.5522449612617493,0.44775503873825073,0-4,True,False,True,False,False,False,False,True,False,False,False,False,False,False,False,False
53,female,White,48.598472595214844,4.401527404785156,45-64,True,False,False,False,False,False,True,False,False,False,False,False,True,False,False,False
26,female,White,31.119688034057617,5.119688034057617,25-34,True,False,False,False,False,False,True,False,False,False,True,False,False,False,False,False
24,female,Asian,27.887361526489258,3.887361526489258,18-24,True,False,True,False,False,False,False,False,False,True,False,False,False,False,False,False
26,male,Black,24.22902488708496,1.770975112915039,25-34,False,True,False,True,False,False,False,False,False,False,True,False,False,False,False,False
70,male,White,53.37565994262695,16.624340057373047,65-84,False,True,False,False,False,False,True,False,False,False,False,False,False,True,False,False
1,female,White,1.2744994163513184,0.27449941635131836,0-4,True,False,False,False,False,False,True,True,False,False,False,False,False,False,False,False
32,male,Indian,35.064674377441406,3.0646743774414062,25-34,False,True,False,False,True,False,False,False,False,False,True,False,False,False,False,False
6,female,White,9.68095874786377,3.6809587478637695,5-17,True,False,False,False,False,False,True,False,True,False,False,False,False,False,False,False
32,female,Asian,28.012941360473633,3.987058639526367,25-34,True,False,True,False,False,False,False,False,False,False,True,False,False,False,False,False
26,female,Indian,27.028287887573242,1.0282878875732422,25-34,True,False,False,False,True,False,False,False,False,False,True,False,False,False,False,False
68,male,White,54.06146240234375,13.93853759765625,65-84,False,True,False,False,False,False,True,False,False,False,False,False,False,True,False,False
62,male,Black,59.913330078125,2.086669921875,45-64,False,True,False,True,False,False,False,False,False,False,False,False,True,False,False,False
15,male,Black,22.590538024902344,7.590538024902344,5-17,False,True,False,True,False,False,False,False,True,False,False,False,False,False,False,False
36,male,Black,33.72735595703125,2.27264404296875,35-44,False,True,False,True,False,False,False,False,False,False,False,True,False,False,False,False
2,male,White,1.0309734344482422,0.9690265655517578,0-4,False,True,False,False,False,False,True,True,False,False,False,False,False,False,False,False
24,female,Indian,27.998281478881836,3.998281478881836,18-24,True,False,False,False,True,False,False,False,False,True,False,False,False,False,False,False
36,male,White,43.662254333496094,7.662254333496094,35-44,False,True,False,False,False,False,True,False,False,False,False,True,False,False,False,False
13,male,White,11.992341995239258,1.0076580047607422,5-17,False,True,False,False,False,False,True,False,True,False,False,False,False,False,False,False
28,female,Indian,18.39345359802246,9.606546401977539,25-34,True,False,False,False,True,False,False,False,False,False,True,False,False,False,False,False
56,male,White,54.01095199584961,1.9890480041503906,45-64,False,True,False,False,False,False,True,False,False,False,False,False,True,False,False,False
36,female,Indian,25.305828094482422,10.694171905517578,35-44,True,False,False,False,True,False,False,False,False,False,False,True,False,False,False,False
26,female,Asian,25.028791427612305,0.9712085723876953,25-34,True,False,True,False,False,False,False,False,False,False,True,False,False,False,False,False
58,female,Black,54.42749786376953,3.5725021362304688,45-64,True,False,False,True,False,False,False,False,False,False,False,False,True,False,False,False
80,female,Others,70.90121459960938,9.098785400390625,65-84,True,False,False,False,False,True,False,False,False,False,False,False,False,True,False,False
8,female,White,6.479803562164307,1.5201964378356934,5-17,True,False,False,False,False,False,True,False,True,False,False,False,False,False,False,False
22,female,Indian,23.021406173706055,1.0214061737060547,18-24,True,False,False,False,True,False,False,False,False,True,False,False,False,False,False,False
23,female,Asian,25.839359283447266,2.8393592834472656,18-24,True,False,True,False,False,False,False,False,False,True,False,False,False,False,False,False
34,male,White,43.3922119140625,9.3922119140625,25-34,False,True,False,False,False,False,True,False,False,False,True,False,False,False,False,False
18,male,Black,11.589509010314941,6.410490989685059,18-24,False,True,False,True,False,False,False,False,False,True,False,False,False,False,False,False
30,male,Indian,24.205015182495117,5.794984817504883,25-34,False,True,False,False,True,False,False,False,False,False,True,False,False,False,False,False
15,male,White,15.641475677490234,0.6414756774902344,5-17,False,True,False,False,False,False,True,False,True,False,False,False,False,False,False,False
1,female,Indian,1.1174358129501343,0.11743581295013428,0-4,True,False,False,False,True,False,False,True,False,False,False,False,False,False,False,False
35,male,Asian,35.01445007324219,0.0144500732421875,35-44,False,True,True,False,False,False,False,False,False,False,False,True,False,False,False,False
22,male,Others,22.7897891998291,0.7897891998291016,18-24,False,True,False,False,False,True,False,False,False,True,False,False,False,False,False,False
84,female,White,56.30332565307617,27.696674346923828,65-84,True,False,False,False,False,False,True,False,False,False,False,False,False,True,False,False
53,female,White,52.60197067260742,0.3980293273925781,45-64,True,False,False,False,False,False,True,False,False,False,False,False,True,False,False,False
26,male,Others,24.618968963623047,1.3810310363769531,25-34,False,True,False,False,False,True,False,False,False,False,True,False,False,False,False,False
38,female,Indian,26.54933738708496,11.450662612915039,35-44,True,False,False,False,True,False,False,False,False,False,False,True,False,False,False,False
40,male,White,22.246803283691406,17.753196716308594,35-44,False,True,False,False,False,False,True,False,False,False,False,True,False,False,False,False
2,male,Asian,-0.07503819465637207,2.075038194656372,0-4,False,True,True,False,False,False,False,True,False,False,False,False,False,False,False,False
36,male,Indian,26.813447952270508,9.186552047729492,35-44,False,True,False,False,True,False,False,False,False,False,False,True,False,False,False,False
58,male,White,61.80303192138672,3.8030319213867188,45-64,False,True,False,False,False,False,True,False,False,False,False,False,True,False,False,False
46,male,White,38.01019287109375,7.98980712890625,45-64,False,True,False,False,False,False,True,False,False,False,False,False,True,False,False,False
36,female,Black,29.878787994384766,6.121212005615234,35-44,True,False,False,True,False,False,False,False,False,False,False,True,False,False,False,False
54,male,Indian,39.735172271728516,14.264827728271484,45-64,False,True,False,False,True,False,False,False,False,False,False,False,True,False,False,False
50,male,Asian,56.17228698730469,6.1722869873046875,45-64,False,True,True,False,False,False,False,False,False,False,False,False,True,False,False,False
56,male,White,55.75865936279297,0.24134063720703125,45-64,False,True,False,False,False,False,True,False,False,False,False,False,True,False,False,False
29,female,Others,28.773874282836914,0.22612571716308594,25-34,True,False,False,False,False,True,False,False,False,False,True,False,False,False,False,False
9,male,White,2.933112859725952,6.066887140274048,5-17,False,True,False,False,False,False,True,False,True,False,False,False,False,False,False,False
26,male,Black,25.150354385375977,0.8496456146240234,25-34,False,True,False,True,False,False,False,False,False,False,True,False,False,False,False,False
55,female,White,49.449928283691406,5.550071716308594,45-64,True,False,False,False,False,False,True,False,False,False,False,False,True,False,False,False
1,female,White,1.4641848802566528,0.46418488025665283,0-4,True,False,False,False,False,False,True,True,False,False,False,False,False,False,False,False
85,female,Asian,70.38882446289062,14.611175537109375,85-99,True,False,True,False,False,False,False,False,False,False,False,False,False,False,True,False
24,female,Asian,22.296335220336914,1.703664779663086,18-24,True,False,True,False,False,False,False,False,False,True,False,False,False,False,False,False
78,male,White,77.27727508544922,0.7227249145507812,65-84,False,True,False,False,False,False,True,False,False,False,False,False,False,True,False,False
26,female,Black,33.14308166503906,7.1430816650390625,25-34,True,False,False,True,False,False,False,False,False,False,True,False,False,False,False,False
18,female,White,22.85847282409668,4.85847282409668,18-24,True,False,False,False,False,False,True,False,False,True,False,False,False,False,False,False
20,male,Black,31.240177154541016,11.240177154541016,18-24,False,True,False,True,False,False,False,False,False,True,False,False,False,False,False,False
3,female,White,1.420061707496643,1.579938292503357,0-4,True,False,False,False,False,False,True,True,False,False,False,False,False,False,False,False
15,male,White,18.880517959594727,3.8805179595947266,5-17,False,True,False,False,False,False,True,False,True,False,False,False,False,False,False,False
54,male,White,55.34043502807617,1.3404350280761719,45-64,False,True,False,False,False,False,True,False,False,False,False,False,True,False,False,False
21,female,Indian,28.613290786743164,7.613290786743164,18-24,True,False,False,False,True,False,False,False,False,True,False,False,False,False,False,False
35,male,Others,33.080482482910156,1.9195175170898438,35-44,False,True,False,False,False,True,False,False,False,False,False,True,False,False,False,False
50,male,White,31.899702072143555,18.100297927856445,45-64,False,True,False,False,False,False,True,False,False,False,False,False,True,False,False,False
1,male,Asian,1.2092199325561523,0.20921993255615234,0-4,False,True,True,False,False,False,False,True,False,False,False,False,False,False,False,False
18,female,Others,25.723831176757812,7.7238311767578125,18-24,True,False,False,False,False,True,False,False,False,True,False,False,False,False,False,False
4,female,White,3.3527002334594727,0.6472997665405273,0-4,True,False,False,False,False,False,True,True,False,False,False,False,False,False,False,False
8,female,White,13.762502670288086,5.762502670288086,5-17,True,False,False,False,False,False,True,False,True,False,False,False,False,False,False,False
74,female,White,74.5672836303711,0.5672836303710938,65-84,True,False,False,False,False,False,True,False,False,False,False,False,False,True,False,False
23,male,Black,24.75432014465332,1.7543201446533203,18-24,False,True,False,True,False,False,False,False,False,True,False,False,False,False,False,False
47,male,White,60.27165222167969,13.271652221679688,45-64,False,True,False,False,False,False,True,False,False,False,False,False,True,False,False,False
43,male,Asian,44.41326904296875,1.41326904296875,35-44,False,True,True,False,False,False,False,False,False,False,False,True,False,False,False,False
20,male,Black,27.981191635131836,7.981191635131836,18-24,False,True,False,True,False,False,False,False,False,True,False,False,False,False,False,False
36,female,White,29.62409782409668,6.37590217590332,35-44,True,False,False,False,False,False,True,False,False,False,False,True,False,False,False,False
36,male,White,37.47335433959961,1.4733543395996094,35-44,False,True,False,False,False,False,True,False,False,False,False,True,False,False,False,False
21,female,Indian,34.247802734375,13.247802734375,18-24,True,False,False,False,True,False,False,False,False,True,False,False,False,False,False,False
26,female,Black,26.17433738708496,0.17433738708496094,25-34,True,False,False,True,False,False,False,False,False,False,True,False,False,False,False,False
42,female,White,31.188508987426758,10.811491012573242,35-44,True,False,False,False,False,False,True,False,False,False,False,True,False,False,False,False
14,male,White,16.43930435180664,2.4393043518066406,5-17,False,True,False,False,False,False,True,False,True,False,False,False,False,False,False,False
10,female,Black,32.6981201171875,22.6981201171875,5-17,True,False,False,True,False,False,False,False,True,False,False,False,False,False,False,False
32,male,Black,33.28247833251953,1.2824783325195312,25-34,False,True,False,True,False,False,False,False,False,False,True,False,False,False,False,False
25,male,Black,30.8145694732666,5.814569473266602,25-34,False,True,False,True,False,False,False,False,False,False,True,False,False,False,False,False
24,female,Asian,26.403430938720703,2.403430938720703,18-24,True,False,True,False,False,False,False,False,False,True,False,False,False,False,False,False
22,female,Indian,31.26906394958496,9.269063949584961,18-24,True,False,False,False,True,False,False,False,False,True,False,False,False,False,False,False
52,male,White,60.135257720947266,8.135257720947266,45-64,False,True,False,False,False,False,True,False,False,False,False,False,True,False,False,False
34,male,White,27.98692512512207,6.01307487487793,25-34,False,True,False,False,False,False,True,False,False,False,True,False,False,False,False,False
89,female,White,71.36306762695312,17.636932373046875,85-99,True,False,False,False,False,False,True,False,False,False,False,False,False,False,True,False
55,male,Indian,43.294986724853516,11.705013275146484,45-64,False,True,False,False,True,False,False,False,False,False,False,False,True,False,False,False
40,male,Indian,37.499412536621094,2.5005874633789062,35-44,False,True,False,False,True,False,False,False,False,False,False,True,False,False,False,False
65,female,White,61.814964294433594,3.1850357055664062,65-84,True,False,False,False,False,False,True,False,False,False,False,False,False,True,False,False
23,male,Asian,23.17827033996582,0.1782703399658203,18-24,False,True,True,False,False,False,False,False,False,True,False,False,False,False,False,False
84,female,White,73.62120819091797,10.378791809082031,65-84,True,False,False,False,False,False,True,False,False,False,False,False,False,True,False,False
30,male,White,35.51079559326172,5.510795593261719,25-34,False,True,False,False,False,False,True,False,False,False,True,False,False,False,False,False
80,female,White,70.24901580810547,9.750984191894531,65-84,True,False,False,False,False,False,True,False,False,False,False,False,False,True,False,False
59,male,White,49.6004524230957,9.399547576904297,45-64,False,True,False,False,False,False,True,False,False,False,False,False,True,False,False,False
24,female,Black,27.99102210998535,3.9910221099853516,18-24,True,False,False,True,False,False,False,False,False,True,False,False,False,False,False,False
27,female,Indian,27.676889419555664,0.6768894195556641,25-34,True,False,False,False,True,False,False,False,False,False,True,False,False,False,False,False
24,female,Asian,26.09454917907715,2.0945491790771484,18-24,True,False,True,False,False,False,False,False,False,True,False,False,False,False,False,False
35,male,White,31.22492027282715,3.7750797271728516,35-44,False,True,False,False,False,False,True,False,False,False,False,True,False,False,False,False
42,male,Indian,43.19112014770508,1.1911201477050781,35-44,False,True,False,False,True,False,False,False,False,False,False,True,False,False,False,False
25,female,Asian,24.253477096557617,0.7465229034423828,25-34,True,False,True,False,False,False,False,False,False,False,True,False,False,False,False,False
85,female,White,68.53118133544922,16.46881866455078,85-99,True,False,False,False,False,False,True,False,False,False,False,False,False,False,True,False
45,male,White,24.24068260192871,20.75931739807129,45-64,False,True,False,False,False,False,True,False,False,False,False,False,True,False,False,False
39,female,Black,27.78437614440918,11.21562385559082,35-44,True,False,False,True,False,False,False,False,False,False,False,True,False,False,False,False
20,female,Asian,24.073034286499023,4.073034286499023,18-24,True,False,True,False,False,False,False,False,False,True,False,False,False,False,False,False
16,female,Others,21.01730728149414,5.017307281494141,5-17,True,False,False,False,False,True,False,False,True,False,False,False,False,False,False,False
9,male,White,6.655106544494629,2.344893455505371,5-17,False,True,False,False,False,False,True,False,True,False,False,False,False,False,False,False
32,female,Black,24.65867805480957,7.34132194519043,25-34,True,False,False,True,False,False,False,False,False,False,True,False,False,False,False,False
30,female,White,23.215707778930664,6.784292221069336,25-34,True,False,False,False,False,False,True,False,False,False,True,False,False,False,False,False
1,male,Indian,0.6763985753059387,0.3236014246940613,0-4,False,True,False,False,True,False,False,True,False,False,False,False,False,False,False,False
38,male,White,40.352787017822266,2.3527870178222656,35-44,False,True,False,False,False,False,True,False,False,False,False,True,False,False,False,False
68,male,White,68.50664520263672,0.5066452026367188,65-84,False,True,False,False,False,False,True,False,False,False,False,False,False,True,False,False
34,male,Indian,38.35790252685547,4.357902526855469,25-34,False,True,False,False,True,False,False,False,False,False,True,False,False,False,False,False
10,female,White,20.048564910888672,10.048564910888672,5-17,True,False,False,False,False,False,True,False,True,False,False,False,False,False,False,False
29,female,Indian,30.632535934448242,1.6325359344482422,25-34,True,False,False,False,True,False,False,False,False,False,True,False,False,False,False,False
61,female,White,51.39348602294922,9.606513977050781,45-64,True,False,False,False,False,False,True,False,False,False,False,False,True,False,False,False
65,male,Black,57.81083679199219,7.1891632080078125,65-84,False,True,False,True,False,False,False,False,False,False,False,False,False,True,False,False
28,male,White,22.93647575378418,5.06352424621582,25-34,False,True,False,False,False,False,True,False,False,False,True,False,False,False,False,False
61,male,White,59.35862350463867,1.6413764953613281,45-64,False,True,False,False,False,False,True,False,False,False,False,False,True,False,False,False
26,female,Black,20.51975440979004,5.480245590209961,25-34,True,False,False,True,False,False,False,False,False,False,True,False,False,False,False,False
24,female,Asian,20.946788787841797,3.053211212158203,18-24,True,False,True,False,False,False,False,False,False,True,False,False,False,False,False,False
29,male,Others,32.11219787597656,3.1121978759765625,25-34,False,True,False,False,False,True,False,False,False,False,True,False,False,False,False,False
42,male,White,34.39434814453125,7.60565185546875,35-44,False,True,False,False,False,False,True,False,False,False,False,True,False,False,False,False
15,male,White,22.155546188354492,7.155546188354492,5-17,False,True,False,False,False,False,True,False,True,False,False,False,False,False,False,False
24,female,White,29.909990310668945,5.909990310668945,18-24,True,False,False,False,False,False,True,False,False,True,False,False,False,False,False,False
28,male,White,26.894237518310547,1.1057624816894531,25-34,False,True,False,False,False,False,True,False,False,False,True,False,False,False,False,False
55,female,Indian,35.8585090637207,19.141490936279297,45-64,True,False,False,False,True,False,False,False,False,False,False,False,True,False,False,False
25,female,Indian,23.815744400024414,1.184255599975586,25-34,True,False,False,False,True,False,False,False,False,False,True,False,False,False,False,False
37,female,White,47.4130859375,10.4130859375,35-44,True,False,False,False,False,False,True,False,False,False,False,True,False,False,False,False
32,male,Asian,34.98468780517578,2.9846878051757812,25-34,False,True,True,False,False,False,False,False,False,False,True,False,False,False,False,False
23,female,White,28.26248550415039,5.262485504150391,18-24,True,False,False,False,False,False,True,False,False,True,False,False,False,False,False,False
40,female,Indian,39.18034362792969,0.8196563720703125,35-44,True,False,False,False,True,False,False,False,False,False,False,True,False,False,False,False
26,male,White,29.172998428344727,3.1729984283447266,25-34,False,True,False,False,False,False,True,False,False,False,True,False,False,False,False,False
42,male,White,42.69394302368164,0.6939430236816406,35-44,False,True,False,False,False,False,True,False,False,False,False,True,False,False,False,False
25,female,Black,34.23403549194336,9.23403549194336,25-34,True,False,False,True,False,False,False,False,False,False,True,False,False,False,False,False
20,male,Others,30.96424674987793,10.96424674987793,18-24,False,True,False,False,False,True,False,False,False,True,False,False,False,False,False,False
10,male,White,6.938771724700928,3.0612282752990723,5-17,False,True,False,False,False,False,True,False,True,False,False,False,False,False,False,False
45,male,Black,39.47087097167969,5.5291290283203125,45-64,False,True,False,True,False,False,False,False,False,False,False,False,True,False,False,False
13,male,White,19.895784378051758,6.895784378051758,5-17,False,True,False,False,False,False,True,False,True,False,False,False,False,False,False,False
21,female,Black,22.68763542175293,1.6876354217529297,18-24,True,False,False,True,False,False,False,False,False,True,False,False,False,False,False,False
26,male,White,27.72694206237793,1.7269420623779297,25-34,False,True,False,False,False,False,True,False,False,False,True,False,False,False,False,False
35,female,White,25.568309783935547,9.431690216064453,35-44,True,False,False,False,False,False,True,False,False,False,False,True,False,False,False,False
25,female,Indian,31.433950424194336,6.433950424194336,25-34,True,False,False,False,True,False,False,False,False,False,True,False,False,False,False,False
55,male,White,43.79228210449219,11.207717895507812,45-64,False,True,False,False,False,False,True,False,False,False,False,False,True,False,False,False
30,male,Black,30.091670989990234,0.09167098999023438,25-34,False,True,False,True,False,False,False,False,False,False,True,False,False,False,False,False
60,male,White,44.28191375732422,15.718086242675781,45-64,False,True,False,False,False,False,True,False,False,False,False,False,True,False,False,False
26,male,White,35.493003845214844,9.493003845214844,25-34,False,True,False,False,False,False,True,False,False,False,True,False,False,False,False,False
68,female,White,70.94047546386719,2.9404754638671875,65-84,True,False,False,False,False,False,True,False,False,False,False,False,False,True,False,False
54,male,Indian,49.13737869262695,4.862621307373047,45-64,False,True,False,False,True,False,False,False,False,False,False,False,True,False,False,False
14,female,Asian,18.24409294128418,4.24409294128418,5-17,True,False,True,False,False,False,False,False,True,False,False,False,False,False,False,False
55,female,White,54.66121292114258,0.3387870788574219,45-64,True,False,False,False,False,False,True,False,False,False,False,False,True,False,False,False
62,male,White,65.9652328491211,3.9652328491210938,45-64,False,True,False,False,False,False,True,False,False,False,False,False,True,False,False,False
34,male,Asian,22.758411407470703,11.241588592529297,25-34,False,True,True,False,False,False,False,False,False,False,True,False,False,False,False,False
49,male,White,36.56105041503906,12.438949584960938,45-64,False,True,False,False,False,False,True,False,False,False,False,False,True,False,False,False
25,female,White,27.32631492614746,2.326314926147461,25-34,True,False,False,False,False,False,True,False,False,False,True,False,False,False,False,False
5,female,White,6.411181449890137,1.4111814498901367,5-17,True,False,False,False,False,False,True,False,True,False,False,False,False,False,False,False
65,female,White,42.71940612792969,22.280593872070312,65-84,True,False,False,False,False,False,True,False,False,False,False,False,False,True,False,False
50,male,Indian,45.51873016357422,4.481269836425781,45-64,False,True,False,False,True,False,False,False,False,False,False,False,True,False,False,False
21,female,Indian,8.640597343444824,12.359402656555176,18-24,True,False,False,False,True,False,False,False,False,True,False,False,False,False,False,False
24,female,Indian,27.686044692993164,3.686044692993164,18-24,True,False,False,False,True,False,False,False,False,True,False,False,False,False,False,False
36,male,Others,32.64716720581055,3.352832794189453,35-44,False,True,False,False,False,True,False,False,False,False,False,True,False,False,False,False
24,male,White,20.090593338012695,3.9094066619873047,18-24,False,True,False,False,False,False,True,False,False,True,False,False,False,False,False,False
12,female,White,6.246323585510254,5.753676414489746,5-17,True,False,False,False,False,False,True,False,True,False,False,False,False,False,False,False
56,male,Indian,49.32324981689453,6.676750183105469,45-64,False,True,False,False,True,False,False,False,False,False,False,False,True,False,False,False
28,female,Black,47.4342041015625,19.4342041015625,25-34,True,False,False,True,False,False,False,False,False,False,True,False,False,False,False,False
46,male,Others,44.616294860839844,1.3837051391601562,45-64,False,True,False,False,False,True,False,False,False,False,False,False,True,False,False,False
85,female,Asian,74.34026336669922,10.659736633300781,85-99,True,False,True,False,False,False,False,False,False,False,False,False,False,False,True,False
29,female,White,28.052064895629883,0.9479351043701172,25-34,True,False,False,False,False,False,True,False,False,False,True,False,False,False,False,False
32,male,Indian,29.807981491088867,2.192018508911133,25-34,False,True,False,False,True,False,False,False,False,False,True,False,False,False,False,False
1,male,White,9.743633270263672,8.743633270263672,0-4,False,True,False,False,False,False,True,True,False,False,False,False,False,False,False,False
43,female,Indian,22.69447898864746,20.30552101135254,35-44,True,False,False,False,True,False,False,False,False,False,False,True,False,False,False,False
28,female,Black,24.51247215270996,3.487527847290039,25-34,True,False,False,True,False,False,False,False,False,False,True,False,False,False,False,False
31,female,Black,29.92522430419922,1.0747756958007812,25-34,True,False,False,True,False,False,False,False,False,False,True,False,False,False,False,False
32,female,Black,29.17056655883789,2.8294334411621094,25-34,True,False,False,True,False,False,False,False,False,False,True,False,False,False,False,False
49,female,White,44.86769485473633,4.132305145263672,45-64,True,False,False,False,False,False,True,False,False,False,False,False,True,False,False,False
16,female,White,21.536951065063477,5.536951065063477,5-17,True,False,False,False,False,False,True,False,True,False,False,False,False,False,False,False
53,male,White,35.88023376464844,17.119766235351562,45-64,False,True,False,False,False,False,True,False,False,False,False,False,True,False,False,False
29,female,White,29.71294593811035,0.7129459381103516,25-34,True,False,False,False,False,False,True,False,False,False,True,False,False,False,False,False
11,female,White,6.390115737915039,4.609884262084961,5-17,True,False,False,False,False,False,True,False,True,False,False,False,False,False,False,False
20,male,White,18.98630714416504,1.013692855834961,18-24,False,True,False,False,False,False,True,False,False,True,False,False,False,False,False,False
28,female,Black,28.218751907348633,0.2187519073486328,25-34,True,False,False,True,False,False,False,False,False,False,True,False,False,False,False,False
26,female,Black,27.096155166625977,1.0961551666259766,25-34,True,False,False,True,False,False,False,False,False,False,True,False,False,False,False,False
48,female,Black,27.9283390045166,20.0716609954834,45-64,True,False,False,True,False,False,False,False,False,False,False,False,True,False,False,False
26,male,White,32.58136749267578,6.581367492675781,25-34,False,True,False,False,False,False,True,False,False,False,True,False,False,False,False,False
41,male,White,44.41106414794922,3.4110641479492188,35-44,False,True,False,False,False,False,True,False,False,False,False,True,False,False,False,False
29,female,White,42.850975036621094,13.850975036621094,25-34,True,False,False,False,False,False,True,False,False,False,True,False,False,False,False,False
75,female,White,60.70005416870117,14.299945831298828,65-84,True,False,False,False,False,False,True,False,False,False,False,False,False,True,False,False
20,female,Black,30.03493881225586,10.03493881225586,18-24,True,False,False,True,False,False,False,False,False,True,False,False,False,False,False,False
38,female,Black,35.39368438720703,2.6063156127929688,35-44,True,False,False,True,False,False,False,False,False,False,False,True,False,False,False,False
80,female,White,74.6767578125,5.3232421875,65-84,True,False,False,False,False,False,True,False,False,False,False,False,False,True,False,False
16,male,White,24.01152992248535,8.011529922485352,5-17,False,True,False,False,False,False,True,False,True,False,False,False,False,False,False,False
16,male,White,28.99555206298828,12.995552062988281,5-17,False,True,False,False,False,False,True,False,True,False,False,False,False,False,False,False
50,male,Black,36.693687438964844,13.306312561035156,45-64,False,True,False,True,False,False,False,False,False,False,False,False,True,False,False,False
28,female,Asian,23.972597122192383,4.027402877807617,25-34,True,False,True,False,False,False,False,False,False,False,True,False,False,False,False,False
1,female,Black,1.1688295602798462,0.1688295602798462,0-4,True,False,False,True,False,False,False,True,False,False,False,False,False,False,False,False
20,male,Indian,25.261747360229492,5.261747360229492,18-24,False,True,False,False,True,False,False,False,False,True,False,False,False,False,False,False
14,male,Black,27.44346046447754,13.443460464477539,5-17,False,True,False,True,False,False,False,False,True,False,False,False,False,False,False,False
62,female,White,49.725502014160156,12.274497985839844,45-64,True,False,False,False,False,False,True,False,False,False,False,False,True,False,False,False
28,female,Asian,25.398658752441406,2.6013412475585938,25-34,True,False,True,False,False,False,False,False,False,False,True,False,False,False,False,False
26,male,Indian,27.54095458984375,1.54095458984375,25-34,False,True,False,False,True,False,False,False,False,False,True,False,False,False,False,False
55,male,White,61.85588073730469,6.8558807373046875,45-64,False,True,False,False,False,False,True,False,False,False,False,False,True,False,False,False
81,female,Black,64.64317321777344,16.356826782226562,65-84,True,False,False,True,False,False,False,False,False,False,False,False,False,True,False,False
50,male,White,56.68541717529297,6.685417175292969,45-64,False,True,False,False,False,False,True,False,False,False,False,False,True,False,False,False
34,male,Indian,39.35688018798828,5.356880187988281,25-34,False,True,False,False,True,False,False,False,False,False,True,False,False,False,False,False
60,female,Black,55.34581756591797,4.654182434082031,45-64,True,False,False,True,False,False,False,False,False,False,False,False,True,False,False,False
39,female,White,42.17082977294922,3.1708297729492188,35-44,True,False,False,False,False,False,True,False,False,False,False,True,False,False,False,False
22,male,Indian,19.953155517578125,2.046844482421875,18-24,False,True,False,False,True,False,False,False,False,True,False,False,False,False,False,False
53,female,White,34.28407287597656,18.715927124023438,45-64,True,False,False,False,False,False,True,False,False,False,False,False,True,False,False,False
27,male,White,26.79266357421875,0.20733642578125,25-34,False,True,False,False,False,False,True,False,False,False,True,False,False,False,False,False
33,female,Black,25.250823974609375,7.749176025390625,25-34,True,False,False,True,False,False,False,False,False,False,True,False,False,False,False,False
54,male,White,46.02305221557617,7.976947784423828,45-64,False,True,False,False,False,False,True,False,False,False,False,False,True,False,False,False
65,male,Asian,56.0400276184082,8.959972381591797,65-84,False,True,True,False,False,False,False,False,False,False,False,False,False,True,False,False
35,male,Others,22.722633361816406,12.277366638183594,35-44,False,True,False,False,False,True,False,False,False,False,False,True,False,False,False,False
89,female,White,68.5220947265625,20.4779052734375,85-99,True,False,False,False,False,False,True,False,False,False,False,False,False,False,True,False
28,female,White,29.454526901245117,1.4545269012451172,25-34,True,False,False,False,False,False,True,False,False,False,True,False,False,False,False,False
16,male,White,24.893686294555664,8.893686294555664,5-17,False,True,False,False,False,False,True,False,True,False,False,False,False,False,False,False
40,female,White,49.338260650634766,9.338260650634766,35-44,True,False,False,False,False,False,True,False,False,False,False,True,False,False,False,False
45,male,Indian,54.21199417114258,9.211994171142578,45-64,False,True,False,False,True,False,False,False,False,False,False,False,True,False,False,False
35,female,White,44.92182159423828,9.921821594238281,35-44,True,False,False,False,False,False,True,False,False,False,False,True,False,False,False,False
25,male,Black,27.548847198486328,2.548847198486328,25-34,False,True,False,True,False,False,False,False,False,False,True,False,False,False,False,False
20,male,Black,19.786359786987305,0.2136402130126953,18-24,False,True,False,True,False,False,False,False,False,True,False,False,False,False,False,False
24,female,Others,15.3324613571167,8.6675386428833,18-24,True,False,False,False,False,True,False,False,False,True,False,False,False,False,False,False
12,female,White,7.271728515625,4.728271484375,5-17,True,False,False,False,False,False,True,False,True,False,False,False,False,False,False,False
23,male,White,27.099563598632812,4.0995635986328125,18-24,False,True,False,False,False,False,True,False,False,True,False,False,False,False,False,False
46,female,Others,43.18223190307617,2.817768096923828,45-64,True,False,False,False,False,True,False,False,False,False,False,False,True,False,False,False
14,male,Black,13.761260986328125,0.238739013671875,5-17,False,True,False,True,False,False,False,False,True,False,False,False,False,False,False,False
34,female,White,38.117225646972656,4.117225646972656,25-34,True,False,False,False,False,False,True,False,False,False,True,False,False,False,False,False
36,male,Black,26.99563980102539,9.00436019897461,35-44,False,True,False,True,False,False,False,False,False,False,False,True,False,False,False,False
11,male,White,20.582515716552734,9.582515716552734,5-17,False,True,False,False,False,False,True,False,True,False,False,False,False,False,False,False
27,male,White,25.807641983032227,1.1923580169677734,25-34,False,True,False,False,False,False,True,False,False,False,True,False,False,False,False,False
35,female,White,34.05225372314453,0.9477462768554688,35-44,True,False,False,False,False,False,True,False,False,False,False,True,False,False,False,False
29,female,White,27.425447463989258,1.5745525360107422,25-34,True,False,False,False,False,False,True,False,False,False,True,False,False,False,False,False
50,male,Indian,52.20241165161133,2.202411651611328,45-64,False,True,False,False,True,False,False,False,False,False,False,False,True,False,False,False
30,male,Others,32.02738571166992,2.027385711669922,25-34,False,True,False,False,False,True,False,False,False,False,True,False,False,False,False,False
32,female,Black,28.168832778930664,3.831167221069336,25-34,True,False,False,True,False,False,False,False,False,False,True,False,False,False,False,False
27,female,Asian,24.834516525268555,2.1654834747314453,25-34,True,False,True,False,False,False,False,False,False,False,True,False,False,False,False,False
8,female,White,14.807343482971191,6.807343482971191,5-17,True,False,False,False,False,False,True,False,True,False,False,False,False,False,False,False
45,male,Black,39.42280578613281,5.5771942138671875,45-64,False,True,False,True,False,False,False,False,False,False,False,False,True,False,False,False
42,female,Black,31.631742477416992,10.368257522583008,35-44,True,False,False,True,False,False,False,False,False,False,False,True,False,False,False,False
8,female,Asian,5.137456893920898,2.8625431060791016,5-17,True,False,True,False,False,False,False,False,True,False,False,False,False,False,False,False
34,male,Indian,40.38763427734375,6.38763427734375,25-34,False,True,False,False,True,False,False,False,False,False,True,False,False,False,False,False
36,male,Black,40.448883056640625,4.448883056640625,35-44,False,True,False,True,False,False,False,False,False,False,False,True,False,False,False,False
1,male,Indian,2.0535621643066406,1.0535621643066406,0-4,False,True,False,False,True,False,False,True,False,False,False,False,False,False,False,False
38,male,Indian,30.215770721435547,7.784229278564453,35-44,False,True,False,False,True,False,False,False,False,False,False,True,False,False,False,False
35,female,Asian,25.974445343017578,9.025554656982422,35-44,True,False,True,False,False,False,False,False,False,False,False,True,False,False,False,False
28,male,White,33.812129974365234,5.812129974365234,25-34,False,True,False,False,False,False,True,False,False,False,True,False,False,False,False,False
4,male,White,4.5528411865234375,0.5528411865234375,0-4,False,True,False,False,False,False,True,True,False,False,False,False,False,False,False,False
32,male,Black,23.614179611206055,8.385820388793945,25-34,False,True,False,True,False,False,False,False,False,False,True,False,False,False,False,False
26,male,Indian,43.300968170166016,17.300968170166016,25-34,False,True,False,False,True,False,False,False,False,False,True,False,False,False,False,False
42,male,Black,46.34152603149414,4.341526031494141,35-44,False,True,False,True,False,False,False,False,False,False,False,True,False,False,False,False
16,male,White,26.27820587158203,10.278205871582031,5-17,False,True,False,False,False,False,True,False,True,False,False,False,False,False,False,False
58,male,Black,51.93656921386719,6.0634307861328125,45-64,False,True,False,True,False,False,False,False,False,False,False,False,True,False,False,False
47,male,Indian,50.49591064453125,3.49591064453125,45-64,False,True,False,False,True,False,False,False,False,False,False,False,True,False,False,False
26,female,White,26.282014846801758,0.2820148468017578,25-34,True,False,False,False,False,False,True,False,False,False,True,False,False,False,False,False
15,male,Others,23.132665634155273,8.132665634155273,5-17,False,True,False,False,False,True,False,False,True,False,False,False,False,False,False,False
17,male,White,19.519861221313477,2.5198612213134766,5-17,False,True,False,False,False,False,True,False,True,False,False,False,False,False,False,False
26,female,Asian,29.118867874145508,3.118867874145508,25-34,True,False,True,False,False,False,False,False,False,False,True,False,False,False,False,False
26,female,White,32.01022720336914,6.010227203369141,25-34,True,False,False,False,False,False,True,False,False,False,True,False,False,False,False,False
26,male,Others,34.19029998779297,8.190299987792969,25-34,False,True,False,False,False,True,False,False,False,False,True,False,False,False,False,False
26,female,White,40.90279006958008,14.902790069580078,25-34,True,False,False,False,False,False,True,False,False,False,True,False,False,False,False,False
45,female,White,26.01510238647461,18.98489761352539,45-64,True,False,False,False,False,False,True,False,False,False,False,False,True,False,False,False
37,male,White,25.073379516601562,11.926620483398438,35-44,False,True,False,False,False,False,True,False,False,False,False,True,False,False,False,False
49,female,White,56.43230438232422,7.432304382324219,45-64,True,False,False,False,False,False,True,False,False,False,False,False,True,False,False,False
68,male,Asian,61.28428649902344,6.7157135009765625,65-84,False,True,True,False,False,False,False,False,False,False,False,False,False,True,False,False
26,male,White,32.254547119140625,6.254547119140625,25-34,False,True,False,False,False,False,True,False,False,False,True,False,False,False,False,False
30,female,White,25.453603744506836,4.546396255493164,25-34,True,False,False,False,False,False,True,False,False,False,True,False,False,False,False,False
85,female,Indian,72.80200958251953,12.197990417480469,85-99,True,False,False,False,True,False,False,False,False,False,False,False,False,False,True,False
28,male,Indian,28.029211044311523,0.029211044311523438,25-34,False,True,False,False,True,False,False,False,False,False,True,False,False,False,False,False
21,male,Asian,24.185441970825195,3.1854419708251953,18-24,False,True,True,False,False,False,False,False,False,True,False,False,False,False,False,False
61,male,Asian,73.4020004272461,12.402000427246094,45-64,False,True,True,False,False,False,False,False,False,False,False,False,True,False,False,False
36,male,Indian,27.418472290039062,8.581527709960938,35-44,False,True,False,False,True,False,False,False,False,False,False,True,False,False,False,False
32,female,White,26.055152893066406,5.944847106933594,25-34,True,False,False,False,False,False,True,False,False,False,True,False,False,False,False,False
31,female,White,25.05995750427246,5.940042495727539,25-34,True,False,False,False,False,False,True,False,False,False,True,False,False,False,False,False
36,male,Indian,50.711212158203125,14.711212158203125,35-44,False,True,False,False,True,False,False,False,False,False,False,True,False,False,False,False
25,female,Others,23.655914306640625,1.344085693359375,25-34,True,False,False,False,False,True,False,False,False,False,True,False,False,False,False,False
2,female,Others,4.849607467651367,2.849607467651367,0-4,True,False,False,False,False,True,False,True,False,False,False,False,False,False,False,False
40,female,Black,23.140836715698242,16.859163284301758,35-44,True,False,False,True,False,False,False,False,False,False,False,True,False,False,False,False
50,male,White,47.641700744628906,2.3582992553710938,45-64,False,True,False,False,False,False,True,False,False,False,False,False,True,False,False,False
24,male,White,25.401884078979492,1.4018840789794922,18-24,False,True,False,False,False,False,True,False,False,True,False,False,False,False,False,False
50,male,Indian,52.11919403076172,2.1191940307617188,45-64,False,True,False,False,True,False,False,False,False,False,False,False,True,False,False,False
78,male,White,61.139854431152344,16.860145568847656,65-84,False,True,False,False,False,False,True,False,False,False,False,False,False,True,False,False
45,male,Black,55.48150634765625,10.48150634765625,45-64,False,True,False,True,False,False,False,False,False,False,False,False,True,False,False,False
10,female,Indian,15.375707626342773,5.375707626342773,5-17,True,False,False,False,True,False,False,False,True,False,False,False,False,False,False,False
63,male,White,56.68250274658203,6.317497253417969,45-64,False,True,False,False,False,False,True,False,False,False,False,False,True,False,False,False
36,female,Others,29.094301223754883,6.905698776245117,35-44,True,False,False,False,False,True,False,False,False,False,False,True,False,False,False,False
28,female,White,24.915813446044922,3.084186553955078,25-34,True,False,False,False,False,False,True,False,False,False,True,False,False,False,False,False
65,male,White,42.86305618286133,22.136943817138672,65-84,False,True,False,False,False,False,True,False,False,False,False,False,False,True,False,False
18,female,White,17.37689781188965,0.6231021881103516,18-24,True,False,False,False,False,False,True,False,False,True,False,False,False,False,False,False
21,male,Black,28.959001541137695,7.959001541137695,18-24,False,True,False,True,False,False,False,False,False,True,False,False,False,False,False,False
40,male,White,45.87269592285156,5.8726959228515625,35-44,False,True,False,False,False,False,True,False,False,False,False,True,False,False,False,False
40,male,Black,35.925262451171875,4.074737548828125,35-44,False,True,False,True,False,False,False,False,False,False,False,True,False,False,False,False
26,female,Indian,23.26785659790039,2.7321434020996094,25-34,True,False,False,False,True,False,False,False,False,False,True,False,False,False,False,False
26,male,White,26.06433868408203,0.06433868408203125,25-34,False,True,False,False,False,False,True,False,False,False,True,False,False,False,False,False
26,female,Asian,25.481874465942383,0.5181255340576172,25-34,True,False,True,False,False,False,False,False,False,False,True,False,False,False,False,False
23,female,Black,28.7836856842041,5.783685684204102,18-24,True,False,False,True,False,False,False,False,False,True,False,False,False,False,False,False
1,male,Asian,5.431025505065918,4.431025505065918,0-4,False,True,True,False,False,False,False,True,False,False,False,False,False,False,False,False
4,female,White,1.599928855895996,2.400071144104004,0-4,True,False,False,False,False,False,True,True,False,False,False,False,False,False,False,False
58,female,Black,62.22076416015625,4.22076416015625,45-64,True,False,False,True,False,False,False,False,False,False,False,False,True,False,False,False
1,male,Asian,0.05846965312957764,0.9415303468704224,0-4,False,True,True,False,False,False,False,True,False,False,False,False,False,False,False,False
78,male,Asian,63.322322845458984,14.677677154541016,65-84,False,True,True,False,False,False,False,False,False,False,False,False,False,True,False,False
22,female,Black,22.205904006958008,0.2059040069580078,18-24,True,False,False,True,False,False,False,False,False,True,False,False,False,False,False,False
28,female,Others,24.64876365661621,3.351236343383789,25-34,True,False,False,False,False,True,False,False,False,False,True,False,False,False,False,False
39,female,White,48.41532897949219,9.415328979492188,35-44,True,False,False,False,False,False,True,False,False,False,False,True,False,False,False,False
26,male,Indian,32.6041374206543,6.604137420654297,25-34,False,True,False,False,True,False,False,False,False,False,True,False,False,False,False,False
58,male,Black,41.263553619384766,16.736446380615234,45-64,False,True,False,True,False,False,False,False,False,False,False,False,True,False,False,False
32,female,Black,27.755395889282227,4.244604110717773,25-34,True,False,False,True,False,False,False,False,False,False,True,False,False,False,False,False
54,male,Indian,56.12770080566406,2.1277008056640625,45-64,False,True,False,False,True,False,False,False,False,False,False,False,True,False,False,False
23,female,Asian,21.698993682861328,1.3010063171386719,18-24,True,False,True,False,False,False,False,False,False,True,False,False,False,False,False,False
22,female,Black,21.2521915435791,0.7478084564208984,18-24,True,False,False,True,False,False,False,False,False,True,False,False,False,False,False,False
21,female,White,26.522159576416016,5.522159576416016,18-24,True,False,False,False,False,False,True,False,False,True,False,False,False,False,False,False
21,female,Indian,28.19402313232422,7.194023132324219,18-24,True,False,False,False,True,False,False,False,False,True,False,False,False,False,False,False
24,female,Black,26.4072208404541,2.4072208404541016,18-24,True,False,False,True,False,False,False,False,False,True,False,False,False,False,False,False
24,male,White,29.129531860351562,5.1295318603515625,18-24,False,True,False,False,False,False,True,False,False,True,False,False,False,False,False,False
54,male,Indian,49.04895782470703,4.951042175292969,45-64,False,True,False,False,True,False,False,False,False,False,False,False,True,False,False,False
29,male,Black,30.86618995666504,1.866189956665039,25-34,False,True,False,True,False,False,False,False,False,False,True,False,False,False,False,False
37,male,Asian,27.748037338256836,9.251962661743164,35-44,False,True,True,False,False,False,False,False,False,False,False,True,False,False,False,False
24,female,Asian,21.73444175720215,2.2655582427978516,18-24,True,False,True,False,False,False,False,False,False,True,False,False,False,False,False,False
28,female,White,39.62202453613281,11.622024536132812,25-34,True,False,False,False,False,False,True,False,False,False,True,False,False,False,False,False
34,male,Asian,21.725482940673828,12.274517059326172,25-34,False,True,True,False,False,False,False,False,False,False,True,False,False,False,False,False
65,male,Indian,55.192352294921875,9.807647705078125,65-84,False,True,False,False,True,False,False,False,False,False,False,False,False,True,False,False
30,female,Indian,33.536376953125,3.536376953125,25-34,True,False,False,False,True,False,False,False,False,False,True,False,False,False,False,False
26,male,Asian,20.87932014465332,5.12067985534668,25-34,False,True,True,False,False,False,False,False,False,False,True,False,False,False,False,False
1,male,Asian,6.695391654968262,5.695391654968262,0-4,False,True,True,False,False,False,False,True,False,False,False,False,False,False,False,False
22,female,White,20.839210510253906,1.1607894897460938,18-24,True,False,False,False,False,False,True,False,False,True,False,False,False,False,False,False
24,female,Asian,23.482463836669922,0.5175361633300781,18-24,True,False,True,False,False,False,False,False,False,True,False,False,False,False,False,False
76,female,White,72.53772735595703,3.4622726440429688,65-84,True,False,False,False,False,False,True,False,False,False,False,False,False,True,False,False
35,male,White,29.89228057861328,5.107719421386719,35-44,False,True,False,False,False,False,True,False,False,False,False,True,False,False,False,False
23,female,Asian,23.100339889526367,0.10033988952636719,18-24,True,False,True,False,False,False,False,False,False,True,False,False,False,False,False,False
2,female,White,0.9019326567649841,1.0980673432350159,0-4,True,False,False,False,False,False,True,True,False,False,False,False,False,False,False,False
60,female,White,52.060787200927734,7.939212799072266,45-64,True,False,False,False,False,False,True,False,False,False,False,False,True,False,False,False
22,male,White,20.672861099243164,1.327138900756836,18-24,False,True,False,False,False,False,True,False,False,True,False,False,False,False,False,False
26,female,Asian,22.281179428100586,3.718820571899414,25-34,True,False,True,False,False,False,False,False,False,False,True,False,False,False,False,False
60,male,Indian,48.78364562988281,11.216354370117188,45-64,False,True,False,False,True,False,False,False,False,False,False,False,True,False,False,False
37,male,White,30.381277084350586,6.618722915649414,35-44,False,True,False,False,False,False,True,False,False,False,False,True,False,False,False,False
68,female,White,60.08935546875,7.91064453125,65-84,True,False,False,False,False,False,True,False,False,False,False,False,False,True,False,False
4,female,Others,5.978126525878906,1.9781265258789062,0-4,True,False,False,False,False,True,False,True,False,False,False,False,False,False,False,False
7,male,White,6.281485557556152,0.7185144424438477,5-17,False,True,False,False,False,False,True,False,True,False,False,False,False,False,False,False
25,male,Black,30.16109275817871,5.161092758178711,25-34,False,True,False,True,False,False,False,False,False,False,True,False,False,False,False,False
56,female,Asian,53.79472351074219,2.2052764892578125,45-64,True,False,True,False,False,False,False,False,False,False,False,False,True,False,False,False
30,male,White,34.126869201660156,4.126869201660156,25-34,False,True,False,False,False,False,True,False,False,False,True,False,False,False,False,False
25,female,Asian,20.418598175048828,4.581401824951172,25-34,True,False,True,False,False,False,False,False,False,False,True,False,False,False,False,False
36,female,Black,20.650278091430664,15.349721908569336,35-44,True,False,False,True,False,False,False,False,False,False,False,True,False,False,False,False
24,female,Indian,25.985761642456055,1.9857616424560547,18-24,True,False,False,False,True,False,False,False,False,True,False,False,False,False,False,False
1,male,Asian,-0.02209704928100109,1.022097049281001,0-4,False,True,True,False,False,False,False,True,False,False,False,False,False,False,False,False
8,female,White,16.990888595581055,8.990888595581055,5-17,True,False,False,False,False,False,True,False,True,False,False,False,False,False,False,False
65,female,White,62.306095123291016,2.6939048767089844,65-84,True,False,False,False,False,False,True,False,False,False,False,False,False,True,False,False
26,female,White,33.463035583496094,7.463035583496094,25-34,True,False,False,False,False,False,True,False,False,False,True,False,False,False,False,False
55,male,Indian,47.14006042480469,7.8599395751953125,45-64,False,True,False,False,True,False,False,False,False,False,False,False,True,False,False,False
28,female,Indian,26.70627784729004,1.293722152709961,25-34,True,False,False,False,True,False,False,False,False,False,True,False,False,False,False,False
50,female,Indian,40.816890716552734,9.183109283447266,45-64,True,False,False,False,True,False,False,False,False,False,False,False,True,False,False,False
35,male,Indian,45.71007537841797,10.710075378417969,35-44,False,True,False,False,True,False,False,False,False,False,False,True,False,False,False,False
55,male,Indian,49.514888763427734,5.485111236572266,45-64,False,True,False,False,True,False,False,False,False,False,False,False,True,False,False,False
30,male,Asian,27.692991256713867,2.307008743286133,25-34,False,True,True,False,False,False,False,False,False,False,True,False,False,False,False,False
15,female,Asian,16.403329849243164,1.403329849243164,5-17,True,False,True,False,False,False,False,False,True,False,False,False,False,False,False,False
60,male,Indian,54.92169952392578,5.078300476074219,45-64,False,True,False,False,True,False,False,False,False,False,False,False,True,False,False,False
67,male,Black,65.62889862060547,1.3711013793945312,65-84,False,True,False,True,False,False,False,False,False,False,False,False,False,True,False,False
12,female,White,6.844703674316406,5.155296325683594,5-17,True,False,False,False,False,False,True,False,True,False,False,False,False,False,False,False
26,male,Indian,30.537200927734375,4.537200927734375,25-34,False,True,False,False,True,False,False,False,False,False,True,False,False,False,False,False
55,female,White,55.706138610839844,0.7061386108398438,45-64,True,False,False,False,False,False,True,False,False,False,False,False,True,False,False,False
26,female,Indian,26.022323608398438,0.0223236083984375,25-34,True,False,False,False,True,False,False,False,False,False,True,False,False,False,False,False
31,female,Black,22.90183448791504,8.098165512084961,25-34,True,False,False,True,False,False,False,False,False,False,True,False,False,False,False,False
4,female,Asian,4.024721145629883,0.024721145629882812,0-4,True,False,True,False,False,False,False,True,False,False,False,False,False,False,False,False
35,male,White,28.016464233398438,6.9835357666015625,35-44,False,True,False,False,False,False,True,False,False,False,False,True,False,False,False,False
5,female,White,10.261296272277832,5.261296272277832,5-17,True,False,False,False,False,False,True,False,True,False,False,False,False,False,False,False
5,male,White,5.737205982208252,0.737205982208252,5-17,False,True,False,False,False,False,True,False,True,False,False,False,False,False,False,False
3,female,White,8.793281555175781,5.793281555175781,0-4,True,False,False,False,False,False,True,True,False,False,False,False,False,False,False,False
27,female,Black,28.306943893432617,1.3069438934326172,25-34,True,False,False,True,False,False,False,False,False,False,True,False,False,False,False,False
22,female,Asian,27.49800682067871,5.498006820678711,18-24,True,False,True,False,False,False,False,False,False,True,False,False,False,False,False,False
54,male,Black,46.069557189941406,7.930442810058594,45-64,False,True,False,True,False,False,False,False,False,False,False,False,True,False,False,False
35,male,Asian,35.461971282958984,0.4619712829589844,35-44,False,True,True,False,False,False,False,False,False,False,False,True,False,False,False,False
45,male,Indian,47.60639572143555,2.606395721435547,45-64,False,True,False,False,True,False,False,False,False,False,False,False,True,False,False,False
2,female,Black,2.470858097076416,0.470858097076416,0-4,True,False,False,True,False,False,False,True,False,False,False,False,False,False,False,False
63,male,White,66.4006118774414,3.4006118774414062,45-64,False,True,False,False,False,False,True,False,False,False,False,False,True,False,False,False
28,male,Asian,23.805126190185547,4.194873809814453,25-34,False,True,True,False,False,False,False,False,False,False,True,False,False,False,False,False
76,male,White,65.32797241210938,10.672027587890625,65-84,False,True,False,False,False,False,True,False,False,False,False,False,False,True,False,False
36,male,White,43.153053283691406,7.153053283691406,35-44,False,True,False,False,False,False,True,False,False,False,False,True,False,False,False,False
33,male,Others,26.038692474365234,6.961307525634766,25-34,False,True,False,False,False,True,False,False,False,False,True,False,False,False,False,False
7,male,White,7.542606353759766,0.5426063537597656,5-17,False,True,False,False,False,False,True,False,True,False,False,False,False,False,False,False
35,female,Black,25.90973472595215,9.090265274047852,35-44,True,False,False,True,False,False,False,False,False,False,False,True,False,False,False,False
70,male,Black,60.95348358154297,9.046516418457031,65-84,False,True,False,True,False,False,False,False,False,False,False,False,False,True,False,False
24,male,Indian,26.611196517944336,2.611196517944336,18-24,False,True,False,False,True,False,False,False,False,True,False,False,False,False,False,False
23,female,Asian,22.34743881225586,0.6525611877441406,18-24,True,False,True,False,False,False,False,False,False,True,False,False,False,False,False,False
50,male,Indian,46.148887634277344,3.8511123657226562,45-64,False,True,False,False,True,False,False,False,False,False,False,False,True,False,False,False
42,female,Black,33.33202362060547,8.667976379394531,35-44,True,False,False,True,False,False,False,False,False,False,False,True,False,False,False,False
3,female,White,5.753687381744385,2.7536873817443848,0-4,True,False,False,False,False,False,True,True,False,False,False,False,False,False,False,False
26,male,Black,32.79518508911133,6.795185089111328,25-34,False,True,False,True,False,False,False,False,False,False,True,False,False,False,False,False
16,male,White,13.922048568725586,2.077951431274414,5-17,False,True,False,False,False,False,True,False,True,False,False,False,False,False,False,False
7,male,White,17.595806121826172,10.595806121826172,5-17,False,True,False,False,False,False,True,False,True,False,False,False,False,False,False,False
26,female,Black,23.79549789428711,2.2045021057128906,25-34,True,False,False,True,False,False,False,False,False,False,True,False,False,False,False,False
55,male,Indian,24.94122886657715,30.05877113342285,45-64,False,True,False,False,True,False,False,False,False,False,False,False,True,False,False,False
58,male,White,62.03209686279297,4.032096862792969,45-64,False,True,False,False,False,False,True,False,False,False,False,False,True,False,False,False
58,female,White,56.62990951538086,1.3700904846191406,45-64,True,False,False,False,False,False,True,False,False,False,False,False,True,False,False,False
23,male,Indian,24.446130752563477,1.4461307525634766,18-24,False,True,False,False,True,False,False,False,False,True,False,False,False,False,False,False
26,male,Black,31.203201293945312,5.2032012939453125,25-34,False,True,False,True,False,False,False,False,False,False,True,False,False,False,False,False
20,female,White,33.09262466430664,13.09262466430664,18-24,True,False,False,False,False,False,True,False,False,True,False,False,False,False,False,False
25,female,White,28.613025665283203,3.613025665283203,25-34,True,False,False,False,False,False,True,False,False,False,True,False,False,False,False,False
17,female,White,22.03413963317871,5.034139633178711,5-17,True,False,False,False,False,False,True,False,True,False,False,False,False,False,False,False
3,female,Indian,3.8714077472686768,0.8714077472686768,0-4,True,False,False,False,True,False,False,True,False,False,False,False,False,False,False,False
26,female,White,29.532873153686523,3.5328731536865234,25-34,True,False,False,False,False,False,True,False,False,False,True,False,False,False,False,False
1,male,White,-0.37876611948013306,1.378766119480133,0-4,False,True,False,False,False,False,True,True,False,False,False,False,False,False,False,False
24,female,White,26.968679428100586,2.968679428100586,18-24,True,False,False,False,False,False,True,False,False,True,False,False,False,False,False,False
24,female,Asian,23.42104721069336,0.5789527893066406,18-24,True,False,True,False,False,False,False,False,False,True,False,False,False,False,False,False
2,male,Asian,1.9436579942703247,0.05634200572967529,0-4,False,True,True,False,False,False,False,True,False,False,False,False,False,False,False,False
3,female,Asian,0.6805021166801453,2.3194978833198547,0-4,True,False,True,False,False,False,False,True,False,False,False,False,False,False,False,False
32,male,Black,21.141386032104492,10.858613967895508,25-34,False,True,False,True,False,False,False,False,False,False,True,False,False,False,False,False
25,male,Black,26.455076217651367,1.4550762176513672,25-34,False,True,False,True,False,False,False,False,False,False,True,False,False,False,False,False
36,male,White,27.56075668334961,8.43924331665039,35-44,False,True,False,False,False,False,True,False,False,False,False,True,False,False,False,False
35,male,Black,32.61425018310547,2.3857498168945312,35-44,False,True,False,True,False,False,False,False,False,False,False,True,False,False,False,False
52,male,Indian,39.82032775878906,12.179672241210938,45-64,False,True,False,False,True,False,False,False,False,False,False,False,True,False,False,False
35,female,Black,27.921335220336914,7.078664779663086,35-44,True,False,False,True,False,False,False,False,False,False,False,True,False,False,False,False
33,female,Asian,20.545509338378906,12.454490661621094,25-34,True,False,True,False,False,False,False,False,False,False,True,False,False,False,False,False
32,female,White,30.61711311340332,1.3828868865966797,25-34,True,False,False,False,False,False,True,False,False,False,True,False,False,False,False,False
22,female,White,15.433316230773926,6.566683769226074,18-24,True,False,False,False,False,False,True,False,False,True,False,False,False,False,False,False
24,female,White,34.34203338623047,10.342033386230469,18-24,True,False,False,False,False,False,True,False,False,True,False,False,False,False,False,False
26,female,Others,26.382429122924805,0.3824291229248047,25-34,True,False,False,False,False,True,False,False,False,False,True,False,False,False,False,False
32,female,Black,23.907854080200195,8.092145919799805,25-34,True,False,False,True,False,False,False,False,False,False,True,False,False,False,False,False
1,male,Asian,2.0142645835876465,1.0142645835876465,0-4,False,True,True,False,False,False,False,True,False,False,False,False,False,False,False,False
38,male,White,40.15943145751953,2.1594314575195312,35-44,False,True,False,False,False,False,True,False,False,False,False,True,False,False,False,False
1,male,Asian,-0.10944458842277527,1.1094445884227753,0-4,False,True,True,False,False,False,False,True,False,False,False,False,False,False,False,False
26,female,Indian,23.062314987182617,2.937685012817383,25-34,True,False,False,False,True,False,False,False,False,False,True,False,False,False,False,False
1,male,White,2.122983932495117,1.1229839324951172,0-4,False,True,False,False,False,False,True,True,False,False,False,False,False,False,False,False
1,female,Others,0.23115363717079163,0.7688463628292084,0-4,True,False,False,False,False,True,False,True,False,False,False,False,False,False,False,False
82,male,White,88.74346923828125,6.74346923828125,65-84,False,True,False,False,False,False,True,False,False,False,False,False,False,True,False,False
4,female,Asian,2.3907601833343506,1.6092398166656494,0-4,True,False,True,False,False,False,False,True,False,False,False,False,False,False,False,False
31,female,Black,20.267009735107422,10.732990264892578,25-34,True,False,False,True,False,False,False,False,False,False,True,False,False,False,False,False
3,female,Asian,3.654340982437134,0.6543409824371338,0-4,True,False,True,False,False,False,False,True,False,False,False,False,False,False,False,False
21,female,Others,22.03084373474121,1.030843734741211,18-24,True,False,False,False,False,True,False,False,False,True,False,False,False,False,False,False
20,female,White,12.832439422607422,7.167560577392578,18-24,True,False,False,False,False,False,True,False,False,True,False,False,False,False,False,False
36,female,White,37.20012664794922,1.2001266479492188,35-44,True,False,False,False,False,False,True,False,False,False,False,True,False,False,False,False
36,female,Indian,33.55570983886719,2.4442901611328125,35-44,True,False,False,False,True,False,False,False,False,False,False,True,False,False,False,False
28,male,Others,27.845911026000977,0.15408897399902344,25-34,False,True,False,False,False,True,False,False,False,False,True,False,False,False,False,False
35,male,Black,35.76390838623047,0.7639083862304688,35-44,False,True,False,True,False,False,False,False,False,False,False,True,False,False,False,False
56,male,Indian,60.21368408203125,4.21368408203125,45-64,False,True,False,False,True,False,False,False,False,False,False,False,True,False,False,False
36,female,Asian,32.48429870605469,3.5157012939453125,35-44,True,False,True,False,False,False,False,False,False,False,False,True,False,False,False,False
26,male,White,30.095670700073242,4.095670700073242,25-34,False,True,False,False,False,False,True,False,False,False,True,False,False,False,False,False
61,male,Black,43.76792907714844,17.232070922851562,45-64,False,True,False,True,False,False,False,False,False,False,False,False,True,False,False,False
23,female,Indian,19.116899490356445,3.8831005096435547,18-24,True,False,False,False,True,False,False,False,False,True,False,False,False,False,False,False
68,male,Black,72.54015350341797,4.540153503417969,65-84,False,True,False,True,False,False,False,False,False,False,False,False,False,True,False,False
51,female,White,59.97111511230469,8.971115112304688,45-64,True,False,False,False,False,False,True,False,False,False,False,False,True,False,False,False
26,male,Indian,20.368528366088867,5.631471633911133,25-34,False,True,False,False,True,False,False,False,False,False,True,False,False,False,False,False
26,female,Asian,24.36503791809082,1.6349620819091797,25-34,True,False,True,False,False,False,False,False,False,False,True,False,False,False,False,False
30,female,Asian,28.580364227294922,1.4196357727050781,25-34,True,False,True,False,False,False,False,False,False,False,True,False,False,False,False,False
62,male,Black,54.498985290527344,7.501014709472656,45-64,False,True,False,True,False,False,False,False,False,False,False,False,True,False,False,False
28,female,Black,33.939971923828125,5.939971923828125,25-34,True,False,False,True,False,False,False,False,False,False,True,False,False,False,False,False
35,female,White,43.85662841796875,8.85662841796875,35-44,True,False,False,False,False,False,True,False,False,False,False,True,False,False,False,False
35,female,Asian,35.761451721191406,0.7614517211914062,35-44,True,False,True,False,False,False,False,False,False,False,False,True,False,False,False,False
50,female,White,37.94148254394531,12.058517456054688,45-64,True,False,False,False,False,False,True,False,False,False,False,False,True,False,False,False
11,female,White,20.524457931518555,9.524457931518555,5-17,True,False,False,False,False,False,True,False,True,False,False,False,False,False,False,False
30,male,Asian,22.177095413208008,7.822904586791992,25-34,False,True,True,False,False,False,False,False,False,False,True,False,False,False,False,False
27,female,Asian,25.69532585144043,1.3046741485595703,25-34,True,False,True,False,False,False,False,False,False,False,True,False,False,False,False,False
53,female,White,38.3973503112793,14.602649688720703,45-64,True,False,False,False,False,False,True,False,False,False,False,False,True,False,False,False
23,male,White,32.53443145751953,9.534431457519531,18-24,False,True,False,False,False,False,True,False,False,True,False,False,False,False,False,False
3,female,White,1.5953153371810913,1.4046846628189087,0-4,True,False,False,False,False,False,True,True,False,False,False,False,False,False,False,False
35,female,Indian,27.96626853942871,7.033731460571289,35-44,True,False,False,False,True,False,False,False,False,False,False,True,False,False,False,False
48,male,White,50.46238708496094,2.4623870849609375,45-64,False,True,False,False,False,False,True,False,False,False,False,False,True,False,False,False
28,male,Black,26.58057975769043,1.4194202423095703,25-34,False,True,False,True,False,False,False,False,False,False,True,False,False,False,False,False
40,female,Others,38.05548095703125,1.94451904296875,35-44,True,False,False,False,False,True,False,False,False,False,False,True,False,False,False,False
36,male,Black,40.63483428955078,4.634834289550781,35-44,False,True,False,True,False,False,False,False,False,False,False,True,False,False,False,False
64,male,White,64.58683013916016,0.5868301391601562,45-64,False,True,False,False,False,False,True,False,False,False,False,False,True,False,False,False
42,male,White,29.661142349243164,12.338857650756836,35-44,False,True,False,False,False,False,True,False,False,False,False,True,False,False,False,False
45,male,Indian,30.638986587524414,14.361013412475586,45-64,False,True,False,False,True,False,False,False,False,False,False,False,True,False,False,False
6,male,White,5.455835342407227,0.5441646575927734,5-17,False,True,False,False,False,False,True,False,True,False,False,False,False,False,False,False
7,female,Black,5.145688056945801,1.8543119430541992,5-17,True,False,False,True,False,False,False,False,True,False,False,False,False,False,False,False
105,female,White,81.71298217773438,23.287017822265625,100-119,True,False,False,False,False,False,True,False,False,False,False,False,False,False,False,True
29,female,Black,29.3432559967041,0.34325599670410156,25-34,True,False,False,True,False,False,False,False,False,False,True,False,False,False,False,False
31,female,Black,27.591630935668945,3.4083690643310547,25-34,True,False,False,True,False,False,False,False,False,False,True,False,False,False,False,False
61,male,Black,58.091556549072266,2.9084434509277344,45-64,False,True,False,True,False,False,False,False,False,False,False,False,True,False,False,False
32,female,Asian,27.704938888549805,4.295061111450195,25-34,True,False,True,False,False,False,False,False,False,False,True,False,False,False,False,False
26,female,Asian,23.496183395385742,2.503816604614258,25-34,True,False,True,False,False,False,False,False,False,False,True,False,False,False,False,False
30,female,Indian,29.55259132385254,0.44740867614746094,25-34,True,False,False,False,True,False,False,False,False,False,True,False,False,False,False,False
11,male,White,30.457372665405273,19.457372665405273,5-17,False,True,False,False,False,False,True,False,True,False,False,False,False,False,False,False
37,male,Indian,49.30801773071289,12.30801773071289,35-44,False,True,False,False,True,False,False,False,False,False,False,True,False,False,False,False
55,male,White,37.10621643066406,17.893783569335938,45-64,False,True,False,False,False,False,True,False,False,False,False,False,True,False,False,False
16,female,White,9.133002281188965,6.866997718811035,5-17,True,False,False,False,False,False,True,False,True,False,False,False,False,False,False,False
26,male,Others,33.39735412597656,7.3973541259765625,25-34,False,True,False,False,False,True,False,False,False,False,True,False,False,False,False,False
56,male,Black,44.362632751464844,11.637367248535156,45-64,False,True,False,True,False,False,False,False,False,False,False,False,True,False,False,False
25,female,Indian,29.046138763427734,4.046138763427734,25-34,True,False,False,False,True,False,False,False,False,False,True,False,False,False,False,False
48,male,Indian,46.323055267333984,1.6769447326660156,45-64,False,True,False,False,True,False,False,False,False,False,False,False,True,False,False,False
26,female,White,26.735292434692383,0.7352924346923828,25-34,True,False,False,False,False,False,True,False,False,False,True,False,False,False,False,False
7,female,Black,14.718900680541992,7.718900680541992,5-17,True,False,False,True,False,False,False,False,True,False,False,False,False,False,False,False
15,male,White,19.058334350585938,4.0583343505859375,5-17,False,True,False,False,False,False,True,False,True,False,False,False,False,False,False,False
55,male,Asian,49.848899841308594,5.151100158691406,45-64,False,True,True,False,False,False,False,False,False,False,False,False,True,False,False,False
1,female,White,0.4627207815647125,0.5372792184352875,0-4,True,False,False,False,False,False,True,True,False,False,False,False,False,False,False,False
25,female,Indian,25.993581771850586,0.9935817718505859,25-34,True,False,False,False,True,False,False,False,False,False,True,False,False,False,False,False
72,male,White,62.86036682128906,9.139633178710938,65-84,False,True,False,False,False,False,True,False,False,False,False,False,False,True,False,False
60,female,Black,62.06365966796875,2.06365966796875,45-64,True,False,False,True,False,False,False,False,False,False,False,False,True,False,False,False
28,male,Black,27.210817337036133,0.7891826629638672,25-34,False,True,False,True,False,False,False,False,False,False,True,False,False,False,False,False
26,female,White,39.1414909362793,13.141490936279297,25-34,True,False,False,False,False,False,True,False,False,False,True,False,False,False,False,False
20,female,Black,28.169492721557617,8.169492721557617,18-24,True,False,False,True,False,False,False,False,False,True,False,False,False,False,False,False
34,male,Black,22.94394874572754,11.056051254272461,25-34,False,True,False,True,False,False,False,False,False,False,True,False,False,False,False,False
24,female,White,29.599828720092773,5.599828720092773,18-24,True,False,False,False,False,False,True,False,False,True,False,False,False,False,False,False
27,female,White,24.0667667388916,2.9332332611083984,25-34,True,False,False,False,False,False,True,False,False,False,True,False,False,False,False,False
15,male,White,16.358129501342773,1.3581295013427734,5-17,False,True,False,False,False,False,True,False,True,False,False,False,False,False,False,False
39,female,Asian,26.89238166809082,12.10761833190918,35-44,True,False,True,False,False,False,False,False,False,False,False,True,False,False,False,False
40,male,Black,37.961395263671875,2.038604736328125,35-44,False,True,False,True,False,False,False,False,False,False,False,True,False,False,False,False
25,female,Black,24.084367752075195,0.9156322479248047,25-34,True,False,False,True,False,False,False,False,False,False,True,False,False,False,False,False
29,male,White,30.929702758789062,1.9297027587890625,25-34,False,True,False,False,False,False,True,False,False,False,True,False,False,False,False,False
4,male,White,5.168712615966797,1.1687126159667969,0-4,False,True,False,False,False,False,True,True,False,False,False,False,False,False,False,False
1,female,White,0.8043989539146423,0.19560104608535767,0-4,True,False,False,False,False,False,True,True,False,False,False,False,False,False,False,False
26,female,Indian,26.575571060180664,0.5755710601806641,25-34,True,False,False,False,True,False,False,False,False,False,True,False,False,False,False,False
24,male,White,25.11380958557129,1.113809585571289,18-24,False,True,False,False,False,False,True,False,False,True,False,False,False,False,False,False
45,male,Indian,36.00362777709961,8.99637222290039,45-64,False,True,False,False,True,False,False,False,False,False,False,False,True,False,False,False
26,male,Asian,28.92458152770996,2.924581527709961,25-34,False,True,True,False,False,False,False,False,False,False,True,False,False,False,False,False
28,female,Asian,29.170473098754883,1.1704730987548828,25-34,True,False,True,False,False,False,False,False,False,False,True,False,False,False,False,False
1,female,White,1.1715397834777832,0.1715397834777832,0-4,True,False,False,False,False,False,True,True,False,False,False,False,False,False,False,False
35,female,White,29.694480895996094,5.305519104003906,35-44,True,False,False,False,False,False,True,False,False,False,False,True,False,False,False,False
1,male,White,32.27556610107422,31.27556610107422,0-4,False,True,False,False,False,False,True,True,False,False,False,False,False,False,False,False
35,female,White,49.68764877319336,14.68764877319336,35-44,True,False,False,False,False,False,True,False,False,False,False,True,False,False,False,False
36,male,Indian,27.677995681762695,8.322004318237305,35-44,False,True,False,False,True,False,False,False,False,False,False,True,False,False,False,False
50,male,White,47.593082427978516,2.4069175720214844,45-64,False,True,False,False,False,False,True,False,False,False,False,False,True,False,False,False
29,male,Black,29.020952224731445,0.020952224731445312,25-34,False,True,False,True,False,False,False,False,False,False,True,False,False,False,False,False
28,female,Black,25.343191146850586,2.656808853149414,25-34,True,False,False,True,False,False,False,False,False,False,True,False,False,False,False,False
27,male,Black,32.47046661376953,5.470466613769531,25-34,False,True,False,True,False,False,False,False,False,False,True,False,False,False,False,False
30,male,Asian,26.657878875732422,3.342121124267578,25-34,False,True,True,False,False,False,False,False,False,False,True,False,False,False,False,False
46,male,Indian,49.929805755615234,3.9298057556152344,45-64,False,True,False,False,True,False,False,False,False,False,False,False,True,False,False,False
17,male,Black,24.205041885375977,7.205041885375977,5-17,False,True,False,True,False,False,False,False,True,False,False,False,False,False,False,False
8,female,Black,27.394529342651367,19.394529342651367,5-17,True,False,False,True,False,False,False,False,True,False,False,False,False,False,False,False
1,female,White,1.8650364875793457,0.8650364875793457,0-4,True,False,False,False,False,False,True,True,False,False,False,False,False,False,False,False
57,male,White,31.26176643371582,25.73823356628418,45-64,False,True,False,False,False,False,True,False,False,False,False,False,True,False,False,False
62,female,Black,34.36470031738281,27.635299682617188,45-64,True,False,False,True,False,False,False,False,False,False,False,False,True,False,False,False
30,female,Black,27.315114974975586,2.684885025024414,25-34,True,False,False,True,False,False,False,False,False,False,True,False,False,False,False,False
15,male,White,8.271184921264648,6.728815078735352,5-17,False,True,False,False,False,False,True,False,True,False,False,False,False,False,False,False
32,female,Asian,37.10564422607422,5.105644226074219,25-34,True,False,True,False,False,False,False,False,False,False,True,False,False,False,False,False
16,male,White,22.1182861328125,6.1182861328125,5-17,False,True,False,False,False,False,True,False,True,False,False,False,False,False,False,False
86,male,White,77.8674545288086,8.132545471191406,85-99,False,True,False,False,False,False,True,False,False,False,False,False,False,False,True,False
35,female,Black,25.357751846313477,9.642248153686523,35-44,True,False,False,True,False,False,False,False,False,False,False,True,False,False,False,False
37,female,Black,27.744596481323242,9.255403518676758,35-44,True,False,False,True,False,False,False,False,False,False,False,True,False,False,False,False
35,male,Indian,42.066558837890625,7.066558837890625,35-44,False,True,False,False,True,False,False,False,False,False,False,True,False,False,False,False
30,male,Black,38.382198333740234,8.382198333740234,25-34,False,True,False,True,False,False,False,False,False,False,True,False,False,False,False,False
24,female,Others,27.610448837280273,3.6104488372802734,18-24,True,False,False,False,False,True,False,False,False,True,False,False,False,False,False,False
32,female,Asian,29.735200881958008,2.264799118041992,25-34,True,False,True,False,False,False,False,False,False,False,True,False,False,False,False,False
74,female,White,56.73945617675781,17.260543823242188,65-84,True,False,False,False,False,False,True,False,False,False,False,False,False,True,False,False
29,female,White,38.80896759033203,9.808967590332031,25-34,True,False,False,False,False,False,True,False,False,False,True,False,False,False,False,False
55,male,White,44.349853515625,10.650146484375,45-64,False,True,False,False,False,False,True,False,False,False,False,False,True,False,False,False
6,male,White,11.828359603881836,5.828359603881836,5-17,False,True,False,False,False,False,True,False,True,False,False,False,False,False,False,False
26,male,White,36.376731872558594,10.376731872558594,25-34,False,True,False,False,False,False,True,False,False,False,True,False,False,False,False,False
26,female,Indian,30.53801918029785,4.538019180297852,25-34,True,False,False,False,True,False,False,False,False,False,True,False,False,False,False,False
19,female,White,9.807628631591797,9.192371368408203,18-24,True,False,False,False,False,False,True,False,False,True,False,False,False,False,False,False
26,female,Indian,27.073301315307617,1.0733013153076172,25-34,True,False,False,False,True,False,False,False,False,False,True,False,False,False,False,False
67,male,White,57.71181106567383,9.288188934326172,65-84,False,True,False,False,False,False,True,False,False,False,False,False,False,True,False,False
1,male,Asian,8.37172794342041,7.37172794342041,0-4,False,True,True,False,False,False,False,True,False,False,False,False,False,False,False,False
34,male,White,43.75527572631836,9.75527572631836,25-34,False,True,False,False,False,False,True,False,False,False,True,False,False,False,False,False
22,female,Black,21.994009017944336,0.0059909820556640625,18-24,True,False,False,True,False,False,False,False,False,True,False,False,False,False,False,False
69,female,White,58.36024856567383,10.639751434326172,65-84,True,False,False,False,False,False,True,False,False,False,False,False,False,True,False,False
42,female,Black,28.956697463989258,13.043302536010742,35-44,True,False,False,True,False,False,False,False,False,False,False,True,False,False,False,False
8,female,White,8.586989402770996,0.5869894027709961,5-17,True,False,False,False,False,False,True,False,True,False,False,False,False,False,False,False
57,male,Indian,26.922975540161133,30.077024459838867,45-64,False,True,False,False,True,False,False,False,False,False,False,False,True,False,False,False
1,male,Others,1.7582013607025146,0.7582013607025146,0-4,False,True,False,False,False,True,False,True,False,False,False,False,False,False,False,False
26,male,Black,28.58292579650879,2.582925796508789,25-34,False,True,False,True,False,False,False,False,False,False,True,False,False,False,False,False
22,female,Asian,24.407581329345703,2.407581329345703,18-24,True,False,True,False,False,False,False,False,False,True,False,False,False,False,False,False
28,female,White,23.799917221069336,4.200082778930664,25-34,True,False,False,False,False,False,True,False,False,False,True,False,False,False,False,False
34,male,White,35.30645751953125,1.30645751953125,25-34,False,True,False,False,False,False,True,False,False,False,True,False,False,False,False,False
32,male,Black,29.381223678588867,2.618776321411133,25-34,False,True,False,True,False,False,False,False,False,False,True,False,False,False,False,False
32,male,Asian,20.46485710144043,11.53514289855957,25-34,False,True,True,False,False,False,False,False,False,False,True,False,False,False,False,False
75,male,Indian,71.3055191040039,3.6944808959960938,65-84,False,True,False,False,True,False,False,False,False,False,False,False,False,True,False,False
40,female,Black,29.12920570373535,10.870794296264648,35-44,True,False,False,True,False,False,False,False,False,False,False,True,False,False,False,False
26,female,Black,22.027006149291992,3.972993850708008,25-34,True,False,False,True,False,False,False,False,False,False,True,False,False,False,False,False
2,male,White,1.7396211624145508,0.2603788375854492,0-4,False,True,False,False,False,False,True,True,False,False,False,False,False,False,False,False
45,male,Others,32.097877502441406,12.902122497558594,45-64,False,True,False,False,False,True,False,False,False,False,False,False,True,False,False,False
4,female,Asian,9.337991714477539,5.337991714477539,0-4,True,False,True,False,False,False,False,True,False,False,False,False,False,False,False,False
51,female,White,23.134214401245117,27.865785598754883,45-64,True,False,False,False,False,False,True,False,False,False,False,False,True,False,False,False
26,male,Asian,27.242319107055664,1.242319107055664,25-34,False,True,True,False,False,False,False,False,False,False,True,False,False,False,False,False
55,male,White,61.066646575927734,6.066646575927734,45-64,False,True,False,False,False,False,True,False,False,False,False,False,True,False,False,False
26,male,Black,23.26964569091797,2.7303543090820312,25-34,False,True,False,True,False,False,False,False,False,False,True,False,False,False,False,False
22,female,White,23.160205841064453,1.1602058410644531,18-24,True,False,False,False,False,False,True,False,False,True,False,False,False,False,False,False
23,female,White,23.62016487121582,0.6201648712158203,18-24,True,False,False,False,False,False,True,False,False,True,False,False,False,False,False,False
5,male,Indian,4.161459445953369,0.8385405540466309,5-17,False,True,False,False,True,False,False,False,True,False,False,False,False,False,False,False
26,female,Others,36.19462585449219,10.194625854492188,25-34,True,False,False,False,False,True,False,False,False,False,True,False,False,False,False,False
46,female,White,46.888572692871094,0.8885726928710938,45-64,True,False,False,False,False,False,True,False,False,False,False,False,True,False,False,False
28,female,Black,22.67108154296875,5.32891845703125,25-34,True,False,False,True,False,False,False,False,False,False,True,False,False,False,False,False
52,male,White,69.99071502685547,17.99071502685547,45-64,False,True,False,False,False,False,True,False,False,False,False,False,True,False,False,False
85,female,White,72.86756896972656,12.132431030273438,85-99,True,False,False,False,False,False,True,False,False,False,False,False,False,False,True,False
45,female,White,53.693572998046875,8.693572998046875,45-64,True,False,False,False,False,False,True,False,False,False,False,False,True,False,False,False
26,female,Others,23.699493408203125,2.300506591796875,25-34,True,False,False,False,False,True,False,False,False,False,True,False,False,False,False,False
37,male,Black,34.79584503173828,2.2041549682617188,35-44,False,True,False,True,False,False,False,False,False,False,False,True,False,False,False,False
91,female,Asian,75.3250732421875,15.6749267578125,85-99,True,False,True,False,False,False,False,False,False,False,False,False,False,False,True,False
5,female,Asian,6.179957389831543,1.179957389831543,5-17,True,False,True,False,False,False,False,False,True,False,False,False,False,False,False,False
26,female,Black,29.273832321166992,3.273832321166992,25-34,True,False,False,True,False,False,False,False,False,False,True,False,False,False,False,False
33,male,White,32.70321273803711,0.2967872619628906,25-34,False,True,False,False,False,False,True,False,False,False,True,False,False,False,False,False
70,male,White,63.405643463134766,6.594356536865234,65-84,False,True,False,False,False,False,True,False,False,False,False,False,False,True,False,False
35,female,Asian,39.06487274169922,4.064872741699219,35-44,True,False,True,False,False,False,False,False,False,False,False,True,False,False,False,False
36,female,Asian,21.240140914916992,14.759859085083008,35-44,True,False,True,False,False,False,False,False,False,False,False,True,False,False,False,False
45,female,Others,28.9868106842041,16.0131893157959,45-64,True,False,False,False,False,True,False,False,False,False,False,False,True,False,False,False
32,male,Others,32.90587615966797,0.9058761596679688,25-34,False,True,False,False,False,True,False,False,False,False,True,False,False,False,False,False
22,male,Black,22.314085006713867,0.3140850067138672,18-24,False,True,False,True,False,False,False,False,False,True,False,False,False,False,False,False
39,male,Black,33.71259307861328,5.287406921386719,35-44,False,True,False,True,False,False,False,False,False,False,False,True,False,False,False,False
51,female,Indian,51.785770416259766,0.7857704162597656,45-64,True,False,False,False,True,False,False,False,False,False,False,False,True,False,False,False
20,female,Asian,20.88462257385254,0.8846225738525391,18-24,True,False,True,False,False,False,False,False,False,True,False,False,False,False,False,False
81,male,White,67.6181640625,13.3818359375,65-84,False,True,False,False,False,False,True,False,False,False,False,False,False,True,False,False
32,female,Indian,27.620759963989258,4.379240036010742,25-34,True,False,False,False,True,False,False,False,False,False,True,False,False,False,False,False
25,male,Asian,26.4846248626709,1.4846248626708984,25-34,False,True,True,False,False,False,False,False,False,False,True,False,False,False,False,False
13,male,White,23.704360961914062,10.704360961914062,5-17,False,True,False,False,False,False,True,False,True,False,False,False,False,False,False,False
18,female,White,7.713332176208496,10.286667823791504,18-24,True,False,False,False,False,False,True,False,False,True,False,False,False,False,False,False
36,female,Asian,26.535085678100586,9.464914321899414,35-44,True,False,True,False,False,False,False,False,False,False,False,True,False,False,False,False
54,male,White,48.684425354003906,5.315574645996094,45-64,False,True,False,False,False,False,True,False,False,False,False,False,True,False,False,False
84,female,White,89.89195251464844,5.8919525146484375,65-84,True,False,False,False,False,False,True,False,False,False,False,False,False,True,False,False
1,female,Asian,2.9239277839660645,1.9239277839660645,0-4,True,False,True,False,False,False,False,True,False,False,False,False,False,False,False,False
32,female,White,24.10419464111328,7.895805358886719,25-34,True,False,False,False,False,False,True,False,False,False,True,False,False,False,False,False
29,female,Black,23.5574893951416,5.442510604858398,25-34,True,False,False,True,False,False,False,False,False,False,True,False,False,False,False,False
70,female,White,49.84454345703125,20.15545654296875,65-84,True,False,False,False,False,False,True,False,False,False,False,False,False,True,False,False
2,male,Others,11.366271018981934,9.366271018981934,0-4,False,True,False,False,False,True,False,True,False,False,False,False,False,False,False,False
35,male,White,24.247005462646484,10.752994537353516,35-44,False,True,False,False,False,False,True,False,False,False,False,True,False,False,False,False
12,female,Others,8.064223289489746,3.935776710510254,5-17,True,False,False,False,False,True,False,False,True,False,False,False,False,False,False,False
30,female,Black,25.967567443847656,4.032432556152344,25-34,True,False,False,True,False,False,False,False,False,False,True,False,False,False,False,False
65,male,White,49.50138473510742,15.498615264892578,65-84,False,True,False,False,False,False,True,False,False,False,False,False,False,True,False,False
28,female,White,40.48483657836914,12.48483657836914,25-34,True,False,False,False,False,False,True,False,False,False,True,False,False,False,False,False
44,female,Indian,43.353614807128906,0.6463851928710938,35-44,True,False,False,False,True,False,False,False,False,False,False,True,False,False,False,False
26,male,White,30.337093353271484,4.337093353271484,25-34,False,True,False,False,False,False,True,False,False,False,True,False,False,False,False,False
26,female,Asian,25.76585578918457,0.2341442108154297,25-34,True,False,True,False,False,False,False,False,False,False,True,False,False,False,False,False
1,male,Asian,0.2750309109687805,0.7249690890312195,0-4,False,True,True,False,False,False,False,True,False,False,False,False,False,False,False,False
42,male,Others,24.976308822631836,17.023691177368164,35-44,False,True,False,False,False,True,False,False,False,False,False,True,False,False,False,False
35,male,White,28.868558883666992,6.131441116333008,35-44,False,True,False,False,False,False,True,False,False,False,False,True,False,False,False,False
26,female,Asian,24.226816177368164,1.773183822631836,25-34,True,False,True,False,False,False,False,False,False,False,True,False,False,False,False,False
30,male,White,30.59210777282715,0.5921077728271484,25-34,False,True,False,False,False,False,True,False,False,False,True,False,False,False,False,False
60,male,White,49.910736083984375,10.089263916015625,45-64,False,True,False,False,False,False,True,False,False,False,False,False,True,False,False,False
67,male,White,60.55933380126953,6.440666198730469,65-84,False,True,False,False,False,False,True,False,False,False,False,False,False,True,False,False
30,female,Asian,21.389368057250977,8.610631942749023,25-34,True,False,True,False,False,False,False,False,False,False,True,False,False,False,False,False
30,female,White,34.326873779296875,4.326873779296875,25-34,True,False,False,False,False,False,True,False,False,False,True,False,False,False,False,False
46,female,White,32.72949981689453,13.270500183105469,45-64,True,False,False,False,False,False,True,False,False,False,False,False,True,False,False,False
39,male,White,42.35315704345703,3.3531570434570312,35-44,False,True,False,False,False,False,True,False,False,False,False,True,False,False,False,False
29,male,Indian,33.64440155029297,4.644401550292969,25-34,False,True,False,False,True,False,False,False,False,False,True,False,False,False,False,False
50,male,White,59.452510833740234,9.452510833740234,45-64,False,True,False,False,False,False,True,False,False,False,False,False,True,False,False,False
30,female,Black,37.532352447509766,7.532352447509766,25-34,True,False,False,True,False,False,False,False,False,False,True,False,False,False,False,False
38,male,White,32.827552795410156,5.172447204589844,35-44,False,True,False,False,False,False,True,False,False,False,False,True,False,False,False,False
67,female,Indian,54.10021209716797,12.899787902832031,65-84,True,False,False,False,True,False,False,False,False,False,False,False,False,True,False,False
26,female,Asian,31.10645866394043,5.10645866394043,25-34,True,False,True,False,False,False,False,False,False,False,True,False,False,False,False,False
47,male,Indian,43.88994598388672,3.1100540161132812,45-64,False,True,False,False,True,False,False,False,False,False,False,False,True,False,False,False
77,female,White,69.7212142944336,7.278785705566406,65-84,True,False,False,False,False,False,True,False,False,False,False,False,False,True,False,False
2,male,Asian,1.7891091108322144,0.21089088916778564,0-4,False,True,True,False,False,False,False,True,False,False,False,False,False,False,False,False
32,female,Black,30.81868553161621,1.181314468383789,25-34,True,False,False,True,False,False,False,False,False,False,True,False,False,False,False,False
24,female,Black,25.943613052368164,1.943613052368164,18-24,True,False,False,True,False,False,False,False,False,True,False,False,False,False,False,False
56,male,Others,53.09397888183594,2.9060211181640625,45-64,False,True,False,False,False,True,False,False,False,False,False,False,True,False,False,False
34,female,Indian,33.44900894165039,0.5509910583496094,25-34,True,False,False,False,True,False,False,False,False,False,True,False,False,False,False,False
40,male,White,34.69133377075195,5.308666229248047,35-44,False,True,False,False,False,False,True,False,False,False,False,True,False,False,False,False
42,male,Asian,36.15098190307617,5.849018096923828,35-44,False,True,True,False,False,False,False,False,False,False,False,True,False,False,False,False
35,female,Black,28.683687210083008,6.316312789916992,35-44,True,False,False,True,False,False,False,False,False,False,False,True,False,False,False,False
51,male,Black,34.642974853515625,16.357025146484375,45-64,False,True,False,True,False,False,False,False,False,False,False,False,True,False,False,False
7,female,White,5.8957929611206055,1.1042070388793945,5-17,True,False,False,False,False,False,True,False,True,False,False,False,False,False,False,False
47,male,White,42.81792449951172,4.182075500488281,45-64,False,True,False,False,False,False,True,False,False,False,False,False,True,False,False,False
8,female,White,4.610435485839844,3.3895645141601562,5-17,True,False,False,False,False,False,True,False,True,False,False,False,False,False,False,False
23,male,Indian,28.14156150817871,5.141561508178711,18-24,False,True,False,False,True,False,False,False,False,True,False,False,False,False,False,False
53,male,White,65.68170166015625,12.68170166015625,45-64,False,True,False,False,False,False,True,False,False,False,False,False,True,False,False,False
20,female,Indian,26.933305740356445,6.933305740356445,18-24,True,False,False,False,True,False,False,False,False,True,False,False,False,False,False,False
1,male,Indian,2.560967445373535,1.5609674453735352,0-4,False,True,False,False,True,False,False,True,False,False,False,False,False,False,False,False
4,female,Indian,11.290563583374023,7.290563583374023,0-4,True,False,False,False,True,False,False,True,False,False,False,False,False,False,False,False
75,female,White,73.8227767944336,1.1772232055664062,65-84,True,False,False,False,False,False,True,False,False,False,False,False,False,True,False,False
30,female,Asian,25.3623104095459,4.637689590454102,25-34,True,False,True,False,False,False,False,False,False,False,True,False,False,False,False,False
24,female,White,40.64495849609375,16.64495849609375,18-24,True,False,False,False,False,False,True,False,False,True,False,False,False,False,False,False
26,female,White,44.52229309082031,18.522293090820312,25-34,True,False,False,False,False,False,True,False,False,False,True,False,False,False,False,False
31,female,White,18.65097999572754,12.349020004272461,25-34,True,False,False,False,False,False,True,False,False,False,True,False,False,False,False,False
40,male,White,37.47458267211914,2.5254173278808594,35-44,False,True,False,False,False,False,True,False,False,False,False,True,False,False,False,False
27,male,Indian,28.670011520385742,1.6700115203857422,25-34,False,True,False,False,True,False,False,False,False,False,True,False,False,False,False,False
4,female,White,16.59172821044922,12.591728210449219,0-4,True,False,False,False,False,False,True,True,False,False,False,False,False,False,False,False
29,female,Others,30.555278778076172,1.5552787780761719,25-34,True,False,False,False,False,True,False,False,False,False,True,False,False,False,False,False
50,male,White,37.26638412475586,12.73361587524414,45-64,False,True,False,False,False,False,True,False,False,False,False,False,True,False,False,False
23,female,Indian,18.22871971130371,4.771280288696289,18-24,True,False,False,False,True,False,False,False,False,True,False,False,False,False,False,False
10,female,Others,16.51127815246582,6.51127815246582,5-17,True,False,False,False,False,True,False,False,True,False,False,False,False,False,False,False
1,male,Asian,1.656473994255066,0.6564739942550659,0-4,False,True,True,False,False,False,False,True,False,False,False,False,False,False,False,False
8,female,White,26.440099716186523,18.440099716186523,5-17,True,False,False,False,False,False,True,False,True,False,False,False,False,False,False,False
30,male,Indian,37.65028381347656,7.6502838134765625,25-34,False,True,False,False,True,False,False,False,False,False,True,False,False,False,False,False
15,female,Others,23.141080856323242,8.141080856323242,5-17,True,False,False,False,False,True,False,False,True,False,False,False,False,False,False,False
65,male,White,48.280845642089844,16.719154357910156,65-84,False,True,False,False,False,False,True,False,False,False,False,False,False,True,False,False
26,male,Indian,22.334779739379883,3.665220260620117,25-34,False,True,False,False,True,False,False,False,False,False,True,False,False,False,False,False
29,male,White,33.369789123535156,4.369789123535156,25-34,False,True,False,False,False,False,True,False,False,False,True,False,False,False,False,False
29,male,White,32.83282470703125,3.83282470703125,25-34,False,True,False,False,False,False,True,False,False,False,True,False,False,False,False,False
45,male,White,36.76898193359375,8.23101806640625,45-64,False,True,False,False,False,False,True,False,False,False,False,False,True,False,False,False
55,female,Indian,36.77198791503906,18.228012084960938,45-64,True,False,False,False,True,False,False,False,False,False,False,False,True,False,False,False
33,female,Indian,27.573514938354492,5.426485061645508,25-34,True,False,False,False,True,False,False,False,False,False,True,False,False,False,False,False
38,male,Asian,38.95730209350586,0.9573020935058594,35-44,False,True,True,False,False,False,False,False,False,False,False,True,False,False,False,False
36,female,Black,32.76531982421875,3.23468017578125,35-44,True,False,False,True,False,False,False,False,False,False,False,True,False,False,False,False
4,female,White,8.984025001525879,4.984025001525879,0-4,True,False,False,False,False,False,True,True,False,False,False,False,False,False,False,False
69,male,Black,54.757049560546875,14.242950439453125,65-84,False,True,False,True,False,False,False,False,False,False,False,False,False,True,False,False
1,male,White,3.451291084289551,2.451291084289551,0-4,False,True,False,False,False,False,True,True,False,False,False,False,False,False,False,False
22,male,White,23.452131271362305,1.4521312713623047,18-24,False,True,False,False,False,False,True,False,False,True,False,False,False,False,False,False
56,male,White,57.668739318847656,1.6687393188476562,45-64,False,True,False,False,False,False,True,False,False,False,False,False,True,False,False,False
42,male,Black,39.45111083984375,2.54888916015625,35-44,False,True,False,True,False,False,False,False,False,False,False,True,False,False,False,False
25,male,Black,27.38075065612793,2.3807506561279297,25-34,False,True,False,True,False,False,False,False,False,False,True,False,False,False,False,False
30,female,Black,27.556936264038086,2.443063735961914,25-34,True,False,False,True,False,False,False,False,False,False,True,False,False,False,False,False
65,male,White,59.6251335144043,5.374866485595703,65-84,False,True,False,False,False,False,True,False,False,False,False,False,False,True,False,False
40,male,White,46.50760269165039,6.507602691650391,35-44,False,True,False,False,False,False,True,False,False,False,False,True,False,False,False,False
2,male,White,2.3875277042388916,0.3875277042388916,0-4,False,True,False,False,False,False,True,True,False,False,False,False,False,False,False,False
29,female,Black,33.251625061035156,4.251625061035156,25-34,True,False,False,True,False,False,False,False,False,False,True,False,False,False,False,False
36,male,Black,33.1384162902832,2.861583709716797,35-44,False,True,False,True,False,False,False,False,False,False,False,True,False,False,False,False
4,female,White,1.3900972604751587,2.6099027395248413,0-4,True,False,False,False,False,False,True,True,False,False,False,False,False,False,False,False
26,female,Indian,19.14703941345215,6.852960586547852,25-34,True,False,False,False,True,False,False,False,False,False,True,False,False,False,False,False
35,female,Others,26.132463455200195,8.867536544799805,35-44,True,False,False,False,False,True,False,False,False,False,False,True,False,False,False,False
20,female,Asian,15.471271514892578,4.528728485107422,18-24,True,False,True,False,False,False,False,False,False,True,False,False,False,False,False,False
37,male,Black,30.19805908203125,6.80194091796875,35-44,False,True,False,True,False,False,False,False,False,False,False,True,False,False,False,False
26,female,White,28.24118995666504,2.241189956665039,25-34,True,False,False,False,False,False,True,False,False,False,True,False,False,False,False,False
60,female,White,45.516998291015625,14.483001708984375,45-64,True,False,False,False,False,False,True,False,False,False,False,False,True,False,False,False
25,female,Indian,14.230705261230469,10.769294738769531,25-34,True,False,False,False,True,False,False,False,False,False,True,False,False,False,False,False
8,male,White,7.361302852630615,0.6386971473693848,5-17,False,True,False,False,False,False,True,False,True,False,False,False,False,False,False,False
55,male,White,49.49372863769531,5.5062713623046875,45-64,False,True,False,False,False,False,True,False,False,False,False,False,True,False,False,False
61,male,Indian,48.60920333862305,12.390796661376953,45-64,False,True,False,False,True,False,False,False,False,False,False,False,True,False,False,False
28,female,Asian,23.603166580200195,4.396833419799805,25-34,True,False,True,False,False,False,False,False,False,False,True,False,False,False,False,False
18,female,Black,24.88295555114746,6.882955551147461,18-24,True,False,False,True,False,False,False,False,False,True,False,False,False,False,False,False
67,male,White,56.42285919189453,10.577140808105469,65-84,False,True,False,False,False,False,True,False,False,False,False,False,False,True,False,False
24,female,White,24.20066261291504,0.20066261291503906,18-24,True,False,False,False,False,False,True,False,False,True,False,False,False,False,False,False
34,female,Others,27.248905181884766,6.751094818115234,25-34,True,False,False,False,False,True,False,False,False,False,True,False,False,False,False,False
26,male,Black,19.795082092285156,6.204917907714844,25-34,False,True,False,True,False,False,False,False,False,False,True,False,False,False,False,False
24,female,Asian,22.69215202331543,1.3078479766845703,18-24,True,False,True,False,False,False,False,False,False,True,False,False,False,False,False,False
85,male,White,77.46331024169922,7.536689758300781,85-99,False,True,False,False,False,False,True,False,False,False,False,False,False,False,True,False
55,male,Indian,41.74964141845703,13.250358581542969,45-64,False,True,False,False,True,False,False,False,False,False,False,False,True,False,False,False
30,female,Indian,40.89869689941406,10.898696899414062,25-34,True,False,False,False,True,False,False,False,False,False,True,False,False,False,False,False
35,male,White,30.891145706176758,4.108854293823242,35-44,False,True,False,False,False,False,True,False,False,False,False,True,False,False,False,False
56,male,White,55.44331359863281,0.5566864013671875,45-64,False,True,False,False,False,False,True,False,False,False,False,False,True,False,False,False
18,male,Asian,20.808650970458984,2.8086509704589844,18-24,False,True,True,False,False,False,False,False,False,True,False,False,False,False,False,False
4,female,Asian,3.505647897720337,0.4943521022796631,0-4,True,False,True,False,False,False,False,True,False,False,False,False,False,False,False,False
20,female,Asian,17.02044105529785,2.9795589447021484,18-24,True,False,True,False,False,False,False,False,False,True,False,False,False,False,False,False
45,female,Indian,45.61699676513672,0.6169967651367188,45-64,True,False,False,False,True,False,False,False,False,False,False,False,True,False,False,False
25,male,White,26.986974716186523,1.9869747161865234,25-34,False,True,False,False,False,False,True,False,False,False,True,False,False,False,False,False
31,female,Others,37.39096450805664,6.390964508056641,25-34,True,False,False,False,False,True,False,False,False,False,True,False,False,False,False,False
67,female,White,66.45537567138672,0.5446243286132812,65-84,True,False,False,False,False,False,True,False,False,False,False,False,False,True,False,False
65,male,Black,56.663414001464844,8.336585998535156,65-84,False,True,False,True,False,False,False,False,False,False,False,False,False,True,False,False
20,female,White,21.857385635375977,1.8573856353759766,18-24,True,False,False,False,False,False,True,False,False,True,False,False,False,False,False,False
1,male,Indian,1.67340886592865,0.6734088659286499,0-4,False,True,False,False,True,False,False,True,False,False,False,False,False,False,False,False
32,female,Asian,22.62991714477539,9.37008285522461,25-34,True,False,True,False,False,False,False,False,False,False,True,False,False,False,False,False
29,female,White,25.57647132873535,3.4235286712646484,25-34,True,False,False,False,False,False,True,False,False,False,True,False,False,False,False,False
60,female,Indian,51.73455810546875,8.26544189453125,45-64,True,False,False,False,True,False,False,False,False,False,False,False,True,False,False,False
25,male,White,27.20960807800293,2.2096080780029297,25-34,False,True,False,False,False,False,True,False,False,False,True,False,False,False,False,False
24,male,Others,30.974096298217773,6.974096298217773,18-24,False,True,False,False,False,True,False,False,False,True,False,False,False,False,False,False
34,male,White,25.21563148498535,8.784368515014648,25-34,False,True,False,False,False,False,True,False,False,False,True,False,False,False,False,False
19,female,Indian,23.17804527282715,4.178045272827148,18-24,True,False,False,False,True,False,False,False,False,True,False,False,False,False,False,False
53,male,Black,32.15520477294922,20.84479522705078,45-64,False,True,False,True,False,False,False,False,False,False,False,False,True,False,False,False
45,male,White,39.422271728515625,5.577728271484375,45-64,False,True,False,False,False,False,True,False,False,False,False,False,True,False,False,False
27,male,White,28.7591609954834,1.7591609954833984,25-34,False,True,False,False,False,False,True,False,False,False,True,False,False,False,False,False
26,female,Indian,27.443891525268555,1.4438915252685547,25-34,True,False,False,False,True,False,False,False,False,False,True,False,False,False,False,False
13,female,White,6.842316150665283,6.157683849334717,5-17,True,False,False,False,False,False,True,False,True,False,False,False,False,False,False,False
50,male,White,55.9568977355957,5.956897735595703,45-64,False,True,False,False,False,False,True,False,False,False,False,False,True,False,False,False
26,female,White,24.675193786621094,1.3248062133789062,25-34,True,False,False,False,False,False,True,False,False,False,True,False,False,False,False,False
27,male,Black,28.82085609436035,1.8208560943603516,25-34,False,True,False,True,False,False,False,False,False,False,True,False,False,False,False,False
75,male,White,63.6248779296875,11.3751220703125,65-84,False,True,False,False,False,False,True,False,False,False,False,False,False,True,False,False
26,male,White,23.140783309936523,2.8592166900634766,25-34,False,True,False,False,False,False,True,False,False,False,True,False,False,False,False,False
34,male,White,42.196685791015625,8.196685791015625,25-34,False,True,False,False,False,False,True,False,False,False,True,False,False,False,False,False
10,male,White,4.963475227355957,5.036524772644043,5-17,False,True,False,False,False,False,True,False,True,False,False,False,False,False,False,False
35,female,White,36.89027404785156,1.8902740478515625,35-44,True,False,False,False,False,False,True,False,False,False,False,True,False,False,False,False
36,female,Black,25.817245483398438,10.182754516601562,35-44,True,False,False,True,False,False,False,False,False,False,False,True,False,False,False,False
1,female,Indian,1.8145930767059326,0.8145930767059326,0-4,True,False,False,False,True,False,False,True,False,False,False,False,False,False,False,False
36,male,Indian,40.26963806152344,4.2696380615234375,35-44,False,True,False,False,True,False,False,False,False,False,False,True,False,False,False,False
47,male,Indian,38.960784912109375,8.039215087890625,45-64,False,True,False,False,True,False,False,False,False,False,False,False,True,False,False,False
26,female,White,38.37758255004883,12.377582550048828,25-34,True,False,False,False,False,False,True,False,False,False,True,False,False,False,False,False
29,male,Black,28.458627700805664,0.5413722991943359,25-34,False,True,False,True,False,False,False,False,False,False,True,False,False,False,False,False
57,male,Indian,55.95390701293945,1.0460929870605469,45-64,False,True,False,False,True,False,False,False,False,False,False,False,True,False,False,False
56,male,White,61.3255729675293,5.325572967529297,45-64,False,True,False,False,False,False,True,False,False,False,False,False,True,False,False,False
28,male,Black,31.727331161499023,3.7273311614990234,25-34,False,True,False,True,False,False,False,False,False,False,True,False,False,False,False,False
1,male,White,-0.16568447649478912,1.1656844764947891,0-4,False,True,False,False,False,False,True,True,False,False,False,False,False,False,False,False
28,female,White,28.527311325073242,0.5273113250732422,25-34,True,False,False,False,False,False,True,False,False,False,True,False,False,False,False,False
2,female,Others,0.5912357568740845,1.4087642431259155,0-4,True,False,False,False,False,True,False,True,False,False,False,False,False,False,False,False
8,male,White,7.043135643005371,0.9568643569946289,5-17,False,True,False,False,False,False,True,False,True,False,False,False,False,False,False,False
27,male,Black,25.613126754760742,1.3868732452392578,25-34,False,True,False,True,False,False,False,False,False,False,True,False,False,False,False,False
26,male,Black,34.441871643066406,8.441871643066406,25-34,False,True,False,True,False,False,False,False,False,False,True,False,False,False,False,False
20,female,White,24.83094596862793,4.83094596862793,18-24,True,False,False,False,False,False,True,False,False,True,False,False,False,False,False,False
2,female,Asian,2.3815157413482666,0.3815157413482666,0-4,True,False,True,False,False,False,False,True,False,False,False,False,False,False,False,False
24,female,Asian,24.76064682006836,0.7606468200683594,18-24,True,False,True,False,False,False,False,False,False,True,False,False,False,False,False,False
36,male,White,37.72455596923828,1.7245559692382812,35-44,False,True,False,False,False,False,True,False,False,False,False,True,False,False,False,False
48,male,White,27.372716903686523,20.627283096313477,45-64,False,True,False,False,False,False,True,False,False,False,False,False,True,False,False,False
1,female,Indian,22.82684898376465,21.82684898376465,0-4,True,False,False,False,True,False,False,True,False,False,False,False,False,False,False,False
58,female,White,47.107486724853516,10.892513275146484,45-64,True,False,False,False,False,False,True,False,False,False,False,False,True,False,False,False
32,female,Asian,31.09599494934082,0.9040050506591797,25-34,True,False,True,False,False,False,False,False,False,False,True,False,False,False,False,False
24,female,White,24.393545150756836,0.39354515075683594,18-24,True,False,False,False,False,False,True,False,False,True,False,False,False,False,False,False
38,male,Black,30.339387893676758,7.660612106323242,35-44,False,True,False,True,False,False,False,False,False,False,False,True,False,False,False,False
36,female,Black,37.86210632324219,1.8621063232421875,35-44,True,False,False,True,False,False,False,False,False,False,False,True,False,False,False,False
40,male,White,42.93385314941406,2.9338531494140625,35-44,False,True,False,False,False,False,True,False,False,False,False,True,False,False,False,False
43,male,Indian,43.80801773071289,0.8080177307128906,35-44,False,True,False,False,True,False,False,False,False,False,False,True,False,False,False,False
37,female,Black,48.6231575012207,11.623157501220703,35-44,True,False,False,True,False,False,False,False,False,False,False,True,False,False,False,False
26,male,Black,26.042903900146484,0.042903900146484375,25-34,False,True,False,True,False,False,False,False,False,False,True,False,False,False,False,False
25,male,Indian,28.482267379760742,3.482267379760742,25-34,False,True,False,False,True,False,False,False,False,False,True,False,False,False,False,False
20,male,Others,27.216344833374023,7.216344833374023,18-24,False,True,False,False,False,True,False,False,False,True,False,False,False,False,False,False
36,female,White,43.85198974609375,7.85198974609375,35-44,True,False,False,False,False,False,True,False,False,False,False,True,False,False,False,False
40,male,White,24.498498916625977,15.501501083374023,35-44,False,True,False,False,False,False,True,False,False,False,False,True,False,False,False,False
2,male,White,1.3777457475662231,0.6222542524337769,0-4,False,True,False,False,False,False,True,True,False,False,False,False,False,False,False,False
65,male,Black,52.47325897216797,12.526741027832031,65-84,False,True,False,True,False,False,False,False,False,False,False,False,False,True,False,False
26,female,Indian,28.030630111694336,2.030630111694336,25-34,True,False,False,False,True,False,False,False,False,False,True,False,False,False,False,False
1,female,Others,1.3571377992630005,0.3571377992630005,0-4,True,False,False,False,False,True,False,True,False,False,False,False,False,False,False,False
7,male,Others,4.538509845733643,2.4614901542663574,5-17,False,True,False,False,False,True,False,False,True,False,False,False,False,False,False,False
25,female,White,23.5631160736084,1.4368839263916016,25-34,True,False,False,False,False,False,True,False,False,False,True,False,False,False,False,False
52,male,White,41.83000946044922,10.169990539550781,45-64,False,True,False,False,False,False,True,False,False,False,False,False,True,False,False,False
26,male,Indian,25.339990615844727,0.6600093841552734,25-34,False,True,False,False,True,False,False,False,False,False,True,False,False,False,False,False
67,male,White,69.80306243896484,2.8030624389648438,65-84,False,True,False,False,False,False,True,False,False,False,False,False,False,True,False,False
1,male,Asian,1.3428486585617065,0.34284865856170654,0-4,False,True,True,False,False,False,False,True,False,False,False,False,False,False,False,False
32,male,Black,31.193466186523438,0.8065338134765625,25-34,False,True,False,True,False,False,False,False,False,False,True,False,False,False,False,False
27,female,Indian,26.42302894592285,0.5769710540771484,25-34,True,False,False,False,True,False,False,False,False,False,True,False,False,False,False,False
12,female,White,23.53936195373535,11.539361953735352,5-17,True,False,False,False,False,False,True,False,True,False,False,False,False,False,False,False
22,male,Black,24.641937255859375,2.641937255859375,18-24,False,True,False,True,False,False,False,False,False,True,False,False,False,False,False,False
56,male,White,47.500938415527344,8.499061584472656,45-64,False,True,False,False,False,False,True,False,False,False,False,False,True,False,False,False
57,female,White,53.36543655395508,3.634563446044922,45-64,True,False,False,False,False,False,True,False,False,False,False,False,True,False,False,False
4,male,White,2.0338199138641357,1.9661800861358643,0-4,False,True,False,False,False,False,True,True,False,False,False,False,False,False,False,False
4,female,Others,5.118780136108398,1.1187801361083984,0-4,True,False,False,False,False,True,False,True,False,False,False,False,False,False,False,False
30,female,White,30.895299911499023,0.8952999114990234,25-34,True,False,False,False,False,False,True,False,False,False,True,False,False,False,False,False
30,female,Black,29.9621524810791,0.03784751892089844,25-34,True,False,False,True,False,False,False,False,False,False,True,False,False,False,False,False
45,male,Black,58.02505874633789,13.02505874633789,45-64,False,True,False,True,False,False,False,False,False,False,False,False,True,False,False,False
60,female,Black,60.66489028930664,0.6648902893066406,45-64,True,False,False,True,False,False,False,False,False,False,False,False,True,False,False,False
24,male,Black,38.541847229003906,14.541847229003906,18-24,False,True,False,True,False,False,False,False,False,True,False,False,False,False,False,False
32,male,Asian,29.088817596435547,2.911182403564453,25-34,False,True,True,False,False,False,False,False,False,False,True,False,False,False,False,False
2,male,Asian,0.4338793158531189,1.566120684146881,0-4,False,True,True,False,False,False,False,True,False,False,False,False,False,False,False,False
90,female,White,82.16588592529297,7.834114074707031,85-99,True,False,False,False,False,False,True,False,False,False,False,False,False,False,True,False
30,female,White,25.121145248413086,4.878854751586914,25-34,True,False,False,False,False,False,True,False,False,False,True,False,False,False,False,False
29,male,Indian,32.904075622558594,3.9040756225585938,25-34,False,True,False,False,True,False,False,False,False,False,True,False,False,False,False,False
24,female,Black,25.628965377807617,1.6289653778076172,18-24,True,False,False,True,False,False,False,False,False,True,False,False,False,False,False,False
50,female,White,52.694278717041016,2.6942787170410156,45-64,True,False,False,False,False,False,True,False,False,False,False,False,True,False,False,False
43,male,White,29.70035743713379,13.299642562866211,35-44,False,True,False,False,False,False,True,False,False,False,False,True,False,False,False,False
50,male,Indian,52.743560791015625,2.743560791015625,45-64,False,True,False,False,True,False,False,False,False,False,False,False,True,False,False,False
2,male,White,1.92160165309906,0.07839834690093994,0-4,False,True,False,False,False,False,True,True,False,False,False,False,False,False,False,False
34,male,Asian,27.804384231567383,6.195615768432617,25-34,False,True,True,False,False,False,False,False,False,False,True,False,False,False,False,False
85,female,Others,50.24315643310547,34.75684356689453,85-99,True,False,False,False,False,True,False,False,False,False,False,False,False,False,True,False
76,male,Asian,58.87824630737305,17.121753692626953,65-84,False,True,True,False,False,False,False,False,False,False,False,False,False,True,False,False
75,male,White,69.84618377685547,5.153816223144531,65-84,False,True,False,False,False,False,True,False,False,False,False,False,False,True,False,False
52,female,White,40.345115661621094,11.654884338378906,45-64,True,False,False,False,False,False,True,False,False,False,False,False,True,False,False,False
77,male,White,91.3282470703125,14.3282470703125,65-84,False,True,False,False,False,False,True,False,False,False,False,False,False,True,False,False
55,female,Black,65.62217712402344,10.622177124023438,45-64,True,False,False,True,False,False,False,False,False,False,False,False,True,False,False,False
37,male,Indian,34.602394104003906,2.3976058959960938,35-44,False,True,False,False,True,False,False,False,False,False,False,True,False,False,False,False
1,male,Others,1.8007762432098389,0.8007762432098389,0-4,False,True,False,False,False,True,False,True,False,False,False,False,False,False,False,False
39,female,White,34.935829162597656,4.064170837402344,35-44,True,False,False,False,False,False,True,False,False,False,False,True,False,False,False,False
26,female,Indian,25.472009658813477,0.5279903411865234,25-34,True,False,False,False,True,False,False,False,False,False,True,False,False,False,False,False
35,male,White,30.455738067626953,4.544261932373047,35-44,False,True,False,False,False,False,True,False,False,False,False,True,False,False,False,False
80,male,Asian,78.64466094970703,1.3553390502929688,65-84,False,True,True,False,False,False,False,False,False,False,False,False,False,True,False,False
29,female,White,24.458520889282227,4.541479110717773,25-34,True,False,False,False,False,False,True,False,False,False,True,False,False,False,False,False
1,female,White,1.0561965703964233,0.05619657039642334,0-4,True,False,False,False,False,False,True,True,False,False,False,False,False,False,False,False
35,male,Asian,32.47507095336914,2.5249290466308594,35-44,False,True,True,False,False,False,False,False,False,False,False,True,False,False,False,False
35,female,Black,15.107135772705078,19.892864227294922,35-44,True,False,False,True,False,False,False,False,False,False,False,True,False,False,False,False
3,female,White,1.4429243803024292,1.5570756196975708,0-4,True,False,False,False,False,False,True,True,False,False,False,False,False,False,False,False
26,male,White,29.361616134643555,3.3616161346435547,25-34,False,True,False,False,False,False,True,False,False,False,True,False,False,False,False,False
18,female,Black,21.15567970275879,3.155679702758789,18-24,True,False,False,True,False,False,False,False,False,True,False,False,False,False,False,False
24,female,Asian,25.505523681640625,1.505523681640625,18-24,True,False,True,False,False,False,False,False,False,True,False,False,False,False,False,False
26,male,Black,26.568204879760742,0.5682048797607422,25-34,False,True,False,True,False,False,False,False,False,False,True,False,False,False,False,False
70,male,White,53.53265380859375,16.46734619140625,65-84,False,True,False,False,False,False,True,False,False,False,False,False,False,True,False,False
36,male,Black,31.877782821655273,4.122217178344727,35-44,False,True,False,True,False,False,False,False,False,False,False,True,False,False,False,False
4,male,Indian,6.943780899047852,2.9437808990478516,0-4,False,True,False,False,True,False,False,True,False,False,False,False,False,False,False,False
31,male,White,32.162620544433594,1.1626205444335938,25-34,False,True,False,False,False,False,True,False,False,False,True,False,False,False,False,False
32,female,White,36.50067901611328,4.500679016113281,25-34,True,False,False,False,False,False,True,False,False,False,True,False,False,False,False,False
1,female,Asian,1.788474440574646,0.788474440574646,0-4,True,False,True,False,False,False,False,True,False,False,False,False,False,False,False,False
20,female,Black,21.879987716674805,1.8799877166748047,18-24,True,False,False,True,False,False,False,False,False,True,False,False,False,False,False,False
20,male,Others,23.27686309814453,3.2768630981445312,18-24,False,True,False,False,False,True,False,False,False,True,False,False,False,False,False,False
27,female,Indian,21.248233795166016,5.751766204833984,25-34,True,False,False,False,True,False,False,False,False,False,True,False,False,False,False,False
29,female,White,25.056615829467773,3.9433841705322266,25-34,True,False,False,False,False,False,True,False,False,False,True,False,False,False,False,False
28,female,Asian,29.398656845092773,1.3986568450927734,25-34,True,False,True,False,False,False,False,False,False,False,True,False,False,False,False,False
20,female,White,23.410261154174805,3.4102611541748047,18-24,True,False,False,False,False,False,True,False,False,True,False,False,False,False,False,False
35,male,White,28.19011688232422,6.809883117675781,35-44,False,True,False,False,False,False,True,False,False,False,False,True,False,False,False,False
31,male,Black,30.59514808654785,0.40485191345214844,25-34,False,True,False,True,False,False,False,False,False,False,True,False,False,False,False,False
26,female,Black,26.13556480407715,0.13556480407714844,25-34,True,False,False,True,False,False,False,False,False,False,True,False,False,False,False,False
32,female,Black,32.1253547668457,0.12535476684570312,25-34,True,False,False,True,False,False,False,False,False,False,True,False,False,False,False,False
59,female,White,58.93172836303711,0.06827163696289062,45-64,True,False,False,False,False,False,True,False,False,False,False,False,True,False,False,False
26,male,Indian,31.196077346801758,5.196077346801758,25-34,False,True,False,False,True,False,False,False,False,False,True,False,False,False,False,False
37,male,White,44.899269104003906,7.899269104003906,35-44,False,True,False,False,False,False,True,False,False,False,False,True,False,False,False,False
6,female,White,4.605289459228516,1.3947105407714844,5-17,True,False,False,False,False,False,True,False,True,False,False,False,False,False,False,False
1,male,White,1.205398440361023,0.20539844036102295,0-4,False,True,False,False,False,False,True,True,False,False,False,False,False,False,False,False
26,male,Indian,26.852294921875,0.852294921875,25-34,False,True,False,False,True,False,False,False,False,False,True,False,False,False,False,False
6,male,White,8.897184371948242,2.897184371948242,5-17,False,True,False,False,False,False,True,False,True,False,False,False,False,False,False,False
27,female,Asian,24.239784240722656,2.7602157592773438,25-34,True,False,True,False,False,False,False,False,False,False,True,False,False,False,False,False
26,female,Indian,21.989133834838867,4.010866165161133,25-34,True,False,False,False,True,False,False,False,False,False,True,False,False,False,False,False
2,male,Indian,2.003439426422119,0.0034394264221191406,0-4,False,True,False,False,True,False,False,True,False,False,False,False,False,False,False,False
28,male,Indian,44.14506149291992,16.145061492919922,25-34,False,True,False,False,True,False,False,False,False,False,True,False,False,False,False,False
47,male,Indian,40.27423858642578,6.725761413574219,45-64,False,True,False,False,True,False,False,False,False,False,False,False,True,False,False,False
26,female,White,19.12709617614746,6.872903823852539,25-34,True,False,False,False,False,False,True,False,False,False,True,False,False,False,False,False
25,female,White,27.746135711669922,2.746135711669922,25-34,True,False,False,False,False,False,True,False,False,False,True,False,False,False,False,False
25,male,White,26.675832748413086,1.675832748413086,25-34,False,True,False,False,False,False,True,False,False,False,True,False,False,False,False,False
50,male,Indian,50.144020080566406,0.14402008056640625,45-64,False,True,False,False,True,False,False,False,False,False,False,False,True,False,False,False
28,male,Others,29.301536560058594,1.3015365600585938,25-34,False,True,False,False,False,True,False,False,False,False,True,False,False,False,False,False
31,female,Black,31.38343620300293,0.3834362030029297,25-34,True,False,False,True,False,False,False,False,False,False,True,False,False,False,False,False
29,male,Indian,37.43034362792969,8.430343627929688,25-34,False,True,False,False,True,False,False,False,False,False,True,False,False,False,False,False
50,male,Indian,36.07563781738281,13.924362182617188,45-64,False,True,False,False,True,False,False,False,False,False,False,False,True,False,False,False
35,male,White,42.444305419921875,7.444305419921875,35-44,False,True,False,False,False,False,True,False,False,False,False,True,False,False,False,False
1,male,Asian,2.1894588470458984,1.1894588470458984,0-4,False,True,True,False,False,False,False,True,False,False,False,False,False,False,False,False
26,female,Others,28.64006996154785,2.6400699615478516,25-34,True,False,False,False,False,True,False,False,False,False,True,False,False,False,False,False
13,female,White,6.24888277053833,6.75111722946167,5-17,True,False,False,False,False,False,True,False,True,False,False,False,False,False,False,False
2,female,White,4.466886043548584,2.466886043548584,0-4,True,False,False,False,False,False,True,True,False,False,False,False,False,False,False,False
53,female,White,46.17445755004883,6.825542449951172,45-64,True,False,False,False,False,False,True,False,False,False,False,False,True,False,False,False
6,female,White,2.7140612602233887,3.2859387397766113,5-17,True,False,False,False,False,False,True,False,True,False,False,False,False,False,False,False
35,male,White,31.073225021362305,3.9267749786376953,35-44,False,True,False,False,False,False,True,False,False,False,False,True,False,False,False,False
55,male,Indian,51.590301513671875,3.409698486328125,45-64,False,True,False,False,True,False,False,False,False,False,False,False,True,False,False,False
38,female,Black,37.552001953125,0.447998046875,35-44,True,False,False,True,False,False,False,False,False,False,False,True,False,False,False,False
4,female,Others,6.153161525726318,2.1531615257263184,0-4,True,False,False,False,False,True,False,True,False,False,False,False,False,False,False,False
36,male,White,31.529115676879883,4.470884323120117,35-44,False,True,False,False,False,False,True,False,False,False,False,True,False,False,False,False
60,female,White,38.396636962890625,21.603363037109375,45-64,True,False,False,False,False,False,True,False,False,False,False,False,True,False,False,False
32,female,Indian,33.31586456298828,1.3158645629882812,25-34,True,False,False,False,True,False,False,False,False,False,True,False,False,False,False,False
28,female,Asian,29.525272369384766,1.5252723693847656,25-34,True,False,True,False,False,False,False,False,False,False,True,False,False,False,False,False
30,female,White,37.306236267089844,7.306236267089844,25-34,True,False,False,False,False,False,True,False,False,False,True,False,False,False,False,False
40,male,White,50.73919677734375,10.73919677734375,35-44,False,True,False,False,False,False,True,False,False,False,False,True,False,False,False,False
36,female,Black,30.713300704956055,5.286699295043945,35-44,True,False,False,True,False,False,False,False,False,False,False,True,False,False,False,False
38,male,White,50.75245666503906,12.752456665039062,35-44,False,True,False,False,False,False,True,False,False,False,False,True,False,False,False,False
45,male,White,52.12385559082031,7.1238555908203125,45-64,False,True,False,False,False,False,True,False,False,False,False,False,True,False,False,False
20,female,White,20.769987106323242,0.7699871063232422,18-24,True,False,False,False,False,False,True,False,False,True,False,False,False,False,False,False
26,male,Asian,30.645158767700195,4.645158767700195,25-34,False,True,True,False,False,False,False,False,False,False,True,False,False,False,False,False
1,male,Indian,1.1278916597366333,0.1278916597366333,0-4,False,True,False,False,True,False,False,True,False,False,False,False,False,False,False,False
16,female,White,17.723819732666016,1.7238197326660156,5-17,True,False,False,False,False,False,True,False,True,False,False,False,False,False,False,False
19,male,White,24.993467330932617,5.993467330932617,18-24,False,True,False,False,False,False,True,False,False,True,False,False,False,False,False,False
45,male,Indian,42.41571044921875,2.58428955078125,45-64,False,True,False,False,True,False,False,False,False,False,False,False,True,False,False,False
31,female,White,38.20262908935547,7.202629089355469,25-34,True,False,False,False,False,False,True,False,False,False,True,False,False,False,False,False
2,female,Others,7.694925308227539,5.694925308227539,0-4,True,False,False,False,False,True,False,True,False,False,False,False,False,False,False,False
28,male,White,39.71762466430664,11.71762466430664,25-34,False,True,False,False,False,False,True,False,False,False,True,False,False,False,False,False
29,male,Black,30.28478240966797,1.2847824096679688,25-34,False,True,False,True,False,False,False,False,False,False,True,False,False,False,False,False
28,female,Asian,28.22810935974121,0.22810935974121094,25-34,True,False,True,False,False,False,False,False,False,False,True,False,False,False,False,False
18,male,Others,19.256298065185547,1.2562980651855469,18-24,False,True,False,False,False,True,False,False,False,True,False,False,False,False,False,False
35,female,White,33.753501892089844,1.2464981079101562,35-44,True,False,False,False,False,False,True,False,False,False,False,True,False,False,False,False
26,female,Black,23.048717498779297,2.951282501220703,25-34,True,False,False,True,False,False,False,False,False,False,True,False,False,False,False,False
32,female,White,47.8726806640625,15.8726806640625,25-34,True,False,False,False,False,False,True,False,False,False,True,False,False,False,False,False
1,male,White,3.3112001419067383,2.3112001419067383,0-4,False,True,False,False,False,False,True,True,False,False,False,False,False,False,False,False
29,male,Indian,29.478532791137695,0.4785327911376953,25-34,False,True,False,False,True,False,False,False,False,False,True,False,False,False,False,False
52,male,White,34.56454849243164,17.43545150756836,45-64,False,True,False,False,False,False,True,False,False,False,False,False,True,False,False,False
28,male,Black,29.00956916809082,1.0095691680908203,25-34,False,True,False,True,False,False,False,False,False,False,True,False,False,False,False,False
38,female,Indian,29.725461959838867,8.274538040161133,35-44,True,False,False,False,True,False,False,False,False,False,False,True,False,False,False,False
69,male,White,60.541141510009766,8.458858489990234,65-84,False,True,False,False,False,False,True,False,False,False,False,False,False,True,False,False
35,male,Others,40.157257080078125,5.157257080078125,35-44,False,True,False,False,False,True,False,False,False,False,False,True,False,False,False,False
51,male,Black,43.321205139160156,7.678794860839844,45-64,False,True,False,True,False,False,False,False,False,False,False,False,True,False,False,False
27,female,Indian,42.05847930908203,15.058479309082031,25-34,True,False,False,False,True,False,False,False,False,False,True,False,False,False,False,False
71,female,White,68.97032165527344,2.0296783447265625,65-84,True,False,False,False,False,False,True,False,False,False,False,False,False,True,False,False
37,female,Indian,24.732969284057617,12.267030715942383,35-44,True,False,False,False,True,False,False,False,False,False,False,True,False,False,False,False
26,male,Asian,24.371864318847656,1.6281356811523438,25-34,False,True,True,False,False,False,False,False,False,False,True,False,False,False,False,False
35,male,White,38.516353607177734,3.5163536071777344,35-44,False,True,False,False,False,False,True,False,False,False,False,True,False,False,False,False
4,male,Asian,2.6930911540985107,1.3069088459014893,0-4,False,True,True,False,False,False,False,True,False,False,False,False,False,False,False,False
2,female,Asian,-0.1414959728717804,2.1414959728717804,0-4,True,False,True,False,False,False,False,True,False,False,False,False,False,False,False,False
41,male,Others,34.138736724853516,6.861263275146484,35-44,False,True,False,False,False,True,False,False,False,False,False,True,False,False,False,False
5,female,Asian,15.034977912902832,10.034977912902832,5-17,True,False,True,False,False,False,False,False,True,False,False,False,False,False,False,False
39,male,Indian,27.761320114135742,11.238679885864258,35-44,False,True,False,False,True,False,False,False,False,False,False,True,False,False,False,False
22,male,Asian,25.475740432739258,3.475740432739258,18-24,False,True,True,False,False,False,False,False,False,True,False,False,False,False,False,False
58,female,Black,41.943851470947266,16.056148529052734,45-64,True,False,False,True,False,False,False,False,False,False,False,False,True,False,False,False
1,female,Others,3.256892442703247,2.256892442703247,0-4,True,False,False,False,False,True,False,True,False,False,False,False,False,False,False,False
86,male,Black,68.49015045166016,17.509849548339844,85-99,False,True,False,True,False,False,False,False,False,False,False,False,False,False,True,False
24,female,Others,24.60818099975586,0.6081809997558594,18-24,True,False,False,False,False,True,False,False,False,True,False,False,False,False,False,False
72,female,White,63.144683837890625,8.855316162109375,65-84,True,False,False,False,False,False,True,False,False,False,False,False,False,True,False,False
85,male,White,68.18665313720703,16.81334686279297,85-99,False,True,False,False,False,False,True,False,False,False,False,False,False,False,True,False
40,male,Black,36.073036193847656,3.9269638061523438,35-44,False,True,False,True,False,False,False,False,False,False,False,True,False,False,False,False
81,female,White,79.16792297363281,1.8320770263671875,65-84,True,False,False,False,False,False,True,False,False,False,False,False,False,True,False,False
15,female,White,20.923030853271484,5.923030853271484,5-17,True,False,False,False,False,False,True,False,True,False,False,False,False,False,False,False
28,male,Black,23.172964096069336,4.827035903930664,25-34,False,True,False,True,False,False,False,False,False,False,True,False,False,False,False,False
46,female,Asian,50.762840270996094,4.762840270996094,45-64,True,False,True,False,False,False,False,False,False,False,False,False,True,False,False,False
28,male,Black,34.8868522644043,6.886852264404297,25-34,False,True,False,True,False,False,False,False,False,False,True,False,False,False,False,False
4,male,White,5.264267444610596,1.2642674446105957,0-4,False,True,False,False,False,False,True,True,False,False,False,False,False,False,False,False
57,male,White,54.72855758666992,2.271442413330078,45-64,False,True,False,False,False,False,True,False,False,False,False,False,True,False,False,False
28,male,White,36.37599563598633,8.375995635986328,25-34,False,True,False,False,False,False,True,False,False,False,True,False,False,False,False,False
40,female,Black,32.30175018310547,7.698249816894531,35-44,True,False,False,True,False,False,False,False,False,False,False,True,False,False,False,False
35,female,Black,31.2757625579834,3.7242374420166016,35-44,True,False,False,True,False,False,False,False,False,False,False,True,False,False,False,False
78,male,White,68.87741088867188,9.122589111328125,65-84,False,True,False,False,False,False,True,False,False,False,False,False,False,True,False,False
8,female,Asian,12.462074279785156,4.462074279785156,5-17,True,False,True,False,False,False,False,False,True,False,False,False,False,False,False,False
30,male,Indian,30.394397735595703,0.3943977355957031,25-34,False,True,False,False,True,False,False,False,False,False,True,False,False,False,False,False
33,male,White,23.377161026000977,9.622838973999023,25-34,False,True,False,False,False,False,True,False,False,False,True,False,False,False,False,False
26,female,White,25.747905731201172,0.2520942687988281,25-34,True,False,False,False,False,False,True,False,False,False,True,False,False,False,False,False
9,male,White,4.182107925415039,4.817892074584961,5-17,False,True,False,False,False,False,True,False,True,False,False,False,False,False,False,False
15,female,White,20.61843490600586,5.618434906005859,5-17,True,False,False,False,False,False,True,False,True,False,False,False,False,False,False,False
65,male,White,62.98284912109375,2.01715087890625,65-84,False,True,False,False,False,False,True,False,False,False,False,False,False,True,False,False
58,male,Asian,63.224456787109375,5.224456787109375,45-64,False,True,True,False,False,False,False,False,False,False,False,False,True,False,False,False
34,male,White,32.67920684814453,1.3207931518554688,25-34,False,True,False,False,False,False,True,False,False,False,True,False,False,False,False,False
22,female,White,26.794857025146484,4.794857025146484,18-24,True,False,False,False,False,False,True,False,False,True,False,False,False,False,False,False
45,male,Indian,40.7928466796875,4.2071533203125,45-64,False,True,False,False,True,False,False,False,False,False,False,False,True,False,False,False
65,male,Black,74.7780532836914,9.778053283691406,65-84,False,True,False,True,False,False,False,False,False,False,False,False,False,True,False,False
55,male,White,48.67900085449219,6.3209991455078125,45-64,False,True,False,False,False,False,True,False,False,False,False,False,True,False,False,False
26,male,White,35.10321044921875,9.10321044921875,25-34,False,True,False,False,False,False,True,False,False,False,True,False,False,False,False,False
20,female,Indian,20.717809677124023,0.7178096771240234,18-24,True,False,False,False,True,False,False,False,False,True,False,False,False,False,False,False
5,male,Indian,7.511170864105225,2.5111708641052246,5-17,False,True,False,False,True,False,False,False,True,False,False,False,False,False,False,False
32,male,White,32.60291290283203,0.6029129028320312,25-34,False,True,False,False,False,False,True,False,False,False,True,False,False,False,False,False
30,female,Others,41.57469940185547,11.574699401855469,25-34,True,False,False,False,False,True,False,False,False,False,True,False,False,False,False,False
2,male,Black,1.5063894987106323,0.4936105012893677,0-4,False,True,False,True,False,False,False,True,False,False,False,False,False,False,False,False
45,female,Black,40.239131927490234,4.760868072509766,45-64,True,False,False,True,False,False,False,False,False,False,False,False,True,False,False,False
48,male,White,41.13433074951172,6.865669250488281,45-64,False,True,False,False,False,False,True,False,False,False,False,False,True,False,False,False
26,male,Others,25.21762466430664,0.7823753356933594,25-34,False,True,False,False,False,True,False,False,False,False,True,False,False,False,False,False
31,male,Others,34.15595245361328,3.1559524536132812,25-34,False,True,False,False,False,True,False,False,False,False,True,False,False,False,False,False
9,male,White,15.065996170043945,6.065996170043945,5-17,False,True,False,False,False,False,True,False,True,False,False,False,False,False,False,False
21,female,Others,18.39247703552246,2.607522964477539,18-24,True,False,False,False,False,True,False,False,False,True,False,False,False,False,False,False
40,male,Black,38.324302673339844,1.6756973266601562,35-44,False,True,False,True,False,False,False,False,False,False,False,True,False,False,False,False
42,female,White,37.99455261230469,4.0054473876953125,35-44,True,False,False,False,False,False,True,False,False,False,False,True,False,False,False,False
23,female,Others,29.490123748779297,6.490123748779297,18-24,True,False,False,False,False,True,False,False,False,True,False,False,False,False,False,False
26,female,Black,30.509193420410156,4.509193420410156,25-34,True,False,False,True,False,False,False,False,False,False,True,False,False,False,False,False
39,female,White,35.36194610595703,3.6380538940429688,35-44,True,False,False,False,False,False,True,False,False,False,False,True,False,False,False,False
26,male,Black,26.016210556030273,0.016210556030273438,25-34,False,True,False,True,False,False,False,False,False,False,True,False,False,False,False,False
26,male,Asian,24.801610946655273,1.1983890533447266,25-34,False,True,True,False,False,False,False,False,False,False,True,False,False,False,False,False
30,male,Indian,24.08162498474121,5.918375015258789,25-34,False,True,False,False,True,False,False,False,False,False,True,False,False,False,False,False
37,male,White,26.99124526977539,10.00875473022461,35-44,False,True,False,False,False,False,True,False,False,False,False,True,False,False,False,False
11,female,Black,18.84943962097168,7.84943962097168,5-17,True,False,False,True,False,False,False,False,True,False,False,False,False,False,False,False
24,female,Asian,24.88437843322754,0.8843784332275391,18-24,True,False,True,False,False,False,False,False,False,True,False,False,False,False,False,False
28,male,Black,27.930326461791992,0.06967353820800781,25-34,False,True,False,True,False,False,False,False,False,False,True,False,False,False,False,False
12,female,White,6.469272613525391,5.530727386474609,5-17,True,False,False,False,False,False,True,False,True,False,False,False,False,False,False,False
27,male,White,31.171592712402344,4.171592712402344,25-34,False,True,False,False,False,False,True,False,False,False,True,False,False,False,False,False
28,male,Black,30.471851348876953,2.471851348876953,25-34,False,True,False,True,False,False,False,False,False,False,True,False,False,False,False,False
52,male,White,49.82696533203125,2.17303466796875,45-64,False,True,False,False,False,False,True,False,False,False,False,False,True,False,False,False
65,male,White,55.169898986816406,9.830101013183594,65-84,False,True,False,False,False,False,True,False,False,False,False,False,False,True,False,False
37,male,White,36.35053634643555,0.6494636535644531,35-44,False,True,False,False,False,False,True,False,False,False,False,True,False,False,False,False
24,female,Indian,28.477815628051758,4.477815628051758,18-24,True,False,False,False,True,False,False,False,False,True,False,False,False,False,False,False
1,female,Others,28.922828674316406,27.922828674316406,0-4,True,False,False,False,False,True,False,True,False,False,False,False,False,False,False,False
30,male,White,28.418787002563477,1.5812129974365234,25-34,False,True,False,False,False,False,True,False,False,False,True,False,False,False,False,False
24,female,Indian,26.465383529663086,2.465383529663086,18-24,True,False,False,False,True,False,False,False,False,True,False,False,False,False,False,False
25,female,Black,27.56146812438965,2.5614681243896484,25-34,True,False,False,True,False,False,False,False,False,False,True,False,False,False,False,False
65,female,White,51.16630554199219,13.833694458007812,65-84,True,False,False,False,False,False,True,False,False,False,False,False,False,True,False,False
38,female,White,50.13429260253906,12.134292602539062,35-44,True,False,False,False,False,False,True,False,False,False,False,True,False,False,False,False
31,female,Others,43.64603805541992,12.646038055419922,25-34,True,False,False,False,False,True,False,False,False,False,True,False,False,False,False,False
26,female,Others,26.236188888549805,0.2361888885498047,25-34,True,False,False,False,False,True,False,False,False,False,True,False,False,False,False,False
20,male,Black,29.41460609436035,9.414606094360352,18-24,False,True,False,True,False,False,False,False,False,True,False,False,False,False,False,False
29,male,White,40.599510192871094,11.599510192871094,25-34,False,True,False,False,False,False,True,False,False,False,True,False,False,False,False,False
20,male,White,24.165239334106445,4.165239334106445,18-24,False,True,False,False,False,False,True,False,False,True,False,False,False,False,False,False
2,female,White,12.438051223754883,10.438051223754883,0-4,True,False,False,False,False,False,True,True,False,False,False,False,False,False,False,False
26,female,Black,11.163612365722656,14.836387634277344,25-34,True,False,False,True,False,False,False,False,False,False,True,False,False,False,False,False
40,female,White,45.76784896850586,5.767848968505859,35-44,True,False,False,False,False,False,True,False,False,False,False,True,False,False,False,False
54,male,White,44.094505310058594,9.905494689941406,45-64,False,True,False,False,False,False,True,False,False,False,False,False,True,False,False,False
3,female,Asian,1.4686640501022339,1.5313359498977661,0-4,True,False,True,False,False,False,False,True,False,False,False,False,False,False,False,False
32,female,White,26.53907585144043,5.46092414855957,25-34,True,False,False,False,False,False,True,False,False,False,True,False,False,False,False,False
27,male,White,25.42702865600586,1.5729713439941406,25-34,False,True,False,False,False,False,True,False,False,False,True,False,False,False,False,False
54,female,White,45.070953369140625,8.929046630859375,45-64,True,False,False,False,False,False,True,False,False,False,False,False,True,False,False,False
38,female,White,54.345130920410156,16.345130920410156,35-44,True,False,False,False,False,False,True,False,False,False,False,True,False,False,False,False
48,male,White,37.858116149902344,10.141883850097656,45-64,False,True,False,False,False,False,True,False,False,False,False,False,True,False,False,False
1,female,White,3.5502116680145264,2.5502116680145264,0-4,True,False,False,False,False,False,True,True,False,False,False,False,False,False,False,False
52,male,White,60.5095100402832,8.509510040283203,45-64,False,True,False,False,False,False,True,False,False,False,False,False,True,False,False,False
35,male,White,28.68212127685547,6.317878723144531,35-44,False,True,False,False,False,False,True,False,False,False,False,True,False,False,False,False
60,female,White,44.87321090698242,15.126789093017578,45-64,True,False,False,False,False,False,True,False,False,False,False,False,True,False,False,False
30,male,White,29.320457458496094,0.6795425415039062,25-34,False,True,False,False,False,False,True,False,False,False,True,False,False,False,False,False
55,male,White,55.1852912902832,0.18529129028320312,45-64,False,True,False,False,False,False,True,False,False,False,False,False,True,False,False,False
26,female,White,41.24627685546875,15.24627685546875,25-34,True,False,False,False,False,False,True,False,False,False,True,False,False,False,False,False
21,female,Black,28.715761184692383,7.715761184692383,18-24,True,False,False,True,False,False,False,False,False,True,False,False,False,False,False,False
68,male,Asian,57.74534606933594,10.254653930664062,65-84,False,True,True,False,False,False,False,False,False,False,False,False,False,True,False,False
34,male,White,32.36225509643555,1.6377449035644531,25-34,False,True,False,False,False,False,True,False,False,False,True,False,False,False,False,False
30,female,White,29.84866714477539,0.15133285522460938,25-34,True,False,False,False,False,False,True,False,False,False,True,False,False,False,False,False
17,male,White,20.24464225769043,3.2446422576904297,5-17,False,True,False,False,False,False,True,False,True,False,False,False,False,False,False,False
27,male,Black,28.53557777404785,1.5355777740478516,25-34,False,True,False,True,False,False,False,False,False,False,True,False,False,False,False,False
37,male,Indian,36.23280334472656,0.7671966552734375,35-44,False,True,False,False,True,False,False,False,False,False,False,True,False,False,False,False
40,male,White,43.96435546875,3.96435546875,35-44,False,True,False,False,False,False,True,False,False,False,False,True,False,False,False,False
1,female,Indian,0.9872220158576965,0.012777984142303467,0-4,True,False,False,False,True,False,False,True,False,False,False,False,False,False,False,False
2,male,Others,1.465553641319275,0.5344463586807251,0-4,False,True,False,False,False,True,False,True,False,False,False,False,False,False,False,False
12,female,Indian,28.85984992980957,16.85984992980957,5-17,True,False,False,False,True,False,False,False,True,False,False,False,False,False,False,False
1,male,White,0.8106510043144226,0.1893489956855774,0-4,False,True,False,False,False,False,True,True,False,False,False,False,False,False,False,False
3,male,Asian,3.242948293685913,0.24294829368591309,0-4,False,True,True,False,False,False,False,True,False,False,False,False,False,False,False,False
23,female,Asian,24.682640075683594,1.6826400756835938,18-24,True,False,True,False,False,False,False,False,False,True,False,False,False,False,False,False
26,female,Indian,30.04448127746582,4.04448127746582,25-34,True,False,False,False,True,False,False,False,False,False,True,False,False,False,False,False
25,female,Indian,25.991235733032227,0.9912357330322266,25-34,True,False,False,False,True,False,False,False,False,False,True,False,False,False,False,False
10,male,White,7.648224830627441,2.3517751693725586,5-17,False,True,False,False,False,False,True,False,True,False,False,False,False,False,False,False
23,female,White,36.67948532104492,13.679485321044922,18-24,True,False,False,False,False,False,True,False,False,True,False,False,False,False,False,False
26,female,Indian,28.604185104370117,2.604185104370117,25-34,True,False,False,False,True,False,False,False,False,False,True,False,False,False,False,False
30,female,Indian,33.35883712768555,3.358837127685547,25-34,True,False,False,False,True,False,False,False,False,False,True,False,False,False,False,False
78,female,White,74.91400909423828,3.0859909057617188,65-84,True,False,False,False,False,False,True,False,False,False,False,False,False,True,False,False
21,male,White,31.952829360961914,10.952829360961914,18-24,False,True,False,False,False,False,True,False,False,True,False,False,False,False,False,False
60,female,White,55.02964782714844,4.9703521728515625,45-64,True,False,False,False,False,False,True,False,False,False,False,False,True,False,False,False
75,male,White,86.29186248779297,11.291862487792969,65-84,False,True,False,False,False,False,True,False,False,False,False,False,False,True,False,False
33,male,Others,31.212005615234375,1.787994384765625,25-34,False,True,False,False,False,True,False,False,False,False,True,False,False,False,False,False
48,male,Asian,47.34148025512695,0.6585197448730469,45-64,False,True,True,False,False,False,False,False,False,False,False,False,True,False,False,False
2,male,White,0.1294766068458557,1.8705233931541443,0-4,False,True,False,False,False,False,True,True,False,False,False,False,False,False,False,False
14,female,White,19.156545639038086,5.156545639038086,5-17,True,False,False,False,False,False,True,False,True,False,False,False,False,False,False,False
2,female,Indian,2.233793258666992,0.2337932586669922,0-4,True,False,False,False,True,False,False,True,False,False,False,False,False,False,False,False
15,male,White,15.82935619354248,0.8293561935424805,5-17,False,True,False,False,False,False,True,False,True,False,False,False,False,False,False,False
60,male,White,63.02510070800781,3.0251007080078125,45-64,False,True,False,False,False,False,True,False,False,False,False,False,True,False,False,False
1,female,White,6.629138946533203,5.629138946533203,0-4,True,False,False,False,False,False,True,True,False,False,False,False,False,False,False,False
35,female,White,33.8705940246582,1.1294059753417969,35-44,True,False,False,False,False,False,True,False,False,False,False,True,False,False,False,False
2,female,Others,3.728227138519287,1.728227138519287,0-4,True,False,False,False,False,True,False,True,False,False,False,False,False,False,False,False
29,male,Asian,22.3336238861084,6.666376113891602,25-34,False,True,True,False,False,False,False,False,False,False,True,False,False,False,False,False
26,female,Asian,25.350751876831055,0.6492481231689453,25-34,True,False,True,False,False,False,False,False,False,False,True,False,False,False,False,False
58,male,White,60.40500259399414,2.4050025939941406,45-64,False,True,False,False,False,False,True,False,False,False,False,False,True,False,False,False
22,female,Indian,23.8371524810791,1.8371524810791016,18-24,True,False,False,False,True,False,False,False,False,True,False,False,False,False,False,False
42,male,White,44.4201774597168,2.420177459716797,35-44,False,True,False,False,False,False,True,False,False,False,False,True,False,False,False,False
24,female,Indian,20.935583114624023,3.0644168853759766,18-24,True,False,False,False,True,False,False,False,False,True,False,False,False,False,False,False
14,male,White,7.116825103759766,6.883174896240234,5-17,False,True,False,False,False,False,True,False,True,False,False,False,False,False,False,False
52,male,White,56.66527557373047,4.665275573730469,45-64,False,True,False,False,False,False,True,False,False,False,False,False,True,False,False,False
72,male,White,63.74156951904297,8.258430480957031,65-84,False,True,False,False,False,False,True,False,False,False,False,False,False,True,False,False
16,female,Others,28.334278106689453,12.334278106689453,5-17,True,False,False,False,False,True,False,False,True,False,False,False,False,False,False,False
40,male,White,37.86906433105469,2.1309356689453125,35-44,False,True,False,False,False,False,True,False,False,False,False,True,False,False,False,False
24,female,Others,26.975807189941406,2.9758071899414062,18-24,True,False,False,False,False,True,False,False,False,True,False,False,False,False,False,False
39,female,White,30.863779067993164,8.136220932006836,35-44,True,False,False,False,False,False,True,False,False,False,False,True,False,False,False,False
30,male,Black,20.74618911743164,9.25381088256836,25-34,False,True,False,True,False,False,False,False,False,False,True,False,False,False,False,False
28,female,White,35.56163787841797,7.561637878417969,25-34,True,False,False,False,False,False,True,False,False,False,True,False,False,False,False,False
8,female,White,9.766706466674805,1.7667064666748047,5-17,True,False,False,False,False,False,True,False,True,False,False,False,False,False,False,False
51,female,White,37.32732391357422,13.672676086425781,45-64,True,False,False,False,False,False,True,False,False,False,False,False,True,False,False,False
16,male,White,30.14168357849121,14.141683578491211,5-17,False,True,False,False,False,False,True,False,True,False,False,False,False,False,False,False
26,female,White,28.09577178955078,2.0957717895507812,25-34,True,False,False,False,False,False,True,False,False,False,True,False,False,False,False,False
50,male,Black,34.2415771484375,15.7584228515625,45-64,False,True,False,True,False,False,False,False,False,False,False,False,True,False,False,False
2,female,Asian,0.6830340027809143,1.3169659972190857,0-4,True,False,True,False,False,False,False,True,False,False,False,False,False,False,False,False
23,male,Black,43.82752990722656,20.827529907226562,18-24,False,True,False,True,False,False,False,False,False,True,False,False,False,False,False,False
25,female,Indian,23.774396896362305,1.2256031036376953,25-34,True,False,False,False,True,False,False,False,False,False,True,False,False,False,False,False
9,male,White,12.239973068237305,3.2399730682373047,5-17,False,True,False,False,False,False,True,False,True,False,False,False,False,False,False,False
47,male,White,37.61323547363281,9.386764526367188,45-64,False,True,False,False,False,False,True,False,False,False,False,False,True,False,False,False
30,male,White,33.216163635253906,3.2161636352539062,25-34,False,True,False,False,False,False,True,False,False,False,True,False,False,False,False,False
36,male,Black,36.302330017089844,0.30233001708984375,35-44,False,True,False,True,False,False,False,False,False,False,False,True,False,False,False,False
28,male,White,45.59046936035156,17.590469360351562,25-34,False,True,False,False,False,False,True,False,False,False,True,False,False,False,False,False
32,male,Black,29.69182014465332,2.3081798553466797,25-34,False,True,False,True,False,False,False,False,False,False,True,False,False,False,False,False
50,female,Asian,56.97730255126953,6.977302551269531,45-64,True,False,True,False,False,False,False,False,False,False,False,False,True,False,False,False
9,male,White,7.5500946044921875,1.4499053955078125,5-17,False,True,False,False,False,False,True,False,True,False,False,False,False,False,False,False
43,male,Indian,33.34873962402344,9.651260375976562,35-44,False,True,False,False,True,False,False,False,False,False,False,True,False,False,False,False
63,male,White,65.23885345458984,2.2388534545898438,45-64,False,True,False,False,False,False,True,False,False,False,False,False,True,False,False,False
28,female,Black,43.21531677246094,15.215316772460938,25-34,True,False,False,True,False,False,False,False,False,False,True,False,False,False,False,False
32,male,Asian,31.252676010131836,0.7473239898681641,25-34,False,True,True,False,False,False,False,False,False,False,True,False,False,False,False,False
29,male,Black,30.137266159057617,1.1372661590576172,25-34,False,True,False,True,False,False,False,False,False,False,True,False,False,False,False,False
32,male,Black,20.176651000976562,11.823348999023438,25-34,False,True,False,True,False,False,False,False,False,False,True,False,False,False,False,False
40,female,Indian,28.6611270904541,11.338872909545898,35-44,True,False,False,False,True,False,False,False,False,False,False,True,False,False,False,False
31,male,Indian,32.83168029785156,1.8316802978515625,25-34,False,True,False,False,True,False,False,False,False,False,True,False,False,False,False,False
26,female,White,26.447858810424805,0.4478588104248047,25-34,True,False,False,False,False,False,True,False,False,False,True,False,False,False,False,False
54,male,Black,48.773704528808594,5.226295471191406,45-64,False,True,False,True,False,False,False,False,False,False,False,False,True,False,False,False
45,male,White,26.489561080932617,18.510438919067383,45-64,False,True,False,False,False,False,True,False,False,False,False,False,True,False,False,False
39,male,Indian,39.31473922729492,0.3147392272949219,35-44,False,True,False,False,True,False,False,False,False,False,False,True,False,False,False,False
31,male,Black,28.16465950012207,2.8353404998779297,25-34,False,True,False,True,False,False,False,False,False,False,True,False,False,False,False,False
2,male,Indian,1.4545904397964478,0.5454095602035522,0-4,False,True,False,False,True,False,False,True,False,False,False,False,False,False,False,False
40,female,White,52.29479217529297,12.294792175292969,35-44,True,False,False,False,False,False,True,False,False,False,False,True,False,False,False,False
62,male,Black,45.91724395751953,16.08275604248047,45-64,False,True,False,True,False,False,False,False,False,False,False,False,True,False,False,False
50,male,White,51.60599899291992,1.6059989929199219,45-64,False,True,False,False,False,False,True,False,False,False,False,False,True,False,False,False
27,male,Others,33.44744873046875,6.44744873046875,25-34,False,True,False,False,False,True,False,False,False,False,True,False,False,False,False,False
21,female,White,26.14386749267578,5.143867492675781,18-24,True,False,False,False,False,False,True,False,False,True,False,False,False,False,False,False
35,female,White,30.09171485900879,4.908285140991211,35-44,True,False,False,False,False,False,True,False,False,False,False,True,False,False,False,False
26,female,Black,28.566038131713867,2.566038131713867,25-34,True,False,False,True,False,False,False,False,False,False,True,False,False,False,False,False
29,female,White,33.26857376098633,4.268573760986328,25-34,True,False,False,False,False,False,True,False,False,False,True,False,False,False,False,False
63,male,White,64.4896011352539,1.4896011352539062,45-64,False,True,False,False,False,False,True,False,False,False,False,False,True,False,False,False
60,male,Black,44.61777114868164,15.38222885131836,45-64,False,True,False,True,False,False,False,False,False,False,False,False,True,False,False,False
24,male,Indian,24.702360153198242,0.7023601531982422,18-24,False,True,False,False,True,False,False,False,False,True,False,False,False,False,False,False
52,female,White,45.30888366699219,6.6911163330078125,45-64,True,False,False,False,False,False,True,False,False,False,False,False,True,False,False,False
35,male,White,29.93907356262207,5.06092643737793,35-44,False,True,False,False,False,False,True,False,False,False,False,True,False,False,False,False
22,female,White,14.401633262634277,7.598366737365723,18-24,True,False,False,False,False,False,True,False,False,True,False,False,False,False,False,False
22,female,White,25.838350296020508,3.838350296020508,18-24,True,False,False,False,False,False,True,False,False,True,False,False,False,False,False,False
63,male,White,73.01134490966797,10.011344909667969,45-64,False,True,False,False,False,False,True,False,False,False,False,False,True,False,False,False
38,female,Others,46.885311126708984,8.885311126708984,35-44,True,False,False,False,False,True,False,False,False,False,False,True,False,False,False,False
60,female,Others,59.34695053100586,0.6530494689941406,45-64,True,False,False,False,False,True,False,False,False,False,False,False,True,False,False,False
52,male,Others,47.20726013183594,4.7927398681640625,45-64,False,True,False,False,False,True,False,False,False,False,False,False,True,False,False,False
32,female,Asian,43.51251220703125,11.51251220703125,25-34,True,False,True,False,False,False,False,False,False,False,True,False,False,False,False,False
60,male,White,61.601707458496094,1.6017074584960938,45-64,False,True,False,False,False,False,True,False,False,False,False,False,True,False,False,False
40,female,Asian,35.2291259765625,4.7708740234375,35-44,True,False,True,False,False,False,False,False,False,False,False,True,False,False,False,False
28,male,White,25.25751304626465,2.7424869537353516,25-34,False,True,False,False,False,False,True,False,False,False,True,False,False,False,False,False
58,male,Asian,49.812435150146484,8.187564849853516,45-64,False,True,True,False,False,False,False,False,False,False,False,False,True,False,False,False
53,female,White,7.027800559997559,45.97219944000244,45-64,True,False,False,False,False,False,True,False,False,False,False,False,True,False,False,False
24,female,Asian,11.783601760864258,12.216398239135742,18-24,True,False,True,False,False,False,False,False,False,True,False,False,False,False,False,False
51,female,Indian,29.0828914642334,21.9171085357666,45-64,True,False,False,False,True,False,False,False,False,False,False,False,True,False,False,False
28,female,Black,23.11235237121582,4.88764762878418,25-34,True,False,False,True,False,False,False,False,False,False,True,False,False,False,False,False
37,male,Indian,32.50482940673828,4.495170593261719,35-44,False,True,False,False,True,False,False,False,False,False,False,True,False,False,False,False
25,female,Indian,30.711458206176758,5.711458206176758,25-34,True,False,False,False,True,False,False,False,False,False,True,False,False,False,False,False
31,female,Black,30.374387741088867,0.6256122589111328,25-34,True,False,False,True,False,False,False,False,False,False,True,False,False,False,False,False
76,male,Asian,55.732383728027344,20.267616271972656,65-84,False,True,True,False,False,False,False,False,False,False,False,False,False,True,False,False
25,male,Indian,23.092927932739258,1.9070720672607422,25-34,False,True,False,False,True,False,False,False,False,False,True,False,False,False,False,False
37,female,White,29.810199737548828,7.189800262451172,35-44,True,False,False,False,False,False,True,False,False,False,False,True,False,False,False,False
15,male,Indian,29.974618911743164,14.974618911743164,5-17,False,True,False,False,True,False,False,False,True,False,False,False,False,False,False,False
1,male,White,0.8334565758705139,0.16654342412948608,0-4,False,True,False,False,False,False,True,True,False,False,False,False,False,False,False,False
47,male,Others,50.261016845703125,3.261016845703125,45-64,False,True,False,False,False,True,False,False,False,False,False,False,True,False,False,False
1,female,Asian,0.7106316685676575,0.28936833143234253,0-4,True,False,True,False,False,False,False,True,False,False,False,False,False,False,False,False
43,male,Indian,34.66199493408203,8.338005065917969,35-44,False,True,False,False,True,False,False,False,False,False,False,True,False,False,False,False
32,male,Indian,26.02780532836914,5.972194671630859,25-34,False,True,False,False,True,False,False,False,False,False,True,False,False,False,False,False
16,male,White,23.141206741333008,7.141206741333008,5-17,False,True,False,False,False,False,True,False,True,False,False,False,False,False,False,False
22,female,Asian,20.623538970947266,1.3764610290527344,18-24,True,False,True,False,False,False,False,False,False,True,False,False,False,False,False,False
47,female,White,46.3480339050293,0.6519660949707031,45-64,True,False,False,False,False,False,True,False,False,False,False,False,True,False,False,False
61,female,White,63.91112518310547,2.9111251831054688,45-64,True,False,False,False,False,False,True,False,False,False,False,False,True,False,False,False
26,female,Asian,24.26927375793457,1.7307262420654297,25-34,True,False,True,False,False,False,False,False,False,False,True,False,False,False,False,False
59,male,White,38.81947326660156,20.180526733398438,45-64,False,True,False,False,False,False,True,False,False,False,False,False,True,False,False,False
29,male,Black,28.06712532043457,0.9328746795654297,25-34,False,True,False,True,False,False,False,False,False,False,True,False,False,False,False,False
70,female,White,50.540184020996094,19.459815979003906,65-84,True,False,False,False,False,False,True,False,False,False,False,False,False,True,False,False
36,male,Indian,34.44456481933594,1.5554351806640625,35-44,False,True,False,False,True,False,False,False,False,False,False,True,False,False,False,False
23,female,White,31.63796043395996,8.637960433959961,18-24,True,False,False,False,False,False,True,False,False,True,False,False,False,False,False,False
60,female,White,63.138450622558594,3.1384506225585938,45-64,True,False,False,False,False,False,True,False,False,False,False,False,True,False,False,False
40,female,Black,33.511409759521484,6.488590240478516,35-44,True,False,False,True,False,False,False,False,False,False,False,True,False,False,False,False
38,male,White,26.046417236328125,11.953582763671875,35-44,False,True,False,False,False,False,True,False,False,False,False,True,False,False,False,False
25,male,White,27.84363555908203,2.8436355590820312,25-34,False,True,False,False,False,False,True,False,False,False,True,False,False,False,False,False
27,female,Black,30.103078842163086,3.103078842163086,25-34,True,False,False,True,False,False,False,False,False,False,True,False,False,False,False,False
32,male,Black,39.84142303466797,7.841423034667969,25-34,False,True,False,True,False,False,False,False,False,False,True,False,False,False,False,False
47,male,Indian,38.790557861328125,8.209442138671875,45-64,False,True,False,False,True,False,False,False,False,False,False,False,True,False,False,False
45,male,White,34.174468994140625,10.825531005859375,45-64,False,True,False,False,False,False,True,False,False,False,False,False,True,False,False,False
36,male,Indian,39.45265197753906,3.4526519775390625,35-44,False,True,False,False,True,False,False,False,False,False,False,True,False,False,False,False
55,female,White,51.0097541809082,3.990245819091797,45-64,True,False,False,False,False,False,True,False,False,False,False,False,True,False,False,False
66,male,White,63.64130401611328,2.3586959838867188,65-84,False,True,False,False,False,False,True,False,False,False,False,False,False,True,False,False
60,male,Indian,53.564693450927734,6.435306549072266,45-64,False,True,False,False,True,False,False,False,False,False,False,False,True,False,False,False
27,female,Others,32.44211196899414,5.442111968994141,25-34,True,False,False,False,False,True,False,False,False,False,True,False,False,False,False,False
55,female,White,52.11592483520508,2.884075164794922,45-64,True,False,False,False,False,False,True,False,False,False,False,False,True,False,False,False
35,male,Black,32.03106689453125,2.96893310546875,35-44,False,True,False,True,False,False,False,False,False,False,False,True,False,False,False,False
50,male,Indian,60.615257263183594,10.615257263183594,45-64,False,True,False,False,True,False,False,False,False,False,False,False,True,False,False,False
3,male,White,3.363267421722412,0.3632674217224121,0-4,False,True,False,False,False,False,True,True,False,False,False,False,False,False,False,False
36,male,White,44.93684768676758,8.936847686767578,35-44,False,True,False,False,False,False,True,False,False,False,False,True,False,False,False,False
18,female,Black,27.34577751159668,9.34577751159668,18-24,True,False,False,True,False,False,False,False,False,True,False,False,False,False,False,False
26,female,Asian,24.916831970214844,1.0831680297851562,25-34,True,False,True,False,False,False,False,False,False,False,True,False,False,False,False,False
1,female,White,-0.7761952877044678,1.7761952877044678,0-4,True,False,False,False,False,False,True,True,False,False,False,False,False,False,False,False
24,female,White,25.015426635742188,1.0154266357421875,18-24,True,False,False,False,False,False,True,False,False,True,False,False,False,False,False,False
28,female,Black,25.138315200805664,2.861684799194336,25-34,True,False,False,True,False,False,False,False,False,False,True,False,False,False,False,False
40,male,Asian,34.87774658203125,5.12225341796875,35-44,False,True,True,False,False,False,False,False,False,False,False,True,False,False,False,False
82,male,White,83.1463851928711,1.1463851928710938,65-84,False,True,False,False,False,False,True,False,False,False,False,False,False,True,False,False
15,female,White,26.923810958862305,11.923810958862305,5-17,True,False,False,False,False,False,True,False,True,False,False,False,False,False,False,False
16,female,White,16.83379554748535,0.8337955474853516,5-17,True,False,False,False,False,False,True,False,True,False,False,False,False,False,False,False
26,female,Indian,20.665739059448242,5.334260940551758,25-34,True,False,False,False,True,False,False,False,False,False,True,False,False,False,False,False
31,female,Black,31.318132400512695,0.3181324005126953,25-34,True,False,False,True,False,False,False,False,False,False,True,False,False,False,False,False
1,female,White,3.85932993888855,2.85932993888855,0-4,True,False,False,False,False,False,True,True,False,False,False,False,False,False,False,False
21,female,Black,25.5596866607666,4.559686660766602,18-24,True,False,False,True,False,False,False,False,False,True,False,False,False,False,False,False
16,male,White,10.519847869873047,5.480152130126953,5-17,False,True,False,False,False,False,True,False,True,False,False,False,False,False,False,False
26,female,Indian,23.974531173706055,2.0254688262939453,25-34,True,False,False,False,True,False,False,False,False,False,True,False,False,False,False,False
26,female,Indian,29.01797103881836,3.0179710388183594,25-34,True,False,False,False,True,False,False,False,False,False,True,False,False,False,False,False
26,female,Black,27.14189338684082,1.1418933868408203,25-34,True,False,False,True,False,False,False,False,False,False,True,False,False,False,False,False
32,female,Black,24.127641677856445,7.872358322143555,25-34,True,False,False,True,False,False,False,False,False,False,True,False,False,False,False,False
1,female,Asian,0.7722181677818298,0.22778183221817017,0-4,True,False,True,False,False,False,False,True,False,False,False,False,False,False,False,False
26,female,White,24.01218605041504,1.987813949584961,25-34,True,False,False,False,False,False,True,False,False,False,True,False,False,False,False,False
28,female,White,31.030399322509766,3.0303993225097656,25-34,True,False,False,False,False,False,True,False,False,False,True,False,False,False,False,False
36,female,Indian,39.51362991333008,3.513629913330078,35-44,True,False,False,False,True,False,False,False,False,False,False,True,False,False,False,False
54,male,White,60.39026641845703,6.390266418457031,45-64,False,True,False,False,False,False,True,False,False,False,False,False,True,False,False,False
33,female,White,40.315711975097656,7.315711975097656,25-34,True,False,False,False,False,False,True,False,False,False,True,False,False,False,False,False
26,female,Black,32.95991516113281,6.9599151611328125,25-34,True,False,False,True,False,False,False,False,False,False,True,False,False,False,False,False
26,male,Black,24.885774612426758,1.1142253875732422,25-34,False,True,False,True,False,False,False,False,False,False,True,False,False,False,False,False
62,male,White,40.6763801574707,21.323619842529297,45-64,False,True,False,False,False,False,True,False,False,False,False,False,True,False,False,False
1,female,Indian,0.5371941924095154,0.4628058075904846,0-4,True,False,False,False,True,False,False,True,False,False,False,False,False,False,False,False
4,male,Others,2.8426599502563477,1.1573400497436523,0-4,False,True,False,False,False,True,False,True,False,False,False,False,False,False,False,False
35,female,Black,21.499792098999023,13.500207901000977,35-44,True,False,False,True,False,False,False,False,False,False,False,True,False,False,False,False
30,female,Others,26.750661849975586,3.249338150024414,25-34,True,False,False,False,False,True,False,False,False,False,True,False,False,False,False,False
61,female,White,53.5794677734375,7.4205322265625,45-64,True,False,False,False,False,False,True,False,False,False,False,False,True,False,False,False
30,male,White,42.98882293701172,12.988822937011719,25-34,False,True,False,False,False,False,True,False,False,False,True,False,False,False,False,False
28,male,Indian,26.60513687133789,1.3948631286621094,25-34,False,True,False,False,True,False,False,False,False,False,True,False,False,False,False,False
59,male,White,54.76385498046875,4.23614501953125,45-64,False,True,False,False,False,False,True,False,False,False,False,False,True,False,False,False
40,male,White,40.22357177734375,0.22357177734375,35-44,False,True,False,False,False,False,True,False,False,False,False,True,False,False,False,False
52,female,Black,35.8399543762207,16.160045623779297,45-64,True,False,False,True,False,False,False,False,False,False,False,False,True,False,False,False
35,male,White,26.308847427368164,8.691152572631836,35-44,False,True,False,False,False,False,True,False,False,False,False,True,False,False,False,False
55,male,White,47.64336013793945,7.356639862060547,45-64,False,True,False,False,False,False,True,False,False,False,False,False,True,False,False,False
51,male,White,55.52681350708008,4.526813507080078,45-64,False,True,False,False,False,False,True,False,False,False,False,False,True,False,False,False
1,female,Asian,0.8319705128669739,0.16802948713302612,0-4,True,False,True,False,False,False,False,True,False,False,False,False,False,False,False,False
23,male,Others,26.377492904663086,3.377492904663086,18-24,False,True,False,False,False,True,False,False,False,True,False,False,False,False,False,False
31,female,Black,26.553979873657227,4.446020126342773,25-34,True,False,False,True,False,False,False,False,False,False,True,False,False,False,False,False
35,male,Indian,32.73619842529297,2.2638015747070312,35-44,False,True,False,False,True,False,False,False,False,False,False,True,False,False,False,False
34,male,Black,30.50335693359375,3.49664306640625,25-34,False,True,False,True,False,False,False,False,False,False,True,False,False,False,False,False
58,male,White,67.73722839355469,9.737228393554688,45-64,False,True,False,False,False,False,True,False,False,False,False,False,True,False,False,False
56,male,White,49.543941497802734,6.456058502197266,45-64,False,True,False,False,False,False,True,False,False,False,False,False,True,False,False,False
15,female,Others,18.990686416625977,3.9906864166259766,5-17,True,False,False,False,False,True,False,False,True,False,False,False,False,False,False,False
12,male,White,18.031835556030273,6.031835556030273,5-17,False,True,False,False,False,False,True,False,True,False,False,False,False,False,False,False
28,male,White,25.448165893554688,2.5518341064453125,25-34,False,True,False,False,False,False,True,False,False,False,True,False,False,False,False,False
33,male,Black,43.02235412597656,10.022354125976562,25-34,False,True,False,True,False,False,False,False,False,False,True,False,False,False,False,False
30,female,Asian,22.928951263427734,7.071048736572266,25-34,True,False,True,False,False,False,False,False,False,False,True,False,False,False,False,False
55,male,White,67.7853012084961,12.785301208496094,45-64,False,True,False,False,False,False,True,False,False,False,False,False,True,False,False,False
27,female,Asian,25.93856430053711,1.0614356994628906,25-34,True,False,True,False,False,False,False,False,False,False,True,False,False,False,False,False
18,female,Others,23.828100204467773,5.828100204467773,18-24,True,False,False,False,False,True,False,False,False,True,False,False,False,False,False,False
40,female,White,44.460533142089844,4.460533142089844,35-44,True,False,False,False,False,False,True,False,False,False,False,True,False,False,False,False
7,female,Indian,12.299323081970215,5.299323081970215,5-17,True,False,False,False,True,False,False,False,True,False,False,False,False,False,False,False
32,female,Black,28.558488845825195,3.4415111541748047,25-34,True,False,False,True,False,False,False,False,False,False,True,False,False,False,False,False
54,male,Others,31.441904067993164,22.558095932006836,45-64,False,True,False,False,False,True,False,False,False,False,False,False,True,False,False,False
52,male,White,43.94188690185547,8.058113098144531,45-64,False,True,False,False,False,False,True,False,False,False,False,False,True,False,False,False
47,male,White,48.09832000732422,1.0983200073242188,45-64,False,True,False,False,False,False,True,False,False,False,False,False,True,False,False,False
27,female,Asian,21.34627342224121,5.653726577758789,25-34,True,False,True,False,False,False,False,False,False,False,True,False,False,False,False,False
20,female,White,27.489625930786133,7.489625930786133,18-24,True,False,False,False,False,False,True,False,False,True,False,False,False,False,False,False
45,male,Black,36.35423278808594,8.645767211914062,45-64,False,True,False,True,False,False,False,False,False,False,False,False,True,False,False,False
53,male,Others,55.07502365112305,2.075023651123047,45-64,False,True,False,False,False,True,False,False,False,False,False,False,True,False,False,False
35,female,Asian,23.42630386352539,11.57369613647461,35-44,True,False,True,False,False,False,False,False,False,False,False,True,False,False,False,False
75,male,White,66.95887756347656,8.041122436523438,65-84,False,True,False,False,False,False,True,False,False,False,False,False,False,True,False,False
62,male,Black,34.66069793701172,27.33930206298828,45-64,False,True,False,True,False,False,False,False,False,False,False,False,True,False,False,False
27,female,White,25.755952835083008,1.2440471649169922,25-34,True,False,False,False,False,False,True,False,False,False,True,False,False,False,False,False
24,female,Indian,23.755205154418945,0.2447948455810547,18-24,True,False,False,False,True,False,False,False,False,True,False,False,False,False,False,False
26,male,Asian,33.77330017089844,7.7733001708984375,25-34,False,True,True,False,False,False,False,False,False,False,True,False,False,False,False,False
56,female,White,43.421714782714844,12.578285217285156,45-64,True,False,False,False,False,False,True,False,False,False,False,False,True,False,False,False
62,male,White,51.25064468383789,10.74935531616211,45-64,False,True,False,False,False,False,True,False,False,False,False,False,True,False,False,False
1,male,White,5.827143669128418,4.827143669128418,0-4,False,True,False,False,False,False,True,True,False,False,False,False,False,False,False,False
1,male,Asian,2.6977076530456543,1.6977076530456543,0-4,False,True,True,False,False,False,False,True,False,False,False,False,False,False,False,False
75,female,White,62.220741271972656,12.779258728027344,65-84,True,False,False,False,False,False,True,False,False,False,False,False,False,True,False,False
24,female,White,22.0891170501709,1.9108829498291016,18-24,True,False,False,False,False,False,True,False,False,True,False,False,False,False,False,False
29,male,Black,39.065391540527344,10.065391540527344,25-34,False,True,False,True,False,False,False,False,False,False,True,False,False,False,False,False
3,female,White,15.993830680847168,12.993830680847168,0-4,True,False,False,False,False,False,True,True,False,False,False,False,False,False,False,False
28,female,Black,25.805452346801758,2.194547653198242,25-34,True,False,False,True,False,False,False,False,False,False,True,False,False,False,False,False
7,male,Asian,7.169045925140381,0.16904592514038086,5-17,False,True,True,False,False,False,False,False,True,False,False,False,False,False,False,False
26,male,Indian,28.545190811157227,2.5451908111572266,25-34,False,True,False,False,True,False,False,False,False,False,True,False,False,False,False,False
26,female,Asian,28.383325576782227,2.3833255767822266,25-34,True,False,True,False,False,False,False,False,False,False,True,False,False,False,False,False
48,male,White,52.83919906616211,4.839199066162109,45-64,False,True,False,False,False,False,True,False,False,False,False,False,True,False,False,False
33,male,Black,27.200868606567383,5.799131393432617,25-34,False,True,False,True,False,False,False,False,False,False,True,False,False,False,False,False
28,male,White,35.61978530883789,7.619785308837891,25-34,False,True,False,False,False,False,True,False,False,False,True,False,False,False,False,False
27,female,Asian,29.699405670166016,2.6994056701660156,25-34,True,False,True,False,False,False,False,False,False,False,True,False,False,False,False,False
18,female,Black,16.512773513793945,1.4872264862060547,18-24,True,False,False,True,False,False,False,False,False,True,False,False,False,False,False,False
21,male,Black,33.39042663574219,12.390426635742188,18-24,False,True,False,True,False,False,False,False,False,True,False,False,False,False,False,False
21,female,Others,23.9555606842041,2.9555606842041016,18-24,True,False,False,False,False,True,False,False,False,True,False,False,False,False,False,False
1,female,Indian,0.4527924358844757,0.5472075641155243,0-4,True,False,False,False,True,False,False,True,False,False,False,False,False,False,False,False
30,male,Others,30.04497718811035,0.04497718811035156,25-34,False,True,False,False,False,True,False,False,False,False,True,False,False,False,False,False
1,male,Asian,3.0778896808624268,2.0778896808624268,0-4,False,True,True,False,False,False,False,True,False,False,False,False,False,False,False,False
45,female,White,51.103973388671875,6.103973388671875,45-64,True,False,False,False,False,False,True,False,False,False,False,False,True,False,False,False
40,male,White,38.395896911621094,1.6041030883789062,35-44,False,True,False,False,False,False,True,False,False,False,False,True,False,False,False,False
73,male,Black,74.64124298095703,1.6412429809570312,65-84,False,True,False,True,False,False,False,False,False,False,False,False,False,True,False,False
37,male,Indian,46.5270881652832,9.527088165283203,35-44,False,True,False,False,True,False,False,False,False,False,False,True,False,False,False,False
1,female,Black,0.802391529083252,0.19760847091674805,0-4,True,False,False,True,False,False,False,True,False,False,False,False,False,False,False,False
45,male,Indian,31.448930740356445,13.551069259643555,45-64,False,True,False,False,True,False,False,False,False,False,False,False,True,False,False,False
32,male,Black,27.97087287902832,4.02912712097168,25-34,False,True,False,True,False,False,False,False,False,False,True,False,False,False,False,False
26,female,Asian,25.395986557006836,0.6040134429931641,25-34,True,False,True,False,False,False,False,False,False,False,True,False,False,False,False,False
26,female,Black,28.758037567138672,2.758037567138672,25-34,True,False,False,True,False,False,False,False,False,False,True,False,False,False,False,False
24,female,Asian,16.899229049682617,7.100770950317383,18-24,True,False,True,False,False,False,False,False,False,True,False,False,False,False,False,False
12,female,Indian,11.43594741821289,0.5640525817871094,5-17,True,False,False,False,True,False,False,False,True,False,False,False,False,False,False,False
49,female,White,44.93096160888672,4.069038391113281,45-64,True,False,False,False,False,False,True,False,False,False,False,False,True,False,False,False
14,female,Others,11.079581260681152,2.9204187393188477,5-17,True,False,False,False,False,True,False,False,True,False,False,False,False,False,False,False
27,female,Asian,22.268770217895508,4.731229782104492,25-34,True,False,True,False,False,False,False,False,False,False,True,False,False,False,False,False
28,male,White,33.59756851196289,5.597568511962891,25-34,False,True,False,False,False,False,True,False,False,False,True,False,False,False,False,False
14,female,White,20.209840774536133,6.209840774536133,5-17,True,False,False,False,False,False,True,False,True,False,False,False,False,False,False,False
13,male,White,22.421302795410156,9.421302795410156,5-17,False,True,False,False,False,False,True,False,True,False,False,False,False,False,False,False
20,female,White,24.72913932800293,4.72913932800293,18-24,True,False,False,False,False,False,True,False,False,True,False,False,False,False,False,False
58,male,White,60.57692337036133,2.576923370361328,45-64,False,True,False,False,False,False,True,False,False,False,False,False,True,False,False,False
32,male,Black,24.47762107849121,7.522378921508789,25-34,False,True,False,True,False,False,False,False,False,False,True,False,False,False,False,False
32,male,Black,38.386329650878906,6.386329650878906,25-34,False,True,False,True,False,False,False,False,False,False,True,False,False,False,False,False
26,male,Asian,24.171600341796875,1.828399658203125,25-34,False,True,True,False,False,False,False,False,False,False,True,False,False,False,False,False
51,female,White,42.952178955078125,8.047821044921875,45-64,True,False,False,False,False,False,True,False,False,False,False,False,True,False,False,False
22,female,Black,20.16946029663086,1.8305397033691406,18-24,True,False,False,True,False,False,False,False,False,True,False,False,False,False,False,False
26,female,Asian,26.65143585205078,0.6514358520507812,25-34,True,False,True,False,False,False,False,False,False,False,True,False,False,False,False,False
58,male,White,25.258310317993164,32.741689682006836,45-64,False,True,False,False,False,False,True,False,False,False,False,False,True,False,False,False
15,female,White,34.87165832519531,19.871658325195312,5-17,True,False,False,False,False,False,True,False,True,False,False,False,False,False,False,False
49,male,Black,57.72133255004883,8.721332550048828,45-64,False,True,False,True,False,False,False,False,False,False,False,False,True,False,False,False
50,male,White,59.079227447509766,9.079227447509766,45-64,False,True,False,False,False,False,True,False,False,False,False,False,True,False,False,False
18,female,White,25.41767120361328,7.417671203613281,18-24,True,False,False,False,False,False,True,False,False,True,False,False,False,False,False,False
14,female,White,27.268815994262695,13.268815994262695,5-17,True,False,False,False,False,False,True,False,True,False,False,False,False,False,False,False
17,male,White,17.98764991760254,0.9876499176025391,5-17,False,True,False,False,False,False,True,False,True,False,False,False,False,False,False,False
76,male,Asian,54.055519104003906,21.944480895996094,65-84,False,True,True,False,False,False,False,False,False,False,False,False,False,True,False,False
4,female,Others,3.530698776245117,0.4693012237548828,0-4,True,False,False,False,False,True,False,True,False,False,False,False,False,False,False,False
10,female,White,13.066805839538574,3.066805839538574,5-17,True,False,False,False,False,False,True,False,True,False,False,False,False,False,False,False
2,male,Others,52.55126190185547,50.55126190185547,0-4,False,True,False,False,False,True,False,True,False,False,False,False,False,False,False,False
81,male,White,73.57229614257812,7.427703857421875,65-84,False,True,False,False,False,False,True,False,False,False,False,False,False,True,False,False
28,female,Asian,23.48052978515625,4.51947021484375,25-34,True,False,True,False,False,False,False,False,False,False,True,False,False,False,False,False
65,female,White,47.478267669677734,17.521732330322266,65-84,True,False,False,False,False,False,True,False,False,False,False,False,False,True,False,False
55,male,White,40.31736373901367,14.682636260986328,45-64,False,True,False,False,False,False,True,False,False,False,False,False,True,False,False,False
55,male,Indian,41.31062698364258,13.689373016357422,45-64,False,True,False,False,True,False,False,False,False,False,False,False,True,False,False,False
28,male,Indian,27.082408905029297,0.9175910949707031,25-34,False,True,False,False,True,False,False,False,False,False,True,False,False,False,False,False
9,male,White,16.391075134277344,7.391075134277344,5-17,False,True,False,False,False,False,True,False,True,False,False,False,False,False,False,False
10,male,White,6.968494415283203,3.031505584716797,5-17,False,True,False,False,False,False,True,False,True,False,False,False,False,False,False,False
55,male,White,31.09578514099121,23.90421485900879,45-64,False,True,False,False,False,False,True,False,False,False,False,False,True,False,False,False
26,female,Indian,22.750471115112305,3.2495288848876953,25-34,True,False,False,False,True,False,False,False,False,False,True,False,False,False,False,False
35,male,Black,30.698476791381836,4.301523208618164,35-44,False,True,False,True,False,False,False,False,False,False,False,True,False,False,False,False
60,female,White,29.654558181762695,30.345441818237305,45-64,True,False,False,False,False,False,True,False,False,False,False,False,True,False,False,False
26,male,Black,29.680509567260742,3.680509567260742,25-34,False,True,False,True,False,False,False,False,False,False,True,False,False,False,False,False
29,male,White,42.12006378173828,13.120063781738281,25-34,False,True,False,False,False,False,True,False,False,False,True,False,False,False,False,False
20,female,Black,27.285383224487305,7.285383224487305,18-24,True,False,False,True,False,False,False,False,False,True,False,False,False,False,False,False
1,male,Asian,1.0827447175979614,0.08274471759796143,0-4,False,True,True,False,False,False,False,True,False,False,False,False,False,False,False,False
37,female,Black,31.810909271240234,5.189090728759766,35-44,True,False,False,True,False,False,False,False,False,False,False,True,False,False,False,False
20,male,Black,26.93234634399414,6.932346343994141,18-24,False,True,False,True,False,False,False,False,False,True,False,False,False,False,False,False
9,male,White,4.526914596557617,4.473085403442383,5-17,False,True,False,False,False,False,True,False,True,False,False,False,False,False,False,False
25,female,Indian,36.29379653930664,11.29379653930664,25-34,True,False,False,False,True,False,False,False,False,False,True,False,False,False,False,False
24,female,Asian,20.54534339904785,3.4546566009521484,18-24,True,False,True,False,False,False,False,False,False,True,False,False,False,False,False,False
55,female,Indian,56.694618225097656,1.6946182250976562,45-64,True,False,False,False,True,False,False,False,False,False,False,False,True,False,False,False
29,male,Black,26.1970272064209,2.8029727935791016,25-34,False,True,False,True,False,False,False,False,False,False,True,False,False,False,False,False
39,male,White,50.91569519042969,11.915695190429688,35-44,False,True,False,False,False,False,True,False,False,False,False,True,False,False,False,False
59,male,White,53.53990936279297,5.460090637207031,45-64,False,True,False,False,False,False,True,False,False,False,False,False,True,False,False,False
54,male,White,48.7938232421875,5.2061767578125,45-64,False,True,False,False,False,False,True,False,False,False,False,False,True,False,False,False
28,female,White,34.76710891723633,6.767108917236328,25-34,True,False,False,False,False,False,True,False,False,False,True,False,False,False,False,False
28,male,Indian,29.783178329467773,1.7831783294677734,25-34,False,True,False,False,True,False,False,False,False,False,True,False,False,False,False,False
40,female,White,46.32038116455078,6.320381164550781,35-44,True,False,False,False,False,False,True,False,False,False,False,True,False,False,False,False
38,male,White,34.9669303894043,3.033069610595703,35-44,False,True,False,False,False,False,True,False,False,False,False,True,False,False,False,False
26,male,Others,36.41613006591797,10.416130065917969,25-34,False,True,False,False,False,True,False,False,False,False,True,False,False,False,False,False
49,female,White,48.067344665527344,0.9326553344726562,45-64,True,False,False,False,False,False,True,False,False,False,False,False,True,False,False,False
26,male,Others,25.471891403198242,0.5281085968017578,25-34,False,True,False,False,False,True,False,False,False,False,True,False,False,False,False,False
31,male,Black,27.805498123168945,3.1945018768310547,25-34,False,True,False,True,False,False,False,False,False,False,True,False,False,False,False,False
69,male,White,77.06959533691406,8.069595336914062,65-84,False,True,False,False,False,False,True,False,False,False,False,False,False,True,False,False
30,male,Indian,27.2572078704834,2.7427921295166016,25-34,False,True,False,False,True,False,False,False,False,False,True,False,False,False,False,False
40,male,White,56.3890380859375,16.3890380859375,35-44,False,True,False,False,False,False,True,False,False,False,False,True,False,False,False,False
28,male,Indian,29.277034759521484,1.2770347595214844,25-34,False,True,False,False,True,False,False,False,False,False,True,False,False,False,False,False
18,male,White,14.780925750732422,3.219074249267578,18-24,False,True,False,False,False,False,True,False,False,True,False,False,False,False,False,False
41,female,Black,34.3333740234375,6.6666259765625,35-44,True,False,False,True,False,False,False,False,False,False,False,True,False,False,False,False
34,male,Indian,27.288930892944336,6.711069107055664,25-34,False,True,False,False,True,False,False,False,False,False,True,False,False,False,False,False
57,male,White,27.511404037475586,29.488595962524414,45-64,False,True,False,False,False,False,True,False,False,False,False,False,True,False,False,False
1,female,White,0.13521325588226318,0.8647867441177368,0-4,True,False,False,False,False,False,True,True,False,False,False,False,False,False,False,False
25,male,Indian,26.61922836303711,1.6192283630371094,25-34,False,True,False,False,True,False,False,False,False,False,True,False,False,False,False,False
28,female,Black,23.086484909057617,4.913515090942383,25-34,True,False,False,True,False,False,False,False,False,False,True,False,False,False,False,False
23,male,Asian,32.45555114746094,9.455551147460938,18-24,False,True,True,False,False,False,False,False,False,True,False,False,False,False,False,False
11,female,White,17.028966903686523,6.028966903686523,5-17,True,False,False,False,False,False,True,False,True,False,False,False,False,False,False,False
29,female,White,45.92469024658203,16.92469024658203,25-34,True,False,False,False,False,False,True,False,False,False,True,False,False,False,False,False
54,male,White,56.05193328857422,2.0519332885742188,45-64,False,True,False,False,False,False,True,False,False,False,False,False,True,False,False,False
36,male,Indian,46.920249938964844,10.920249938964844,35-44,False,True,False,False,True,False,False,False,False,False,False,True,False,False,False,False
32,female,Indian,37.932167053222656,5.932167053222656,25-34,True,False,False,False,True,False,False,False,False,False,True,False,False,False,False,False
40,male,White,31.882831573486328,8.117168426513672,35-44,False,True,False,False,False,False,True,False,False,False,False,True,False,False,False,False
48,male,Others,33.542213439941406,14.457786560058594,45-64,False,True,False,False,False,True,False,False,False,False,False,False,True,False,False,False
25,male,Indian,27.96158790588379,2.961587905883789,25-34,False,True,False,False,True,False,False,False,False,False,True,False,False,False,False,False
28,male,Black,28.871253967285156,0.8712539672851562,25-34,False,True,False,True,False,False,False,False,False,False,True,False,False,False,False,False
39,female,Black,31.506298065185547,7.493701934814453,35-44,True,False,False,True,False,False,False,False,False,False,False,True,False,False,False,False
8,female,Others,25.126258850097656,17.126258850097656,5-17,True,False,False,False,False,True,False,False,True,False,False,False,False,False,False,False
26,male,White,31.927173614501953,5.927173614501953,25-34,False,True,False,False,False,False,True,False,False,False,True,False,False,False,False,False
20,female,White,29.487878799438477,9.487878799438477,18-24,True,False,False,False,False,False,True,False,False,True,False,False,False,False,False,False
26,male,Others,29.337106704711914,3.337106704711914,25-34,False,True,False,False,False,True,False,False,False,False,True,False,False,False,False,False
31,female,White,38.136741638183594,7.136741638183594,25-34,True,False,False,False,False,False,True,False,False,False,True,False,False,False,False,False
17,female,Indian,30.75934410095215,13.759344100952148,5-17,True,False,False,False,True,False,False,False,True,False,False,False,False,False,False,False
38,female,White,24.611175537109375,13.388824462890625,35-44,True,False,False,False,False,False,True,False,False,False,False,True,False,False,False,False
35,male,White,37.04060363769531,2.0406036376953125,35-44,False,True,False,False,False,False,True,False,False,False,False,True,False,False,False,False
40,male,Indian,31.1520938873291,8.847906112670898,35-44,False,True,False,False,True,False,False,False,False,False,False,True,False,False,False,False
63,male,White,71.61038970947266,8.610389709472656,45-64,False,True,False,False,False,False,True,False,False,False,False,False,True,False,False,False
40,male,White,36.69232177734375,3.30767822265625,35-44,False,True,False,False,False,False,True,False,False,False,False,True,False,False,False,False
35,male,Indian,23.741281509399414,11.258718490600586,35-44,False,True,False,False,True,False,False,False,False,False,False,True,False,False,False,False
2,female,Others,1.2823909521102905,0.7176090478897095,0-4,True,False,False,False,False,True,False,True,False,False,False,False,False,False,False,False
72,male,Asian,53.61853790283203,18.38146209716797,65-84,False,True,True,False,False,False,False,False,False,False,False,False,False,True,False,False
1,male,Indian,0.5516649484634399,0.44833505153656006,0-4,False,True,False,False,True,False,False,True,False,False,False,False,False,False,False,False
24,female,Asian,23.00225257873535,0.9977474212646484,18-24,True,False,True,False,False,False,False,False,False,True,False,False,False,False,False,False
70,male,White,65.25325012207031,4.7467498779296875,65-84,False,True,False,False,False,False,True,False,False,False,False,False,False,True,False,False
3,female,Asian,0.8991589546203613,2.1008410453796387,0-4,True,False,True,False,False,False,False,True,False,False,False,False,False,False,False,False
65,female,Black,64.5782241821289,0.42177581787109375,65-84,True,False,False,True,False,False,False,False,False,False,False,False,False,True,False,False
47,male,Indian,42.93735122680664,4.062648773193359,45-64,False,True,False,False,True,False,False,False,False,False,False,False,True,False,False,False
39,female,Indian,41.376220703125,2.376220703125,35-44,True,False,False,False,True,False,False,False,False,False,False,True,False,False,False,False
38,female,Black,31.810909271240234,6.189090728759766,35-44,True,False,False,True,False,False,False,False,False,False,False,True,False,False,False,False
54,male,White,52.18840789794922,1.8115921020507812,45-64,False,True,False,False,False,False,True,False,False,False,False,False,True,False,False,False
4,male,White,4.221263885498047,0.22126388549804688,0-4,False,True,False,False,False,False,True,True,False,False,False,False,False,False,False,False
1,female,Others,1.3644635677337646,0.36446356773376465,0-4,True,False,False,False,False,True,False,True,False,False,False,False,False,False,False,False
85,female,White,58.7320556640625,26.2679443359375,85-99,True,False,False,False,False,False,True,False,False,False,False,False,False,False,True,False
30,female,White,33.286231994628906,3.2862319946289062,25-34,True,False,False,False,False,False,True,False,False,False,True,False,False,False,False,False
58,female,White,61.157875061035156,3.1578750610351562,45-64,True,False,False,False,False,False,True,False,False,False,False,False,True,False,False,False
1,male,Indian,1.062482237815857,0.062482237815856934,0-4,False,True,False,False,True,False,False,True,False,False,False,False,False,False,False,False
26,female,Indian,27.301939010620117,1.3019390106201172,25-34,True,False,False,False,True,False,False,False,False,False,True,False,False,False,False,False
25,male,Indian,31.368261337280273,6.368261337280273,25-34,False,True,False,False,True,False,False,False,False,False,True,False,False,False,False,False
25,female,Black,25.887758255004883,0.8877582550048828,25-34,True,False,False,True,False,False,False,False,False,False,True,False,False,False,False,False
80,female,White,64.18362426757812,15.816375732421875,65-84,True,False,False,False,False,False,True,False,False,False,False,False,False,True,False,False
1,male,Indian,2.3242673873901367,1.3242673873901367,0-4,False,True,False,False,True,False,False,True,False,False,False,False,False,False,False,False
55,male,White,63.86248016357422,8.862480163574219,45-64,False,True,False,False,False,False,True,False,False,False,False,False,True,False,False,False
44,male,White,38.890724182128906,5.109275817871094,35-44,False,True,False,False,False,False,True,False,False,False,False,True,False,False,False,False
54,male,Indian,43.95537567138672,10.044624328613281,45-64,False,True,False,False,True,False,False,False,False,False,False,False,True,False,False,False
1,female,White,1.747346043586731,0.747346043586731,0-4,True,False,False,False,False,False,True,True,False,False,False,False,False,False,False,False
43,male,Indian,46.62552261352539,3.6255226135253906,35-44,False,True,False,False,True,False,False,False,False,False,False,True,False,False,False,False
15,male,White,24.995250701904297,9.995250701904297,5-17,False,True,False,False,False,False,True,False,True,False,False,False,False,False,False,False
71,female,Black,67.60443115234375,3.39556884765625,65-84,True,False,False,True,False,False,False,False,False,False,False,False,False,True,False,False
23,male,Indian,29.354799270629883,6.354799270629883,18-24,False,True,False,False,True,False,False,False,False,True,False,False,False,False,False,False
32,female,Indian,41.53684997558594,9.536849975585938,25-34,True,False,False,False,True,False,False,False,False,False,True,False,False,False,False,False
26,female,Asian,17.835344314575195,8.164655685424805,25-34,True,False,True,False,False,False,False,False,False,False,True,False,False,False,False,False
44,male,Indian,48.79996871948242,4.799968719482422,35-44,False,True,False,False,True,False,False,False,False,False,False,True,False,False,False,False
99,female,White,81.87435150146484,17.125648498535156,85-99,True,False,False,False,False,False,True,False,False,False,False,False,False,False,True,False
40,male,White,44.08074188232422,4.080741882324219,35-44,False,True,False,False,False,False,True,False,False,False,False,True,False,False,False,False
26,female,Black,26.44670295715332,0.4467029571533203,25-34,True,False,False,True,False,False,False,False,False,False,True,False,False,False,False,False
29,female,Black,31.16594123840332,2.1659412384033203,25-34,True,False,False,True,False,False,False,False,False,False,True,False,False,False,False,False
26,female,Black,25.989126205444336,0.010873794555664062,25-34,True,False,False,True,False,False,False,False,False,False,True,False,False,False,False,False
35,male,Black,43.859100341796875,8.859100341796875,35-44,False,True,False,True,False,False,False,False,False,False,False,True,False,False,False,False
53,male,White,57.20612335205078,4.206123352050781,45-64,False,True,False,False,False,False,True,False,False,False,False,False,True,False,False,False
31,female,White,38.339691162109375,7.339691162109375,25-34,True,False,False,False,False,False,True,False,False,False,True,False,False,False,False,False
88,female,White,70.6776351928711,17.322364807128906,85-99,True,False,False,False,False,False,True,False,False,False,False,False,False,False,True,False
36,female,White,21.902982711791992,14.097017288208008,35-44,True,False,False,False,False,False,True,False,False,False,False,True,False,False,False,False
35,male,White,39.044944763183594,4.044944763183594,35-44,False,True,False,False,False,False,True,False,False,False,False,True,False,False,False,False
43,male,Indian,56.087493896484375,13.087493896484375,35-44,False,True,False,False,True,False,False,False,False,False,False,True,False,False,False,False
40,male,White,32.50679016113281,7.4932098388671875,35-44,False,True,False,False,False,False,True,False,False,False,False,True,False,False,False,False
13,female,Black,19.253421783447266,6.253421783447266,5-17,True,False,False,True,False,False,False,False,True,False,False,False,False,False,False,False
23,male,Indian,31.2271671295166,8.227167129516602,18-24,False,True,False,False,True,False,False,False,False,True,False,False,False,False,False,False
30,male,Black,35.59169006347656,5.5916900634765625,25-34,False,True,False,True,False,False,False,False,False,False,True,False,False,False,False,False
55,male,White,53.7800178527832,1.2199821472167969,45-64,False,True,False,False,False,False,True,False,False,False,False,False,True,False,False,False
18,male,Black,23.69318389892578,5.693183898925781,18-24,False,True,False,True,False,False,False,False,False,True,False,False,False,False,False,False
45,male,White,37.03326416015625,7.96673583984375,45-64,False,True,False,False,False,False,True,False,False,False,False,False,True,False,False,False
63,male,Indian,54.410152435302734,8.589847564697266,45-64,False,True,False,False,True,False,False,False,False,False,False,False,True,False,False,False
24,female,Black,33.2337646484375,9.2337646484375,18-24,True,False,False,True,False,False,False,False,False,True,False,False,False,False,False,False
30,female,White,40.1247444152832,10.124744415283203,25-34,True,False,False,False,False,False,True,False,False,False,True,False,False,False,False,False
32,male,Indian,21.394880294799805,10.605119705200195,25-34,False,True,False,False,True,False,False,False,False,False,True,False,False,False,False,False
32,female,White,26.115633010864258,5.884366989135742,25-34,True,False,False,False,False,False,True,False,False,False,True,False,False,False,False,False
1,male,Asian,1.0184738636016846,0.01847386360168457,0-4,False,True,True,False,False,False,False,True,False,False,False,False,False,False,False,False
72,male,White,61.68855667114258,10.311443328857422,65-84,False,True,False,False,False,False,True,False,False,False,False,False,False,True,False,False
86,female,Asian,70.13129425048828,15.868705749511719,85-99,True,False,True,False,False,False,False,False,False,False,False,False,False,False,True,False
36,female,White,35.264312744140625,0.735687255859375,35-44,True,False,False,False,False,False,True,False,False,False,False,True,False,False,False,False
30,female,Indian,33.86365509033203,3.8636550903320312,25-34,True,False,False,False,True,False,False,False,False,False,True,False,False,False,False,False
35,male,Indian,28.353557586669922,6.646442413330078,35-44,False,True,False,False,True,False,False,False,False,False,False,True,False,False,False,False
50,female,White,41.15131378173828,8.848686218261719,45-64,True,False,False,False,False,False,True,False,False,False,False,False,True,False,False,False
21,female,Others,25.04672622680664,4.046726226806641,18-24,True,False,False,False,False,True,False,False,False,True,False,False,False,False,False,False
38,male,Black,30.630746841430664,7.369253158569336,35-44,False,True,False,True,False,False,False,False,False,False,False,True,False,False,False,False
1,male,Asian,-0.016138432547450066,1.01613843254745,0-4,False,True,True,False,False,False,False,True,False,False,False,False,False,False,False,False
48,female,White,33.266815185546875,14.733184814453125,45-64,True,False,False,False,False,False,True,False,False,False,False,False,True,False,False,False
17,male,White,22.701719284057617,5.701719284057617,5-17,False,True,False,False,False,False,True,False,True,False,False,False,False,False,False,False
28,female,White,24.66153907775879,3.338460922241211,25-34,True,False,False,False,False,False,True,False,False,False,True,False,False,False,False,False
26,female,White,28.884374618530273,2.8843746185302734,25-34,True,False,False,False,False,False,True,False,False,False,True,False,False,False,False,False
29,female,Black,29.83126449584961,0.8312644958496094,25-34,True,False,False,True,False,False,False,False,False,False,True,False,False,False,False,False
59,male,White,39.685569763183594,19.314430236816406,45-64,False,True,False,False,False,False,True,False,False,False,False,False,True,False,False,False
24,male,Indian,21.68303108215332,2.3169689178466797,18-24,False,True,False,False,True,False,False,False,False,True,False,False,False,False,False,False
15,male,Black,33.55228805541992,18.552288055419922,5-17,False,True,False,True,False,False,False,False,True,False,False,False,False,False,False,False
2,male,White,0.7628645896911621,1.237135410308838,0-4,False,True,False,False,False,False,True,True,False,False,False,False,False,False,False,False
17,female,White,37.49468231201172,20.49468231201172,5-17,True,False,False,False,False,False,True,False,True,False,False,False,False,False,False,False
31,female,Others,27.166982650756836,3.833017349243164,25-34,True,False,False,False,False,True,False,False,False,False,True,False,False,False,False,False
53,male,Indian,28.485801696777344,24.514198303222656,45-64,False,True,False,False,True,False,False,False,False,False,False,False,True,False,False,False
39,male,White,46.70927429199219,7.7092742919921875,35-44,False,True,False,False,False,False,True,False,False,False,False,True,False,False,False,False
35,female,White,38.53616714477539,3.5361671447753906,35-44,True,False,False,False,False,False,True,False,False,False,False,True,False,False,False,False
28,male,Indian,28.93560218811035,0.9356021881103516,25-34,False,True,False,False,True,False,False,False,False,False,True,False,False,False,False,False
22,male,Indian,25.2713623046875,3.2713623046875,18-24,False,True,False,False,True,False,False,False,False,True,False,False,False,False,False,False
23,female,Asian,24.039026260375977,1.0390262603759766,18-24,True,False,True,False,False,False,False,False,False,True,False,False,False,False,False,False
60,male,Indian,63.108009338378906,3.1080093383789062,45-64,False,True,False,False,True,False,False,False,False,False,False,False,True,False,False,False
30,male,Others,34.47551727294922,4.475517272949219,25-34,False,True,False,False,False,True,False,False,False,False,True,False,False,False,False,False
26,male,Indian,36.026031494140625,10.026031494140625,25-34,False,True,False,False,True,False,False,False,False,False,True,False,False,False,False,False
1,male,Asian,0.4054849147796631,0.5945150852203369,0-4,False,True,True,False,False,False,False,True,False,False,False,False,False,False,False,False
34,male,Indian,52.66838455200195,18.668384552001953,25-34,False,True,False,False,True,False,False,False,False,False,True,False,False,False,False,False
21,male,Others,27.990018844604492,6.990018844604492,18-24,False,True,False,False,False,True,False,False,False,True,False,False,False,False,False,False
39,male,Others,35.98015213012695,3.019847869873047,35-44,False,True,False,False,False,True,False,False,False,False,False,True,False,False,False,False
47,female,Black,33.675601959228516,13.324398040771484,45-64,True,False,False,True,False,False,False,False,False,False,False,False,True,False,False,False
67,female,White,72.14131927490234,5.141319274902344,65-84,True,False,False,False,False,False,True,False,False,False,False,False,False,True,False,False
26,male,Black,23.415781021118164,2.584218978881836,25-34,False,True,False,True,False,False,False,False,False,False,True,False,False,False,False,False
24,female,White,36.465518951416016,12.465518951416016,18-24,True,False,False,False,False,False,True,False,False,True,False,False,False,False,False,False
26,female,Indian,28.131528854370117,2.131528854370117,25-34,True,False,False,False,True,False,False,False,False,False,True,False,False,False,False,False
38,female,Black,28.118967056274414,9.881032943725586,35-44,True,False,False,True,False,False,False,False,False,False,False,True,False,False,False,False
50,female,Black,26.77634620666504,23.22365379333496,45-64,True,False,False,True,False,False,False,False,False,False,False,False,True,False,False,False
26,female,Indian,22.15989875793457,3.8401012420654297,25-34,True,False,False,False,True,False,False,False,False,False,True,False,False,False,False,False
40,male,White,47.59100341796875,7.59100341796875,35-44,False,True,False,False,False,False,True,False,False,False,False,True,False,False,False,False
6,female,White,3.799725294113159,2.200274705886841,5-17,True,False,False,False,False,False,True,False,True,False,False,False,False,False,False,False
34,female,Black,28.942354202270508,5.057645797729492,25-34,True,False,False,True,False,False,False,False,False,False,True,False,False,False,False,False
45,male,White,37.35289001464844,7.6471099853515625,45-64,False,True,False,False,False,False,True,False,False,False,False,False,True,False,False,False
24,female,Indian,20.563547134399414,3.436452865600586,18-24,True,False,False,False,True,False,False,False,False,True,False,False,False,False,False,False
63,male,Indian,67.90653991699219,4.9065399169921875,45-64,False,True,False,False,True,False,False,False,False,False,False,False,True,False,False,False
29,male,Indian,43.715240478515625,14.715240478515625,25-34,False,True,False,False,True,False,False,False,False,False,True,False,False,False,False,False
26,male,Indian,23.007890701293945,2.9921092987060547,25-34,False,True,False,False,True,False,False,False,False,False,True,False,False,False,False,False
42,female,Indian,39.27336120605469,2.7266387939453125,35-44,True,False,False,False,True,False,False,False,False,False,False,True,False,False,False,False
24,female,White,35.987953186035156,11.987953186035156,18-24,True,False,False,False,False,False,True,False,False,True,False,False,False,False,False,False
80,male,White,48.572444915771484,31.427555084228516,65-84,False,True,False,False,False,False,True,False,False,False,False,False,False,True,False,False
45,male,Indian,39.789031982421875,5.210968017578125,45-64,False,True,False,False,True,False,False,False,False,False,False,False,True,False,False,False
60,female,White,46.540931701660156,13.459068298339844,45-64,True,False,False,False,False,False,True,False,False,False,False,False,True,False,False,False
33,male,White,25.742116928100586,7.257883071899414,25-34,False,True,False,False,False,False,True,False,False,False,True,False,False,False,False,False
40,male,Indian,47.223609924316406,7.223609924316406,35-44,False,True,False,False,True,False,False,False,False,False,False,True,False,False,False,False
19,male,White,26.133424758911133,7.133424758911133,18-24,False,True,False,False,False,False,True,False,False,True,False,False,False,False,False,False
39,female,Black,40.80352783203125,1.80352783203125,35-44,True,False,False,True,False,False,False,False,False,False,False,True,False,False,False,False
17,female,White,18.52849578857422,1.5284957885742188,5-17,True,False,False,False,False,False,True,False,True,False,False,False,False,False,False,False
32,female,White,30.763410568237305,1.2365894317626953,25-34,True,False,False,False,False,False,True,False,False,False,True,False,False,False,False,False
66,male,White,51.228912353515625,14.771087646484375,65-84,False,True,False,False,False,False,True,False,False,False,False,False,False,True,False,False
1,female,White,0.22870562970638275,0.7712943702936172,0-4,True,False,False,False,False,False,True,True,False,False,False,False,False,False,False,False
45,male,White,37.95947265625,7.04052734375,45-64,False,True,False,False,False,False,True,False,False,False,False,False,True,False,False,False
5,male,Indian,4.349557876586914,0.6504421234130859,5-17,False,True,False,False,True,False,False,False,True,False,False,False,False,False,False,False
31,female,Asian,31.55619239807129,0.5561923980712891,25-34,True,False,True,False,False,False,False,False,False,False,True,False,False,False,False,False
21,male,White,18.86338233947754,2.136617660522461,18-24,False,True,False,False,False,False,True,False,False,True,False,False,False,False,False,False
61,female,Asian,63.146610260009766,2.1466102600097656,45-64,True,False,True,False,False,False,False,False,False,False,False,False,True,False,False,False
61,male,Black,63.60774612426758,2.607746124267578,45-64,False,True,False,True,False,False,False,False,False,False,False,False,True,False,False,False
16,female,Black,27.805463790893555,11.805463790893555,5-17,True,False,False,True,False,False,False,False,True,False,False,False,False,False,False,False
17,male,White,13.81020736694336,3.1897926330566406,5-17,False,True,False,False,False,False,True,False,True,False,False,False,False,False,False,False
24,male,White,24.233732223510742,0.2337322235107422,18-24,False,True,False,False,False,False,True,False,False,True,False,False,False,False,False,False
26,male,Asian,27.470346450805664,1.470346450805664,25-34,False,True,True,False,False,False,False,False,False,False,True,False,False,False,False,False
34,female,Black,23.13798713684082,10.86201286315918,25-34,True,False,False,True,False,False,False,False,False,False,True,False,False,False,False,False
40,female,White,46.05896759033203,6.058967590332031,35-44,True,False,False,False,False,False,True,False,False,False,False,True,False,False,False,False
55,male,Indian,62.00132369995117,7.001323699951172,45-64,False,True,False,False,True,False,False,False,False,False,False,False,True,False,False,False
32,female,White,37.712684631347656,5.712684631347656,25-34,True,False,False,False,False,False,True,False,False,False,True,False,False,False,False,False
92,female,White,71.39315032958984,20.606849670410156,85-99,True,False,False,False,False,False,True,False,False,False,False,False,False,False,True,False
65,male,Black,55.906578063964844,9.093421936035156,65-84,False,True,False,True,False,False,False,False,False,False,False,False,False,True,False,False
26,male,White,19.813295364379883,6.186704635620117,25-34,False,True,False,False,False,False,True,False,False,False,True,False,False,False,False,False
32,male,Black,23.618005752563477,8.381994247436523,25-34,False,True,False,True,False,False,False,False,False,False,True,False,False,False,False,False
25,male,Others,26.880605697631836,1.880605697631836,25-34,False,True,False,False,False,True,False,False,False,False,True,False,False,False,False,False
34,female,Asian,28.895944595336914,5.104055404663086,25-34,True,False,True,False,False,False,False,False,False,False,True,False,False,False,False,False
36,male,White,55.507041931152344,19.507041931152344,35-44,False,True,False,False,False,False,True,False,False,False,False,True,False,False,False,False
46,male,Indian,33.57391357421875,12.42608642578125,45-64,False,True,False,False,True,False,False,False,False,False,False,False,True,False,False,False
10,male,Others,5.2651166915893555,4.7348833084106445,5-17,False,True,False,False,False,True,False,False,True,False,False,False,False,False,False,False
28,female,Asian,22.232873916625977,5.767126083374023,25-34,True,False,True,False,False,False,False,False,False,False,True,False,False,False,False,False
55,male,White,40.44900894165039,14.55099105834961,45-64,False,True,False,False,False,False,True,False,False,False,False,False,True,False,False,False
7,male,Black,7.643038749694824,0.6430387496948242,5-17,False,True,False,True,False,False,False,False,True,False,False,False,False,False,False,False
26,female,Indian,26.074983596801758,0.07498359680175781,25-34,True,False,False,False,True,False,False,False,False,False,True,False,False,False,False,False
26,male,Others,25.52528190612793,0.4747180938720703,25-34,False,True,False,False,False,True,False,False,False,False,True,False,False,False,False,False
34,male,White,24.76072120666504,9.239278793334961,25-34,False,True,False,False,False,False,True,False,False,False,True,False,False,False,False,False
53,male,Black,63.28987503051758,10.289875030517578,45-64,False,True,False,True,False,False,False,False,False,False,False,False,True,False,False,False
1,female,White,3.0672144889831543,2.0672144889831543,0-4,True,False,False,False,False,False,True,True,False,False,False,False,False,False,False,False
35,female,White,28.487342834472656,6.512657165527344,35-44,True,False,False,False,False,False,True,False,False,False,False,True,False,False,False,False
1,female,Indian,4.281340599060059,3.2813405990600586,0-4,True,False,False,False,True,False,False,True,False,False,False,False,False,False,False,False
31,female,White,25.27958869934082,5.72041130065918,25-34,True,False,False,False,False,False,True,False,False,False,True,False,False,False,False,False
80,female,White,70.14012908935547,9.859870910644531,65-84,True,False,False,False,False,False,True,False,False,False,False,False,False,True,False,False
25,female,Indian,31.91259765625,6.91259765625,25-34,True,False,False,False,True,False,False,False,False,False,True,False,False,False,False,False
27,male,White,24.103071212768555,2.8969287872314453,25-34,False,True,False,False,False,False,True,False,False,False,True,False,False,False,False,False
60,female,White,66.77130126953125,6.77130126953125,45-64,True,False,False,False,False,False,True,False,False,False,False,False,True,False,False,False
90,female,White,72.44599151611328,17.55400848388672,85-99,True,False,False,False,False,False,True,False,False,False,False,False,False,False,True,False
41,male,Black,41.878108978271484,0.8781089782714844,35-44,False,True,False,True,False,False,False,False,False,False,False,True,False,False,False,False
30,male,White,37.37694549560547,7.376945495605469,25-34,False,True,False,False,False,False,True,False,False,False,True,False,False,False,False,False
16,female,White,8.892522811889648,7.107477188110352,5-17,True,False,False,False,False,False,True,False,True,False,False,False,False,False,False,False
30,female,White,26.213632583618164,3.786367416381836,25-34,True,False,False,False,False,False,True,False,False,False,True,False,False,False,False,False
24,female,White,18.484643936157227,5.515356063842773,18-24,True,False,False,False,False,False,True,False,False,True,False,False,False,False,False,False
35,female,White,31.31917381286621,3.680826187133789,35-44,True,False,False,False,False,False,True,False,False,False,False,True,False,False,False,False
45,male,White,45.48292541503906,0.4829254150390625,45-64,False,True,False,False,False,False,True,False,False,False,False,False,True,False,False,False
39,female,Indian,24.270919799804688,14.729080200195312,35-44,True,False,False,False,True,False,False,False,False,False,False,True,False,False,False,False
25,male,White,23.59297752380371,1.407022476196289,25-34,False,True,False,False,False,False,True,False,False,False,True,False,False,False,False,False
6,female,Indian,6.781290054321289,0.7812900543212891,5-17,True,False,False,False,True,False,False,False,True,False,False,False,False,False,False,False
49,female,Black,30.32048988342285,18.67951011657715,45-64,True,False,False,True,False,False,False,False,False,False,False,False,True,False,False,False
34,male,White,36.34257125854492,2.342571258544922,25-34,False,True,False,False,False,False,True,False,False,False,True,False,False,False,False,False
62,male,White,66.11699676513672,4.116996765136719,45-64,False,True,False,False,False,False,True,False,False,False,False,False,True,False,False,False
21,female,Black,20.3205509185791,0.6794490814208984,18-24,True,False,False,True,False,False,False,False,False,True,False,False,False,False,False,False
56,male,Indian,48.43829345703125,7.56170654296875,45-64,False,True,False,False,True,False,False,False,False,False,False,False,True,False,False,False
28,female,Others,23.922067642211914,4.077932357788086,25-34,True,False,False,False,False,True,False,False,False,False,True,False,False,False,False,False
24,female,Black,27.347410202026367,3.347410202026367,18-24,True,False,False,True,False,False,False,False,False,True,False,False,False,False,False,False
75,male,Black,66.39461517333984,8.605384826660156,65-84,False,True,False,True,False,False,False,False,False,False,False,False,False,True,False,False
56,male,White,53.60783386230469,2.3921661376953125,45-64,False,True,False,False,False,False,True,False,False,False,False,False,True,False,False,False
23,female,Indian,26.155988693237305,3.1559886932373047,18-24,True,False,False,False,True,False,False,False,False,True,False,False,False,False,False,False
11,female,Indian,6.659364223480225,4.340635776519775,5-17,True,False,False,False,True,False,False,False,True,False,False,False,False,False,False,False
28,female,Asian,27.708280563354492,0.2917194366455078,25-34,True,False,True,False,False,False,False,False,False,False,True,False,False,False,False,False
25,female,Black,10.434199333190918,14.565800666809082,25-34,True,False,False,True,False,False,False,False,False,False,True,False,False,False,False,False
1,male,Black,-0.1649375557899475,1.1649375557899475,0-4,False,True,False,True,False,False,False,True,False,False,False,False,False,False,False,False
26,male,White,20.669858932495117,5.330141067504883,25-34,False,True,False,False,False,False,True,False,False,False,True,False,False,False,False,False
70,male,Asian,66.82518005371094,3.1748199462890625,65-84,False,True,True,False,False,False,False,False,False,False,False,False,False,True,False,False
31,female,Indian,25.412267684936523,5.587732315063477,25-34,True,False,False,False,True,False,False,False,False,False,True,False,False,False,False,False
16,female,Asian,21.2169132232666,5.216913223266602,5-17,True,False,True,False,False,False,False,False,True,False,False,False,False,False,False,False
58,male,Indian,50.47801971435547,7.521980285644531,45-64,False,True,False,False,True,False,False,False,False,False,False,False,True,False,False,False
49,male,Others,58.80973815917969,9.809738159179688,45-64,False,True,False,False,False,True,False,False,False,False,False,False,True,False,False,False
49,male,White,50.24649429321289,1.2464942932128906,45-64,False,True,False,False,False,False,True,False,False,False,False,False,True,False,False,False
26,female,Indian,29.094282150268555,3.0942821502685547,25-34,True,False,False,False,True,False,False,False,False,False,True,False,False,False,False,False
26,male,White,28.436235427856445,2.4362354278564453,25-34,False,True,False,False,False,False,True,False,False,False,True,False,False,False,False,False
12,male,White,12.551765441894531,0.5517654418945312,5-17,False,True,False,False,False,False,True,False,True,False,False,False,False,False,False,False
20,female,White,26.953691482543945,6.953691482543945,18-24,True,False,False,False,False,False,True,False,False,True,False,False,False,False,False,False
48,female,White,48.614532470703125,0.614532470703125,45-64,True,False,False,False,False,False,True,False,False,False,False,False,True,False,False,False
37,male,Indian,22.968141555786133,14.031858444213867,35-44,False,True,False,False,True,False,False,False,False,False,False,True,False,False,False,False
2,female,Asian,0.7317332625389099,1.26826673746109,0-4,True,False,True,False,False,False,False,True,False,False,False,False,False,False,False,False
25,male,Indian,23.86658477783203,1.1334152221679688,25-34,False,True,False,False,True,False,False,False,False,False,True,False,False,False,False,False
45,male,Indian,42.2723503112793,2.727649688720703,45-64,False,True,False,False,True,False,False,False,False,False,False,False,True,False,False,False
21,female,Asian,21.87337303161621,0.8733730316162109,18-24,True,False,True,False,False,False,False,False,False,True,False,False,False,False,False,False
60,male,Asian,48.929161071777344,11.070838928222656,45-64,False,True,True,False,False,False,False,False,False,False,False,False,True,False,False,False
36,female,White,44.608978271484375,8.608978271484375,35-44,True,False,False,False,False,False,True,False,False,False,False,True,False,False,False,False
26,female,White,22.31499481201172,3.6850051879882812,25-34,True,False,False,False,False,False,True,False,False,False,True,False,False,False,False,False
33,male,White,41.18833541870117,8.188335418701172,25-34,False,True,False,False,False,False,True,False,False,False,True,False,False,False,False,False
30,female,Asian,26.334550857543945,3.6654491424560547,25-34,True,False,True,False,False,False,False,False,False,False,True,False,False,False,False,False
26,male,Black,32.524932861328125,6.524932861328125,25-34,False,True,False,True,False,False,False,False,False,False,True,False,False,False,False,False
26,male,Asian,38.279029846191406,12.279029846191406,25-34,False,True,True,False,False,False,False,False,False,False,True,False,False,False,False,False
4,female,Asian,5.100119590759277,1.1001195907592773,0-4,True,False,True,False,False,False,False,True,False,False,False,False,False,False,False,False
46,male,Black,38.697078704833984,7.302921295166016,45-64,False,True,False,True,False,False,False,False,False,False,False,False,True,False,False,False
48,female,Indian,36.07879638671875,11.92120361328125,45-64,True,False,False,False,True,False,False,False,False,False,False,False,True,False,False,False
20,female,White,23.1925106048584,3.1925106048583984,18-24,True,False,False,False,False,False,True,False,False,True,False,False,False,False,False,False
2,male,Others,1.167094349861145,0.832905650138855,0-4,False,True,False,False,False,True,False,True,False,False,False,False,False,False,False,False
71,male,White,66.95317077636719,4.0468292236328125,65-84,False,True,False,False,False,False,True,False,False,False,False,False,False,True,False,False
32,female,Asian,49.06705093383789,17.06705093383789,25-34,True,False,True,False,False,False,False,False,False,False,True,False,False,False,False,False
70,female,White,64.55420684814453,5.445793151855469,65-84,True,False,False,False,False,False,True,False,False,False,False,False,False,True,False,False
62,male,White,51.79547882080078,10.204521179199219,45-64,False,True,False,False,False,False,True,False,False,False,False,False,True,False,False,False
23,female,Asian,26.89206886291504,3.892068862915039,18-24,True,False,True,False,False,False,False,False,False,True,False,False,False,False,False,False
30,female,Black,23.971879959106445,6.028120040893555,25-34,True,False,False,True,False,False,False,False,False,False,True,False,False,False,False,False
30,male,Black,39.320648193359375,9.320648193359375,25-34,False,True,False,True,False,False,False,False,False,False,True,False,False,False,False,False
24,male,White,22.469968795776367,1.5300312042236328,18-24,False,True,False,False,False,False,True,False,False,True,False,False,False,False,False,False
25,male,White,27.787912368774414,2.787912368774414,25-34,False,True,False,False,False,False,True,False,False,False,True,False,False,False,False,False
44,female,White,44.354034423828125,0.354034423828125,35-44,True,False,False,False,False,False,True,False,False,False,False,True,False,False,False,False
48,female,Black,39.22001647949219,8.779983520507812,45-64,True,False,False,True,False,False,False,False,False,False,False,False,True,False,False,False
26,female,White,24.81380844116211,1.1861915588378906,25-34,True,False,False,False,False,False,True,False,False,False,True,False,False,False,False,False
30,male,Asian,40.04663848876953,10.046638488769531,25-34,False,True,True,False,False,False,False,False,False,False,True,False,False,False,False,False
44,female,White,37.57542419433594,6.4245758056640625,35-44,True,False,False,False,False,False,True,False,False,False,False,True,False,False,False,False
1,female,Indian,0.367636501789093,0.632363498210907,0-4,True,False,False,False,True,False,False,True,False,False,False,False,False,False,False,False
53,male,Indian,60.14581298828125,7.14581298828125,45-64,False,True,False,False,True,False,False,False,False,False,False,False,True,False,False,False
60,male,Indian,54.383949279785156,5.616050720214844,45-64,False,True,False,False,True,False,False,False,False,False,False,False,True,False,False,False
22,male,Black,32.23625564575195,10.236255645751953,18-24,False,True,False,True,False,False,False,False,False,True,False,False,False,False,False,False
30,female,Black,26.70899772644043,3.2910022735595703,25-34,True,False,False,True,False,False,False,False,False,False,True,False,False,False,False,False
15,female,White,9.999007225036621,5.000992774963379,5-17,True,False,False,False,False,False,True,False,True,False,False,False,False,False,False,False
26,female,Indian,20.10869598388672,5.891304016113281,25-34,True,False,False,False,True,False,False,False,False,False,True,False,False,False,False,False
15,male,White,27.001981735229492,12.001981735229492,5-17,False,True,False,False,False,False,True,False,True,False,False,False,False,False,False,False
96,female,Asian,78.61275482177734,17.387245178222656,85-99,True,False,True,False,False,False,False,False,False,False,False,False,False,False,True,False
50,male,White,40.871192932128906,9.128807067871094,45-64,False,True,False,False,False,False,True,False,False,False,False,False,True,False,False,False
25,male,Asian,25.414846420288086,0.41484642028808594,25-34,False,True,True,False,False,False,False,False,False,False,True,False,False,False,False,False
1,male,Indian,0.6581627726554871,0.34183722734451294,0-4,False,True,False,False,True,False,False,True,False,False,False,False,False,False,False,False
22,male,Asian,17.717971801757812,4.2820281982421875,18-24,False,True,True,False,False,False,False,False,False,True,False,False,False,False,False,False
32,female,White,34.5537109375,2.5537109375,25-34,True,False,False,False,False,False,True,False,False,False,True,False,False,False,False,False
22,female,Asian,21.414501190185547,0.5854988098144531,18-24,True,False,True,False,False,False,False,False,False,True,False,False,False,False,False,False
7,female,White,23.185951232910156,16.185951232910156,5-17,True,False,False,False,False,False,True,False,True,False,False,False,False,False,False,False
21,male,Indian,21.23259735107422,0.23259735107421875,18-24,False,True,False,False,True,False,False,False,False,True,False,False,False,False,False,False
25,female,White,24.653873443603516,0.3461265563964844,25-34,True,False,False,False,False,False,True,False,False,False,True,False,False,False,False,False
26,male,White,29.042251586914062,3.0422515869140625,25-34,False,True,False,False,False,False,True,False,False,False,True,False,False,False,False,False
17,female,Black,29.466259002685547,12.466259002685547,5-17,True,False,False,True,False,False,False,False,True,False,False,False,False,False,False,False
42,male,Others,36.24268341064453,5.757316589355469,35-44,False,True,False,False,False,True,False,False,False,False,False,True,False,False,False,False
58,female,White,47.089935302734375,10.910064697265625,45-64,True,False,False,False,False,False,True,False,False,False,False,False,True,False,False,False
26,male,Black,32.59443664550781,6.5944366455078125,25-34,False,True,False,True,False,False,False,False,False,False,True,False,False,False,False,False
72,female,White,62.56913375854492,9.430866241455078,65-84,True,False,False,False,False,False,True,False,False,False,False,False,False,True,False,False
16,female,White,19.349306106567383,3.349306106567383,5-17,True,False,False,False,False,False,True,False,True,False,False,False,False,False,False,False
70,male,White,68.57966613769531,1.4203338623046875,65-84,False,True,False,False,False,False,True,False,False,False,False,False,False,True,False,False
20,female,Black,22.31970977783203,2.3197097778320312,18-24,True,False,False,True,False,False,False,False,False,True,False,False,False,False,False,False
24,female,Others,23.64349937438965,0.35650062561035156,18-24,True,False,False,False,False,True,False,False,False,True,False,False,False,False,False,False
26,female,Black,22.139158248901367,3.860841751098633,25-34,True,False,False,True,False,False,False,False,False,False,True,False,False,False,False,False
26,female,Asian,25.583574295043945,0.4164257049560547,25-34,True,False,True,False,False,False,False,False,False,False,True,False,False,False,False,False
41,male,Indian,44.96691131591797,3.9669113159179688,35-44,False,True,False,False,True,False,False,False,False,False,False,True,False,False,False,False
36,male,Indian,29.703397750854492,6.296602249145508,35-44,False,True,False,False,True,False,False,False,False,False,False,True,False,False,False,False
26,male,Black,23.707406997680664,2.292593002319336,25-34,False,True,False,True,False,False,False,False,False,False,True,False,False,False,False,False
55,female,White,63.72210693359375,8.72210693359375,45-64,True,False,False,False,False,False,True,False,False,False,False,False,True,False,False,False
34,female,White,32.10050964355469,1.8994903564453125,25-34,True,False,False,False,False,False,True,False,False,False,True,False,False,False,False,False
26,male,White,26.37746238708496,0.37746238708496094,25-34,False,True,False,False,False,False,True,False,False,False,True,False,False,False,False,False
49,female,White,52.89350509643555,3.893505096435547,45-64,True,False,False,False,False,False,True,False,False,False,False,False,True,False,False,False
22,female,Asian,25.235013961791992,3.235013961791992,18-24,True,False,True,False,False,False,False,False,False,True,False,False,False,False,False,False
31,female,White,34.08828353881836,3.0882835388183594,25-34,True,False,False,False,False,False,True,False,False,False,True,False,False,False,False,False
16,female,White,28.684873580932617,12.684873580932617,5-17,True,False,False,False,False,False,True,False,True,False,False,False,False,False,False,False
24,male,Others,18.73847770690918,5.26152229309082,18-24,False,True,False,False,False,True,False,False,False,True,False,False,False,False,False,False
7,male,White,28.991979598999023,21.991979598999023,5-17,False,True,False,False,False,False,True,False,True,False,False,False,False,False,False,False
28,female,Asian,25.114694595336914,2.885305404663086,25-34,True,False,True,False,False,False,False,False,False,False,True,False,False,False,False,False
37,female,White,45.548187255859375,8.548187255859375,35-44,True,False,False,False,False,False,True,False,False,False,False,True,False,False,False,False
49,male,Indian,33.649349212646484,15.350650787353516,45-64,False,True,False,False,True,False,False,False,False,False,False,False,True,False,False,False
62,male,Asian,52.19892120361328,9.801078796386719,45-64,False,True,True,False,False,False,False,False,False,False,False,False,True,False,False,False
35,male,Asian,27.659772872924805,7.340227127075195,35-44,False,True,True,False,False,False,False,False,False,False,False,True,False,False,False,False
21,female,White,17.635515213012695,3.3644847869873047,18-24,True,False,False,False,False,False,True,False,False,True,False,False,False,False,False,False
27,female,Indian,32.347633361816406,5.347633361816406,25-34,True,False,False,False,True,False,False,False,False,False,True,False,False,False,False,False
1,female,Asian,0.6252841353416443,0.3747158646583557,0-4,True,False,True,False,False,False,False,True,False,False,False,False,False,False,False,False
65,male,White,58.95046615600586,6.049533843994141,65-84,False,True,False,False,False,False,True,False,False,False,False,False,False,True,False,False
1,male,Indian,0.47793635725975037,0.5220636427402496,0-4,False,True,False,False,True,False,False,True,False,False,False,False,False,False,False,False
65,male,White,60.74541473388672,4.254585266113281,65-84,False,True,False,False,False,False,True,False,False,False,False,False,False,True,False,False
26,male,Indian,19.57038688659668,6.42961311340332,25-34,False,True,False,False,True,False,False,False,False,False,True,False,False,False,False,False
41,female,White,36.46227264404297,4.537727355957031,35-44,True,False,False,False,False,False,True,False,False,False,False,True,False,False,False,False
3,female,Asian,1.7066341638565063,1.2933658361434937,0-4,True,False,True,False,False,False,False,True,False,False,False,False,False,False,False,False
45,male,White,25.779869079589844,19.220130920410156,45-64,False,True,False,False,False,False,True,False,False,False,False,False,True,False,False,False
25,male,Black,24.09068489074707,0.9093151092529297,25-34,False,True,False,True,False,False,False,False,False,False,True,False,False,False,False,False
49,male,Indian,50.33713912963867,1.3371391296386719,45-64,False,True,False,False,True,False,False,False,False,False,False,False,True,False,False,False
1,male,White,2.040370225906372,1.040370225906372,0-4,False,True,False,False,False,False,True,True,False,False,False,False,False,False,False,False
26,female,Indian,28.5035343170166,2.5035343170166016,25-34,True,False,False,False,True,False,False,False,False,False,True,False,False,False,False,False
28,female,White,46.455039978027344,18.455039978027344,25-34,True,False,False,False,False,False,True,False,False,False,True,False,False,False,False,False
26,male,White,41.05598449707031,15.055984497070312,25-34,False,True,False,False,False,False,True,False,False,False,True,False,False,False,False,False
16,female,White,14.019400596618652,1.9805994033813477,5-17,True,False,False,False,False,False,True,False,True,False,False,False,False,False,False,False
8,male,White,13.590618133544922,5.590618133544922,5-17,False,True,False,False,False,False,True,False,True,False,False,False,False,False,False,False
30,male,Indian,27.79170799255371,2.208292007446289,25-34,False,True,False,False,True,False,False,False,False,False,True,False,False,False,False,False
18,female,Black,30.760066986083984,12.760066986083984,18-24,True,False,False,True,False,False,False,False,False,True,False,False,False,False,False,False
31,female,Black,24.865083694458008,6.134916305541992,25-34,True,False,False,True,False,False,False,False,False,False,True,False,False,False,False,False
60,female,White,46.05182647705078,13.948173522949219,45-64,True,False,False,False,False,False,True,False,False,False,False,False,True,False,False,False
26,female,Indian,27.13031578063965,1.1303157806396484,25-34,True,False,False,False,True,False,False,False,False,False,True,False,False,False,False,False
1,male,White,1.5005903244018555,0.5005903244018555,0-4,False,True,False,False,False,False,True,True,False,False,False,False,False,False,False,False
25,male,Black,24.26389503479004,0.7361049652099609,25-34,False,True,False,True,False,False,False,False,False,False,True,False,False,False,False,False
25,female,Asian,23.042226791381836,1.957773208618164,25-34,True,False,True,False,False,False,False,False,False,False,True,False,False,False,False,False
73,male,White,59.144432067871094,13.855567932128906,65-84,False,True,False,False,False,False,True,False,False,False,False,False,False,True,False,False
59,female,White,45.906349182128906,13.093650817871094,45-64,True,False,False,False,False,False,True,False,False,False,False,False,True,False,False,False
86,female,White,68.51378631591797,17.48621368408203,85-99,True,False,False,False,False,False,True,False,False,False,False,False,False,False,True,False
26,female,Asian,24.147104263305664,1.852895736694336,25-34,True,False,True,False,False,False,False,False,False,False,True,False,False,False,False,False
26,male,Asian,22.677705764770508,3.322294235229492,25-34,False,True,True,False,False,False,False,False,False,False,True,False,False,False,False,False
26,female,White,26.8681583404541,0.8681583404541016,25-34,True,False,False,False,False,False,True,False,False,False,True,False,False,False,False,False
62,female,White,49.732444763183594,12.267555236816406,45-64,True,False,False,False,False,False,True,False,False,False,False,False,True,False,False,False
30,female,White,25.304811477661133,4.695188522338867,25-34,True,False,False,False,False,False,True,False,False,False,True,False,False,False,False,False
8,female,Asian,10.524750709533691,2.5247507095336914,5-17,True,False,True,False,False,False,False,False,True,False,False,False,False,False,False,False
57,male,White,47.9078483581543,9.092151641845703,45-64,False,True,False,False,False,False,True,False,False,False,False,False,True,False,False,False
30,female,Indian,26.03678321838379,3.963216781616211,25-34,True,False,False,False,True,False,False,False,False,False,True,False,False,False,False,False
22,female,Indian,25.30193519592285,3.3019351959228516,18-24,True,False,False,False,True,False,False,False,False,True,False,False,False,False,False,False
27,female,White,27.58388328552246,0.5838832855224609,25-34,True,False,False,False,False,False,True,False,False,False,True,False,False,False,False,False
21,male,White,24.179134368896484,3.1791343688964844,18-24,False,True,False,False,False,False,True,False,False,True,False,False,False,False,False,False
55,male,White,53.85349655151367,1.1465034484863281,45-64,False,True,False,False,False,False,True,False,False,False,False,False,True,False,False,False
35,female,White,25.71541404724121,9.284585952758789,35-44,True,False,False,False,False,False,True,False,False,False,False,True,False,False,False,False
23,female,Others,30.463592529296875,7.463592529296875,18-24,True,False,False,False,False,True,False,False,False,True,False,False,False,False,False,False
26,male,Others,24.982934951782227,1.0170650482177734,25-34,False,True,False,False,False,True,False,False,False,False,True,False,False,False,False,False
24,female,Black,24.17490577697754,0.17490577697753906,18-24,True,False,False,True,False,False,False,False,False,True,False,False,False,False,False,False
5,male,Asian,6.515393257141113,1.5153932571411133,5-17,False,True,True,False,False,False,False,False,True,False,False,False,False,False,False,False
29,female,Black,24.693933486938477,4.306066513061523,25-34,True,False,False,True,False,False,False,False,False,False,True,False,False,False,False,False
1,female,White,1.003953218460083,0.003953218460083008,0-4,True,False,False,False,False,False,True,True,False,False,False,False,False,False,False,False
34,female,Black,28.555910110473633,5.444089889526367,25-34,True,False,False,True,False,False,False,False,False,False,True,False,False,False,False,False
39,male,White,48.10463333129883,9.104633331298828,35-44,False,True,False,False,False,False,True,False,False,False,False,True,False,False,False,False
1,male,Indian,5.190984725952148,4.190984725952148,0-4,False,True,False,False,True,False,False,True,False,False,False,False,False,False,False,False
28,female,White,27.02067756652832,0.9793224334716797,25-34,True,False,False,False,False,False,True,False,False,False,True,False,False,False,False,False
23,female,Black,22.607778549194336,0.39222145080566406,18-24,True,False,False,True,False,False,False,False,False,True,False,False,False,False,False,False
53,male,White,51.90614318847656,1.0938568115234375,45-64,False,True,False,False,False,False,True,False,False,False,False,False,True,False,False,False
1,male,Indian,1.6689037084579468,0.6689037084579468,0-4,False,True,False,False,True,False,False,True,False,False,False,False,False,False,False,False
55,male,Indian,49.836788177490234,5.163211822509766,45-64,False,True,False,False,True,False,False,False,False,False,False,False,True,False,False,False
74,male,White,63.14478302001953,10.855216979980469,65-84,False,True,False,False,False,False,True,False,False,False,False,False,False,True,False,False
34,male,Others,30.085927963256836,3.914072036743164,25-34,False,True,False,False,False,True,False,False,False,False,True,False,False,False,False,False
34,male,Indian,25.700504302978516,8.299495697021484,25-34,False,True,False,False,True,False,False,False,False,False,True,False,False,False,False,False
35,female,White,31.391942977905273,3.6080570220947266,35-44,True,False,False,False,False,False,True,False,False,False,False,True,False,False,False,False
46,female,Black,41.66532897949219,4.3346710205078125,45-64,True,False,False,True,False,False,False,False,False,False,False,False,True,False,False,False
35,male,Others,37.82014846801758,2.820148468017578,35-44,False,True,False,False,False,True,False,False,False,False,False,True,False,False,False,False
27,male,Black,23.07257652282715,3.9274234771728516,25-34,False,True,False,True,False,False,False,False,False,False,True,False,False,False,False,False
56,female,White,55.8621826171875,0.1378173828125,45-64,True,False,False,False,False,False,True,False,False,False,False,False,True,False,False,False
15,female,White,15.100675582885742,0.10067558288574219,5-17,True,False,False,False,False,False,True,False,True,False,False,False,False,False,False,False
2,male,Asian,1.0642691850662231,0.9357308149337769,0-4,False,True,True,False,False,False,False,True,False,False,False,False,False,False,False,False
26,male,Asian,27.78908348083496,1.789083480834961,25-34,False,True,True,False,False,False,False,False,False,False,True,False,False,False,False,False
34,male,White,28.212181091308594,5.787818908691406,25-34,False,True,False,False,False,False,True,False,False,False,True,False,False,False,False,False
27,female,Indian,26.85504722595215,0.14495277404785156,25-34,True,False,False,False,True,False,False,False,False,False,True,False,False,False,False,False
25,male,White,34.03179931640625,9.03179931640625,25-34,False,True,False,False,False,False,True,False,False,False,True,False,False,False,False,False
14,female,White,16.08052635192871,2.080526351928711,5-17,True,False,False,False,False,False,True,False,True,False,False,False,False,False,False,False
89,female,White,84.46185302734375,4.53814697265625,85-99,True,False,False,False,False,False,True,False,False,False,False,False,False,False,True,False
21,female,Black,25.85335350036621,4.853353500366211,18-24,True,False,False,True,False,False,False,False,False,True,False,False,False,False,False,False
32,male,Indian,30.047101974487305,1.9528980255126953,25-34,False,True,False,False,True,False,False,False,False,False,True,False,False,False,False,False
21,female,Others,24.032072067260742,3.032072067260742,18-24,True,False,False,False,False,True,False,False,False,True,False,False,False,False,False,False
35,female,Black,29.80824089050293,5.19175910949707,35-44,True,False,False,True,False,False,False,False,False,False,False,True,False,False,False,False
40,male,White,32.76655197143555,7.233448028564453,35-44,False,True,False,False,False,False,True,False,False,False,False,True,False,False,False,False
3,female,White,1.387925148010254,1.612074851989746,0-4,True,False,False,False,False,False,True,True,False,False,False,False,False,False,False,False
58,male,Asian,38.360191345214844,19.639808654785156,45-64,False,True,True,False,False,False,False,False,False,False,False,False,True,False,False,False
28,female,Asian,26.157712936401367,1.8422870635986328,25-34,True,False,True,False,False,False,False,False,False,False,True,False,False,False,False,False
21,male,Indian,24.88498878479004,3.884988784790039,18-24,False,True,False,False,True,False,False,False,False,True,False,False,False,False,False,False
56,male,White,51.40226364135742,4.597736358642578,45-64,False,True,False,False,False,False,True,False,False,False,False,False,True,False,False,False
22,male,Black,22.548097610473633,0.5480976104736328,18-24,False,True,False,True,False,False,False,False,False,True,False,False,False,False,False,False
38,male,White,37.174652099609375,0.825347900390625,35-44,False,True,False,False,False,False,True,False,False,False,False,True,False,False,False,False
41,male,Others,29.630720138549805,11.369279861450195,35-44,False,True,False,False,False,True,False,False,False,False,False,True,False,False,False,False
48,male,White,63.28103256225586,15.28103256225586,45-64,False,True,False,False,False,False,True,False,False,False,False,False,True,False,False,False
21,female,White,17.43532943725586,3.5646705627441406,18-24,True,False,False,False,False,False,True,False,False,True,False,False,False,False,False,False
54,male,White,49.667510986328125,4.332489013671875,45-64,False,True,False,False,False,False,True,False,False,False,False,False,True,False,False,False
10,female,White,6.467510223388672,3.532489776611328,5-17,True,False,False,False,False,False,True,False,True,False,False,False,False,False,False,False
23,female,Asian,24.118257522583008,1.1182575225830078,18-24,True,False,True,False,False,False,False,False,False,True,False,False,False,False,False,False
42,female,White,33.306884765625,8.693115234375,35-44,True,False,False,False,False,False,True,False,False,False,False,True,False,False,False,False
86,male,White,67.81969451904297,18.18030548095703,85-99,False,True,False,False,False,False,True,False,False,False,False,False,False,False,True,False
27,female,Indian,37.701904296875,10.701904296875,25-34,True,False,False,False,True,False,False,False,False,False,True,False,False,False,False,False
25,female,Indian,23.761674880981445,1.2383251190185547,25-34,True,False,False,False,True,False,False,False,False,False,True,False,False,False,False,False
28,female,Asian,27.8447208404541,0.15527915954589844,25-34,True,False,True,False,False,False,False,False,False,False,True,False,False,False,False,False
14,male,White,6.155667304992676,7.844332695007324,5-17,False,True,False,False,False,False,True,False,True,False,False,False,False,False,False,False
30,male,Black,17.688499450683594,12.311500549316406,25-34,False,True,False,True,False,False,False,False,False,False,True,False,False,False,False,False
21,female,Asian,19.742692947387695,1.2573070526123047,18-24,True,False,True,False,False,False,False,False,False,True,False,False,False,False,False,False
5,male,Asian,18.3022403717041,13.302240371704102,5-17,False,True,True,False,False,False,False,False,True,False,False,False,False,False,False,False
11,male,White,24.15535545349121,13.155355453491211,5-17,False,True,False,False,False,False,True,False,True,False,False,False,False,False,False,False
71,male,White,76.49482727050781,5.4948272705078125,65-84,False,True,False,False,False,False,True,False,False,False,False,False,False,True,False,False
45,male,Indian,33.95977020263672,11.040229797363281,45-64,False,True,False,False,True,False,False,False,False,False,False,False,True,False,False,False
18,female,White,11.458961486816406,6.541038513183594,18-24,True,False,False,False,False,False,True,False,False,True,False,False,False,False,False,False
23,male,Black,42.252281188964844,19.252281188964844,18-24,False,True,False,True,False,False,False,False,False,True,False,False,False,False,False,False
1,male,Asian,1.5961229801177979,0.5961229801177979,0-4,False,True,True,False,False,False,False,True,False,False,False,False,False,False,False,False
27,male,White,27.97002410888672,0.9700241088867188,25-34,False,True,False,False,False,False,True,False,False,False,True,False,False,False,False,False
16,male,White,31.560163497924805,15.560163497924805,5-17,False,True,False,False,False,False,True,False,True,False,False,False,False,False,False,False
31,male,Black,57.50071334838867,26.500713348388672,25-34,False,True,False,True,False,False,False,False,False,False,True,False,False,False,False,False
80,male,White,69.42206573486328,10.577934265136719,65-84,False,True,False,False,False,False,True,False,False,False,False,False,False,True,False,False
49,male,White,49.79481506347656,0.7948150634765625,45-64,False,True,False,False,False,False,True,False,False,False,False,False,True,False,False,False
25,male,Indian,26.970155715942383,1.9701557159423828,25-34,False,True,False,False,True,False,False,False,False,False,True,False,False,False,False,False
26,male,Black,25.47630500793457,0.5236949920654297,25-34,False,True,False,True,False,False,False,False,False,False,True,False,False,False,False,False
1,male,Indian,-0.32638517022132874,1.3263851702213287,0-4,False,True,False,False,True,False,False,True,False,False,False,False,False,False,False,False
13,male,White,14.132043838500977,1.1320438385009766,5-17,False,True,False,False,False,False,True,False,True,False,False,False,False,False,False,False
6,female,Indian,7.169869422912598,1.1698694229125977,5-17,True,False,False,False,True,False,False,False,True,False,False,False,False,False,False,False
31,male,Black,32.73289489746094,1.7328948974609375,25-34,False,True,False,True,False,False,False,False,False,False,True,False,False,False,False,False
26,male,Others,31.530874252319336,5.530874252319336,25-34,False,True,False,False,False,True,False,False,False,False,True,False,False,False,False,False
24,male,Black,28.85947608947754,4.859476089477539,18-24,False,True,False,True,False,False,False,False,False,True,False,False,False,False,False,False
27,male,Black,25.4454402923584,1.5545597076416016,25-34,False,True,False,True,False,False,False,False,False,False,True,False,False,False,False,False
38,female,White,46.21102523803711,8.21102523803711,35-44,True,False,False,False,False,False,True,False,False,False,False,True,False,False,False,False
27,female,Black,25.969499588012695,1.0305004119873047,25-34,True,False,False,True,False,False,False,False,False,False,True,False,False,False,False,False
28,female,Indian,24.525259017944336,3.474740982055664,25-34,True,False,False,False,True,False,False,False,False,False,True,False,False,False,False,False
21,female,Asian,20.09895896911621,0.9010410308837891,18-24,True,False,True,False,False,False,False,False,False,True,False,False,False,False,False,False
26,female,Indian,27.48097801208496,1.480978012084961,25-34,True,False,False,False,True,False,False,False,False,False,True,False,False,False,False,False
55,female,Indian,31.910043716430664,23.089956283569336,45-64,True,False,False,False,True,False,False,False,False,False,False,False,True,False,False,False
30,female,White,24.612613677978516,5.387386322021484,25-34,True,False,False,False,False,False,True,False,False,False,True,False,False,False,False,False
64,female,Black,34.118839263916016,29.881160736083984,45-64,True,False,False,True,False,False,False,False,False,False,False,False,True,False,False,False
44,male,Indian,39.224029541015625,4.775970458984375,35-44,False,True,False,False,True,False,False,False,False,False,False,True,False,False,False,False
31,male,Indian,34.71490478515625,3.71490478515625,25-34,False,True,False,False,True,False,False,False,False,False,True,False,False,False,False,False
28,female,Others,27.499786376953125,0.500213623046875,25-34,True,False,False,False,False,True,False,False,False,False,True,False,False,False,False,False
26,female,Indian,25.22773551940918,0.7722644805908203,25-34,True,False,False,False,True,False,False,False,False,False,True,False,False,False,False,False
8,female,Others,5.65708065032959,2.34291934967041,5-17,True,False,False,False,False,True,False,False,True,False,False,False,False,False,False,False
15,male,White,20.841882705688477,5.841882705688477,5-17,False,True,False,False,False,False,True,False,True,False,False,False,False,False,False,False
80,female,White,63.530540466308594,16.469459533691406,65-84,True,False,False,False,False,False,True,False,False,False,False,False,False,True,False,False
40,male,Black,49.94169616699219,9.941696166992188,35-44,False,True,False,True,False,False,False,False,False,False,False,True,False,False,False,False
62,male,White,59.187191009521484,2.8128089904785156,45-64,False,True,False,False,False,False,True,False,False,False,False,False,True,False,False,False
47,male,White,41.65211486816406,5.3478851318359375,45-64,False,True,False,False,False,False,True,False,False,False,False,False,True,False,False,False
40,male,White,29.25826644897461,10.74173355102539,35-44,False,True,False,False,False,False,True,False,False,False,False,True,False,False,False,False
47,male,White,58.47313690185547,11.473136901855469,45-64,False,True,False,False,False,False,True,False,False,False,False,False,True,False,False,False
36,male,Black,41.870994567871094,5.870994567871094,35-44,False,True,False,True,False,False,False,False,False,False,False,True,False,False,False,False
2,female,Indian,5.484976768493652,3.4849767684936523,0-4,True,False,False,False,True,False,False,True,False,False,False,False,False,False,False,False
9,male,White,15.424112319946289,6.424112319946289,5-17,False,True,False,False,False,False,True,False,True,False,False,False,False,False,False,False
5,female,Asian,3.6748476028442383,1.3251523971557617,5-17,True,False,True,False,False,False,False,False,True,False,False,False,False,False,False,False
26,female,Indian,24.258787155151367,1.7412128448486328,25-34,True,False,False,False,True,False,False,False,False,False,True,False,False,False,False,False
30,male,White,22.879796981811523,7.120203018188477,25-34,False,True,False,False,False,False,True,False,False,False,True,False,False,False,False,False
45,male,White,37.32162094116211,7.678379058837891,45-64,False,True,False,False,False,False,True,False,False,False,False,False,True,False,False,False
42,male,White,46.69743347167969,4.6974334716796875,35-44,False,True,False,False,False,False,True,False,False,False,False,True,False,False,False,False
39,female,White,49.19659423828125,10.19659423828125,35-44,True,False,False,False,False,False,True,False,False,False,False,True,False,False,False,False
34,male,Asian,33.761009216308594,0.23899078369140625,25-34,False,True,True,False,False,False,False,False,False,False,True,False,False,False,False,False
45,male,White,50.51750946044922,5.517509460449219,45-64,False,True,False,False,False,False,True,False,False,False,False,False,True,False,False,False
26,male,White,23.184179306030273,2.8158206939697266,25-34,False,True,False,False,False,False,True,False,False,False,True,False,False,False,False,False
86,female,White,60.693931579589844,25.306068420410156,85-99,True,False,False,False,False,False,True,False,False,False,False,False,False,False,True,False
27,male,Asian,34.05968475341797,7.059684753417969,25-34,False,True,True,False,False,False,False,False,False,False,True,False,False,False,False,False
35,male,White,34.77838897705078,0.22161102294921875,35-44,False,True,False,False,False,False,True,False,False,False,False,True,False,False,False,False
32,female,White,25.25044059753418,6.74955940246582,25-34,True,False,False,False,False,False,True,False,False,False,True,False,False,False,False,False
32,male,White,25.804349899291992,6.195650100708008,25-34,False,True,False,False,False,False,True,False,False,False,True,False,False,False,False,False
55,male,Black,55.006431579589844,0.00643157958984375,45-64,False,True,False,True,False,False,False,False,False,False,False,False,True,False,False,False
39,female,Black,28.634122848510742,10.365877151489258,35-44,True,False,False,True,False,False,False,False,False,False,False,True,False,False,False,False
26,male,Black,21.527786254882812,4.4722137451171875,25-34,False,True,False,True,False,False,False,False,False,False,True,False,False,False,False,False
1,female,Asian,0.8257593512535095,0.17424064874649048,0-4,True,False,True,False,False,False,False,True,False,False,False,False,False,False,False,False
48,male,Black,51.1219482421875,3.1219482421875,45-64,False,True,False,True,False,False,False,False,False,False,False,False,True,False,False,False
43,male,Black,31.33919906616211,11.66080093383789,35-44,False,True,False,True,False,False,False,False,False,False,False,True,False,False,False,False
40,male,White,39.45892333984375,0.54107666015625,35-44,False,True,False,False,False,False,True,False,False,False,False,True,False,False,False,False
13,female,White,13.996241569519043,0.996241569519043,5-17,True,False,False,False,False,False,True,False,True,False,False,False,False,False,False,False
32,female,Black,34.85673522949219,2.8567352294921875,25-34,True,False,False,True,False,False,False,False,False,False,True,False,False,False,False,False
55,male,Indian,29.97135353088379,25.02864646911621,45-64,False,True,False,False,True,False,False,False,False,False,False,False,True,False,False,False
17,female,Others,15.834900856018066,1.1650991439819336,5-17,True,False,False,False,False,True,False,False,True,False,False,False,False,False,False,False
43,female,White,49.7625846862793,6.762584686279297,35-44,True,False,False,False,False,False,True,False,False,False,False,True,False,False,False,False
16,male,White,18.37544059753418,2.3754405975341797,5-17,False,True,False,False,False,False,True,False,True,False,False,False,False,False,False,False
56,male,White,54.91234588623047,1.0876541137695312,45-64,False,True,False,False,False,False,True,False,False,False,False,False,True,False,False,False
64,male,White,74.05298614501953,10.052986145019531,45-64,False,True,False,False,False,False,True,False,False,False,False,False,True,False,False,False
1,female,Asian,-0.03990656137466431,1.0399065613746643,0-4,True,False,True,False,False,False,False,True,False,False,False,False,False,False,False,False
23,female,Black,28.196748733520508,5.196748733520508,18-24,True,False,False,True,False,False,False,False,False,True,False,False,False,False,False,False
35,male,White,24.049182891845703,10.950817108154297,35-44,False,True,False,False,False,False,True,False,False,False,False,True,False,False,False,False
65,male,White,68.47235107421875,3.47235107421875,65-84,False,True,False,False,False,False,True,False,False,False,False,False,False,True,False,False
5,female,Asian,6.780813217163086,1.780813217163086,5-17,True,False,True,False,False,False,False,False,True,False,False,False,False,False,False,False
25,female,White,22.22291374206543,2.7770862579345703,25-34,True,False,False,False,False,False,True,False,False,False,True,False,False,False,False,False
83,male,White,76.8313217163086,6.168678283691406,65-84,False,True,False,False,False,False,True,False,False,False,False,False,False,True,False,False
45,male,Others,44.750144958496094,0.24985504150390625,45-64,False,True,False,False,False,True,False,False,False,False,False,False,True,False,False,False
27,female,Asian,23.340238571166992,3.659761428833008,25-34,True,False,True,False,False,False,False,False,False,False,True,False,False,False,False,False
30,male,White,27.758371353149414,2.241628646850586,25-34,False,True,False,False,False,False,True,False,False,False,True,False,False,False,False,False
53,female,White,48.11586380004883,4.884136199951172,45-64,True,False,False,False,False,False,True,False,False,False,False,False,True,False,False,False
32,female,Black,18.193681716918945,13.806318283081055,25-34,True,False,False,True,False,False,False,False,False,False,True,False,False,False,False,False
5,female,Asian,5.829388618469238,0.8293886184692383,5-17,True,False,True,False,False,False,False,False,True,False,False,False,False,False,False,False
67,male,White,74.20917510986328,7.209175109863281,65-84,False,True,False,False,False,False,True,False,False,False,False,False,False,True,False,False
35,female,White,31.22736930847168,3.7726306915283203,35-44,True,False,False,False,False,False,True,False,False,False,False,True,False,False,False,False
55,male,White,36.60908508300781,18.390914916992188,45-64,False,True,False,False,False,False,True,False,False,False,False,False,True,False,False,False
65,female,White,69.90058135986328,4.900581359863281,65-84,True,False,False,False,False,False,True,False,False,False,False,False,False,True,False,False
3,male,Asian,1.195418357849121,1.804581642150879,0-4,False,True,True,False,False,False,False,True,False,False,False,False,False,False,False,False
40,male,Asian,52.383323669433594,12.383323669433594,35-44,False,True,True,False,False,False,False,False,False,False,False,True,False,False,False,False
28,female,Indian,25.258941650390625,2.741058349609375,25-34,True,False,False,False,True,False,False,False,False,False,True,False,False,False,False,False
24,female,Asian,26.226930618286133,2.226930618286133,18-24,True,False,True,False,False,False,False,False,False,True,False,False,False,False,False,False
60,female,Black,57.726497650146484,2.2735023498535156,45-64,True,False,False,True,False,False,False,False,False,False,False,False,True,False,False,False
26,female,Black,26.737001419067383,0.7370014190673828,25-34,True,False,False,True,False,False,False,False,False,False,True,False,False,False,False,False
2,female,White,4.0352349281311035,2.0352349281311035,0-4,True,False,False,False,False,False,True,True,False,False,False,False,False,False,False,False
22,female,Asian,24.576976776123047,2.576976776123047,18-24,True,False,True,False,False,False,False,False,False,True,False,False,False,False,False,False
1,female,Asian,1.4139078855514526,0.41390788555145264,0-4,True,False,True,False,False,False,False,True,False,False,False,False,False,False,False,False
1,female,White,0.9547991752624512,0.04520082473754883,0-4,True,False,False,False,False,False,True,True,False,False,False,False,False,False,False,False
1,male,White,2.5181612968444824,1.5181612968444824,0-4,False,True,False,False,False,False,True,True,False,False,False,False,False,False,False,False
88,male,White,67.8749008178711,20.125099182128906,85-99,False,True,False,False,False,False,True,False,False,False,False,False,False,False,True,False
17,male,Black,24.768415451049805,7.768415451049805,5-17,False,True,False,True,False,False,False,False,True,False,False,False,False,False,False,False
22,male,White,29.00950050354004,7.009500503540039,18-24,False,True,False,False,False,False,True,False,False,True,False,False,False,False,False,False
20,female,Indian,23.1023006439209,3.1023006439208984,18-24,True,False,False,False,True,False,False,False,False,True,False,False,False,False,False,False
1,male,Asian,4.049012184143066,3.0490121841430664,0-4,False,True,True,False,False,False,False,True,False,False,False,False,False,False,False,False
65,male,Indian,51.897300720214844,13.102699279785156,65-84,False,True,False,False,True,False,False,False,False,False,False,False,False,True,False,False
35,male,Asian,27.520750045776367,7.479249954223633,35-44,False,True,True,False,False,False,False,False,False,False,False,True,False,False,False,False
67,female,Black,66.4283218383789,0.5716781616210938,65-84,True,False,False,True,False,False,False,False,False,False,False,False,False,True,False,False
16,male,White,23.026348114013672,7.026348114013672,5-17,False,True,False,False,False,False,True,False,True,False,False,False,False,False,False,False
58,male,White,62.100563049316406,4.100563049316406,45-64,False,True,False,False,False,False,True,False,False,False,False,False,True,False,False,False
63,male,White,57.302650451660156,5.697349548339844,45-64,False,True,False,False,False,False,True,False,False,False,False,False,True,False,False,False
32,female,White,37.072166442871094,5.072166442871094,25-34,True,False,False,False,False,False,True,False,False,False,True,False,False,False,False,False
38,female,White,37.677215576171875,0.322784423828125,35-44,True,False,False,False,False,False,True,False,False,False,False,True,False,False,False,False
15,male,Others,27.84690284729004,12.846902847290039,5-17,False,True,False,False,False,True,False,False,True,False,False,False,False,False,False,False
25,female,White,29.282445907592773,4.282445907592773,25-34,True,False,False,False,False,False,True,False,False,False,True,False,False,False,False,False
54,male,Indian,52.58650588989258,1.4134941101074219,45-64,False,True,False,False,True,False,False,False,False,False,False,False,True,False,False,False
30,male,White,40.51798629760742,10.517986297607422,25-34,False,True,False,False,False,False,True,False,False,False,True,False,False,False,False,False
51,male,Indian,52.506202697753906,1.5062026977539062,45-64,False,True,False,False,True,False,False,False,False,False,False,False,True,False,False,False
53,male,White,40.957481384277344,12.042518615722656,45-64,False,True,False,False,False,False,True,False,False,False,False,False,True,False,False,False
5,female,Indian,4.908940315246582,0.09105968475341797,5-17,True,False,False,False,True,False,False,False,True,False,False,False,False,False,False,False
2,female,Asian,1.22903311252594,0.7709668874740601,0-4,True,False,True,False,False,False,False,True,False,False,False,False,False,False,False,False
27,male,White,31.172706604003906,4.172706604003906,25-34,False,True,False,False,False,False,True,False,False,False,True,False,False,False,False,False
34,male,White,29.384614944458008,4.615385055541992,25-34,False,True,False,False,False,False,True,False,False,False,True,False,False,False,False,False
26,male,Indian,32.353206634521484,6.353206634521484,25-34,False,True,False,False,True,False,False,False,False,False,True,False,False,False,False,False
6,female,White,4.922701358795166,1.077298641204834,5-17,True,False,False,False,False,False,True,False,True,False,False,False,False,False,False,False
26,female,Black,25.73857307434082,0.2614269256591797,25-34,True,False,False,True,False,False,False,False,False,False,True,False,False,False,False,False
35,female,Indian,24.953134536743164,10.046865463256836,35-44,True,False,False,False,True,False,False,False,False,False,False,True,False,False,False,False
53,female,White,69.28258514404297,16.28258514404297,45-64,True,False,False,False,False,False,True,False,False,False,False,False,True,False,False,False
30,male,Others,32.174476623535156,2.1744766235351562,25-34,False,True,False,False,False,True,False,False,False,False,True,False,False,False,False,False
2,female,Asian,0.3200845420360565,1.6799154579639435,0-4,True,False,True,False,False,False,False,True,False,False,False,False,False,False,False,False
18,female,White,30.291818618774414,12.291818618774414,18-24,True,False,False,False,False,False,True,False,False,True,False,False,False,False,False,False
22,female,Indian,27.197547912597656,5.197547912597656,18-24,True,False,False,False,True,False,False,False,False,True,False,False,False,False,False,False
53,male,White,51.93016815185547,1.0698318481445312,45-64,False,True,False,False,False,False,True,False,False,False,False,False,True,False,False,False
1,female,White,0.11312630772590637,0.8868736922740936,0-4,True,False,False,False,False,False,True,True,False,False,False,False,False,False,False,False
61,male,Indian,60.641197204589844,0.35880279541015625,45-64,False,True,False,False,True,False,False,False,False,False,False,False,True,False,False,False
6,female,Indian,2.510859966278076,3.489140033721924,5-17,True,False,False,False,True,False,False,False,True,False,False,False,False,False,False,False
35,female,Black,27.82754135131836,7.172458648681641,35-44,True,False,False,True,False,False,False,False,False,False,False,True,False,False,False,False
26,male,White,29.225221633911133,3.225221633911133,25-34,False,True,False,False,False,False,True,False,False,False,True,False,False,False,False,False
81,male,White,73.40869903564453,7.591300964355469,65-84,False,True,False,False,False,False,True,False,False,False,False,False,False,True,False,False
90,female,White,86.63383483886719,3.3661651611328125,85-99,True,False,False,False,False,False,True,False,False,False,False,False,False,False,True,False
26,female,Black,31.52934455871582,5.52934455871582,25-34,True,False,False,True,False,False,False,False,False,False,True,False,False,False,False,False
30,male,White,27.765033721923828,2.234966278076172,25-34,False,True,False,False,False,False,True,False,False,False,True,False,False,False,False,False
31,female,White,33.92350769042969,2.9235076904296875,25-34,True,False,False,False,False,False,True,False,False,False,True,False,False,False,False,False
70,female,White,68.63892364501953,1.3610763549804688,65-84,True,False,False,False,False,False,True,False,False,False,False,False,False,True,False,False
32,male,Asian,29.380950927734375,2.619049072265625,25-34,False,True,True,False,False,False,False,False,False,False,True,False,False,False,False,False
16,female,White,15.385126113891602,0.6148738861083984,5-17,True,False,False,False,False,False,True,False,True,False,False,False,False,False,False,False
52,male,White,50.06481170654297,1.9351882934570312,45-64,False,True,False,False,False,False,True,False,False,False,False,False,True,False,False,False
16,male,White,26.483821868896484,10.483821868896484,5-17,False,True,False,False,False,False,True,False,True,False,False,False,False,False,False,False
26,female,Black,32.9088249206543,6.908824920654297,25-34,True,False,False,True,False,False,False,False,False,False,True,False,False,False,False,False
41,male,Black,37.46324157714844,3.5367584228515625,35-44,False,True,False,True,False,False,False,False,False,False,False,True,False,False,False,False
5,female,White,3.5283889770507812,1.4716110229492188,5-17,True,False,False,False,False,False,True,False,True,False,False,False,False,False,False,False
2,male,Others,1.7905703783035278,0.20942962169647217,0-4,False,True,False,False,False,True,False,True,False,False,False,False,False,False,False,False
26,male,Indian,23.248315811157227,2.7516841888427734,25-34,False,True,False,False,True,False,False,False,False,False,True,False,False,False,False,False
2,female,Black,1.6298084259033203,0.3701915740966797,0-4,True,False,False,True,False,False,False,True,False,False,False,False,False,False,False,False
34,female,Black,28.783187866210938,5.2168121337890625,25-34,True,False,False,True,False,False,False,False,False,False,True,False,False,False,False,False
26,female,Black,31.85028648376465,5.850286483764648,25-34,True,False,False,True,False,False,False,False,False,False,True,False,False,False,False,False
35,female,Asian,28.029157638549805,6.970842361450195,35-44,True,False,True,False,False,False,False,False,False,False,False,True,False,False,False,False
53,male,White,56.56798553466797,3.5679855346679688,45-64,False,True,False,False,False,False,True,False,False,False,False,False,True,False,False,False
26,female,Black,20.98845863342285,5.011541366577148,25-34,True,False,False,True,False,False,False,False,False,False,True,False,False,False,False,False
1,male,Asian,5.638879776000977,4.638879776000977,0-4,False,True,True,False,False,False,False,True,False,False,False,False,False,False,False,False
80,male,White,62.29576110839844,17.704238891601562,65-84,False,True,False,False,False,False,True,False,False,False,False,False,False,True,False,False
52,male,White,55.77165985107422,3.7716598510742188,45-64,False,True,False,False,False,False,True,False,False,False,False,False,True,False,False,False
20,female,Asian,20.00730323791504,0.0073032379150390625,18-24,True,False,True,False,False,False,False,False,False,True,False,False,False,False,False,False
45,male,Indian,47.84996032714844,2.8499603271484375,45-64,False,True,False,False,True,False,False,False,False,False,False,False,True,False,False,False
1,male,Indian,1.8351753950119019,0.8351753950119019,0-4,False,True,False,False,True,False,False,True,False,False,False,False,False,False,False,False
64,male,Asian,59.47758865356445,4.522411346435547,45-64,False,True,True,False,False,False,False,False,False,False,False,False,True,False,False,False
55,male,Indian,50.40650939941406,4.5934906005859375,45-64,False,True,False,False,True,False,False,False,False,False,False,False,True,False,False,False
1,female,Asian,0.008685978129506111,0.9913140218704939,0-4,True,False,True,False,False,False,False,True,False,False,False,False,False,False,False,False
24,male,Black,21.669321060180664,2.330678939819336,18-24,False,True,False,True,False,False,False,False,False,True,False,False,False,False,False,False
7,female,Others,15.461337089538574,8.461337089538574,5-17,True,False,False,False,False,True,False,False,True,False,False,False,False,False,False,False
29,female,Indian,25.59139060974121,3.408609390258789,25-34,True,False,False,False,True,False,False,False,False,False,True,False,False,False,False,False
26,female,Black,29.5360164642334,3.5360164642333984,25-34,True,False,False,True,False,False,False,False,False,False,True,False,False,False,False,False
54,male,White,53.32278060913086,0.6772193908691406,45-64,False,True,False,False,False,False,True,False,False,False,False,False,True,False,False,False
35,male,White,31.798748016357422,3.201251983642578,35-44,False,True,False,False,False,False,True,False,False,False,False,True,False,False,False,False
27,male,White,43.834022521972656,16.834022521972656,25-34,False,True,False,False,False,False,True,False,False,False,True,False,False,False,False,False
3,male,Others,0.946422278881073,2.053577721118927,0-4,False,True,False,False,False,True,False,True,False,False,False,False,False,False,False,False
28,male,Black,33.96765899658203,5.967658996582031,25-34,False,True,False,True,False,False,False,False,False,False,True,False,False,False,False,False
1,female,White,1.0228077173233032,0.022807717323303223,0-4,True,False,False,False,False,False,True,True,False,False,False,False,False,False,False,False
42,male,White,45.398780822753906,3.3987808227539062,35-44,False,True,False,False,False,False,True,False,False,False,False,True,False,False,False,False
25,male,White,27.978761672973633,2.978761672973633,25-34,False,True,False,False,False,False,True,False,False,False,True,False,False,False,False,False
18,female,Others,28.79787826538086,10.79787826538086,18-24,True,False,False,False,False,True,False,False,False,True,False,False,False,False,False,False
47,female,White,31.211484909057617,15.788515090942383,45-64,True,False,False,False,False,False,True,False,False,False,False,False,True,False,False,False
28,female,White,36.68812561035156,8.688125610351562,25-34,True,False,False,False,False,False,True,False,False,False,True,False,False,False,False,False
31,female,Indian,25.140422821044922,5.859577178955078,25-34,True,False,False,False,True,False,False,False,False,False,True,False,False,False,False,False
19,male,Black,24.797119140625,5.797119140625,18-24,False,True,False,True,False,False,False,False,False,True,False,False,False,False,False,False
42,male,Black,35.009605407714844,6.990394592285156,35-44,False,True,False,True,False,False,False,False,False,False,False,True,False,False,False,False
53,male,White,60.68632888793945,7.686328887939453,45-64,False,True,False,False,False,False,True,False,False,False,False,False,True,False,False,False
30,male,White,30.25333595275879,0.25333595275878906,25-34,False,True,False,False,False,False,True,False,False,False,True,False,False,False,False,False
29,male,White,33.400657653808594,4.400657653808594,25-34,False,True,False,False,False,False,True,False,False,False,True,False,False,False,False,False
30,female,White,34.542972564697266,4.542972564697266,25-34,True,False,False,False,False,False,True,False,False,False,True,False,False,False,False,False
26,male,Black,36.56622314453125,10.56622314453125,25-34,False,True,False,True,False,False,False,False,False,False,True,False,False,False,False,False
26,male,White,22.5426025390625,3.4573974609375,25-34,False,True,False,False,False,False,True,False,False,False,True,False,False,False,False,False
20,female,White,16.432741165161133,3.567258834838867,18-24,True,False,False,False,False,False,True,False,False,True,False,False,False,False,False,False
37,female,White,47.400184631347656,10.400184631347656,35-44,True,False,False,False,False,False,True,False,False,False,False,True,False,False,False,False
58,female,White,57.42226028442383,0.5777397155761719,45-64,True,False,False,False,False,False,True,False,False,False,False,False,True,False,False,False
48,male,Indian,48.14799118041992,0.14799118041992188,45-64,False,True,False,False,True,False,False,False,False,False,False,False,True,False,False,False
23,female,White,23.574920654296875,0.574920654296875,18-24,True,False,False,False,False,False,True,False,False,True,False,False,False,False,False,False
54,male,White,55.88803482055664,1.8880348205566406,45-64,False,True,False,False,False,False,True,False,False,False,False,False,True,False,False,False
39,male,White,50.61864471435547,11.618644714355469,35-44,False,True,False,False,False,False,True,False,False,False,False,True,False,False,False,False
1,male,Others,26.136560440063477,25.136560440063477,0-4,False,True,False,False,False,True,False,True,False,False,False,False,False,False,False,False
10,female,White,4.212471008300781,5.787528991699219,5-17,True,False,False,False,False,False,True,False,True,False,False,False,False,False,False,False
29,female,Black,24.434066772460938,4.5659332275390625,25-34,True,False,False,True,False,False,False,False,False,False,True,False,False,False,False,False
10,female,Black,13.310297012329102,3.3102970123291016,5-17,True,False,False,True,False,False,False,False,True,False,False,False,False,False,False,False
26,female,Indian,29.613866806030273,3.6138668060302734,25-34,True,False,False,False,True,False,False,False,False,False,True,False,False,False,False,False
75,male,Indian,76.80607604980469,1.8060760498046875,65-84,False,True,False,False,True,False,False,False,False,False,False,False,False,True,False,False
24,female,Asian,19.089536666870117,4.910463333129883,18-24,True,False,True,False,False,False,False,False,False,True,False,False,False,False,False,False
57,female,White,32.260658264160156,24.739341735839844,45-64,True,False,False,False,False,False,True,False,False,False,False,False,True,False,False,False
48,female,White,42.421058654785156,5.578941345214844,45-64,True,False,False,False,False,False,True,False,False,False,False,False,True,False,False,False
50,male,Others,40.20606231689453,9.793937683105469,45-64,False,True,False,False,False,True,False,False,False,False,False,False,True,False,False,False
50,male,White,55.46238708496094,5.4623870849609375,45-64,False,True,False,False,False,False,True,False,False,False,False,False,True,False,False,False
54,male,Indian,58.56184768676758,4.561847686767578,45-64,False,True,False,False,True,False,False,False,False,False,False,False,True,False,False,False
36,male,Black,29.678680419921875,6.321319580078125,35-44,False,True,False,True,False,False,False,False,False,False,False,True,False,False,False,False
5,female,Asian,2.0203304290771484,2.9796695709228516,5-17,True,False,True,False,False,False,False,False,True,False,False,False,False,False,False,False
15,female,White,21.765031814575195,6.765031814575195,5-17,True,False,False,False,False,False,True,False,True,False,False,False,False,False,False,False
2,female,Asian,0.03725564479827881,1.9627443552017212,0-4,True,False,True,False,False,False,False,True,False,False,False,False,False,False,False,False
56,male,Indian,38.155235290527344,17.844764709472656,45-64,False,True,False,False,True,False,False,False,False,False,False,False,True,False,False,False
40,male,White,52.15862274169922,12.158622741699219,35-44,False,True,False,False,False,False,True,False,False,False,False,True,False,False,False,False
27,male,Black,25.934389114379883,1.0656108856201172,25-34,False,True,False,True,False,False,False,False,False,False,True,False,False,False,False,False
23,female,Asian,24.384944915771484,1.3849449157714844,18-24,True,False,True,False,False,False,False,False,False,True,False,False,False,False,False,False
28,male,White,24.21632194519043,3.7836780548095703,25-34,False,True,False,False,False,False,True,False,False,False,True,False,False,False,False,False
1,male,Asian,0.7515950798988342,0.24840492010116577,0-4,False,True,True,False,False,False,False,True,False,False,False,False,False,False,False,False
25,female,Asian,25.05512809753418,0.05512809753417969,25-34,True,False,True,False,False,False,False,False,False,False,True,False,False,False,False,False
28,male,Asian,27.55074119567871,0.44925880432128906,25-34,False,True,True,False,False,False,False,False,False,False,True,False,False,False,False,False
18,female,Indian,28.76395034790039,10.76395034790039,18-24,True,False,False,False,True,False,False,False,False,True,False,False,False,False,False,False
32,female,White,39.30657196044922,7.306571960449219,25-34,True,False,False,False,False,False,True,False,False,False,True,False,False,False,False,False
36,male,White,44.123958587646484,8.123958587646484,35-44,False,True,False,False,False,False,True,False,False,False,False,True,False,False,False,False
56,female,White,27.59670066833496,28.40329933166504,45-64,True,False,False,False,False,False,True,False,False,False,False,False,True,False,False,False
60,male,Indian,48.246185302734375,11.753814697265625,45-64,False,True,False,False,True,False,False,False,False,False,False,False,True,False,False,False
23,male,Indian,27.6507568359375,4.6507568359375,18-24,False,True,False,False,True,False,False,False,False,True,False,False,False,False,False,False
34,male,Black,29.110647201538086,4.889352798461914,25-34,False,True,False,True,False,False,False,False,False,False,True,False,False,False,False,False
84,male,Black,76.84180450439453,7.158195495605469,65-84,False,True,False,True,False,False,False,False,False,False,False,False,False,True,False,False
53,female,White,29.977678298950195,23.022321701049805,45-64,True,False,False,False,False,False,True,False,False,False,False,False,True,False,False,False
32,male,Asian,28.165803909301758,3.834196090698242,25-34,False,True,True,False,False,False,False,False,False,False,True,False,False,False,False,False
9,male,White,7.0647501945495605,1.9352498054504395,5-17,False,True,False,False,False,False,True,False,True,False,False,False,False,False,False,False
10,male,White,20.88188362121582,10.88188362121582,5-17,False,True,False,False,False,False,True,False,True,False,False,False,False,False,False,False
22,female,Black,26.640541076660156,4.640541076660156,18-24,True,False,False,True,False,False,False,False,False,True,False,False,False,False,False,False
73,female,White,66.14412689208984,6.855873107910156,65-84,True,False,False,False,False,False,True,False,False,False,False,False,False,True,False,False
29,female,Black,24.683391571044922,4.316608428955078,25-34,True,False,False,True,False,False,False,False,False,False,True,False,False,False,False,False
27,male,Black,30.67118263244629,3.671182632446289,25-34,False,True,False,True,False,False,False,False,False,False,True,False,False,False,False,False
37,female,White,37.39847946166992,0.3984794616699219,35-44,True,False,False,False,False,False,True,False,False,False,False,True,False,False,False,False
4,female,Asian,4.145679950714111,0.14567995071411133,0-4,True,False,True,False,False,False,False,True,False,False,False,False,False,False,False,False
67,female,Indian,50.31077194213867,16.689228057861328,65-84,True,False,False,False,True,False,False,False,False,False,False,False,False,True,False,False
32,male,White,26.42879295349121,5.571207046508789,25-34,False,True,False,False,False,False,True,False,False,False,True,False,False,False,False,False
30,female,White,36.095542907714844,6.095542907714844,25-34,True,False,False,False,False,False,True,False,False,False,True,False,False,False,False,False
29,male,Black,26.3984432220459,2.6015567779541016,25-34,False,True,False,True,False,False,False,False,False,False,True,False,False,False,False,False
35,female,Black,27.451967239379883,7.548032760620117,35-44,True,False,False,True,False,False,False,False,False,False,False,True,False,False,False,False
6,female,Black,4.317070007324219,1.6829299926757812,5-17,True,False,False,True,False,False,False,False,True,False,False,False,False,False,False,False
3,male,White,2.194695472717285,0.8053045272827148,0-4,False,True,False,False,False,False,True,True,False,False,False,False,False,False,False,False
28,female,White,26.46769142150879,1.532308578491211,25-34,True,False,False,False,False,False,True,False,False,False,True,False,False,False,False,False
28,male,Black,38.54267501831055,10.542675018310547,25-34,False,True,False,True,False,False,False,False,False,False,True,False,False,False,False,False
36,female,White,22.944002151489258,13.055997848510742,35-44,True,False,False,False,False,False,True,False,False,False,False,True,False,False,False,False
24,female,Asian,26.47502326965332,2.4750232696533203,18-24,True,False,True,False,False,False,False,False,False,True,False,False,False,False,False,False
25,female,Black,26.794511795043945,1.7945117950439453,25-34,True,False,False,True,False,False,False,False,False,False,True,False,False,False,False,False
31,male,Black,35.278907775878906,4.278907775878906,25-34,False,True,False,True,False,False,False,False,False,False,True,False,False,False,False,False
53,female,White,43.723262786865234,9.276737213134766,45-64,True,False,False,False,False,False,True,False,False,False,False,False,True,False,False,False
39,male,Indian,46.50897216796875,7.50897216796875,35-44,False,True,False,False,True,False,False,False,False,False,False,True,False,False,False,False
58,male,Indian,51.84819030761719,6.1518096923828125,45-64,False,True,False,False,True,False,False,False,False,False,False,False,True,False,False,False
45,female,White,41.66510009765625,3.33489990234375,45-64,True,False,False,False,False,False,True,False,False,False,False,False,True,False,False,False
34,female,Black,26.042926788330078,7.957073211669922,25-34,True,False,False,True,False,False,False,False,False,False,True,False,False,False,False,False
4,female,Asian,2.6659395694732666,1.3340604305267334,0-4,True,False,True,False,False,False,False,True,False,False,False,False,False,False,False,False
25,male,Indian,42.88800811767578,17.88800811767578,25-34,False,True,False,False,True,False,False,False,False,False,True,False,False,False,False,False
53,female,Black,45.98900604248047,7.010993957519531,45-64,True,False,False,True,False,False,False,False,False,False,False,False,True,False,False,False
36,female,Indian,29.10745620727539,6.892543792724609,35-44,True,False,False,False,True,False,False,False,False,False,False,True,False,False,False,False
28,female,Asian,23.37884521484375,4.62115478515625,25-34,True,False,True,False,False,False,False,False,False,False,True,False,False,False,False,False
35,female,White,23.944881439208984,11.055118560791016,35-44,True,False,False,False,False,False,True,False,False,False,False,True,False,False,False,False
14,female,Indian,16.676984786987305,2.6769847869873047,5-17,True,False,False,False,True,False,False,False,True,False,False,False,False,False,False,False
35,female,White,32.934120178222656,2.0658798217773438,35-44,True,False,False,False,False,False,True,False,False,False,False,True,False,False,False,False
24,male,Black,26.591657638549805,2.5916576385498047,18-24,False,True,False,True,False,False,False,False,False,True,False,False,False,False,False,False
22,female,Black,23.88823127746582,1.8882312774658203,18-24,True,False,False,True,False,False,False,False,False,True,False,False,False,False,False,False
66,male,Indian,58.021629333496094,7.978370666503906,65-84,False,True,False,False,True,False,False,False,False,False,False,False,False,True,False,False
27,female,Asian,24.05024528503418,2.9497547149658203,25-34,True,False,True,False,False,False,False,False,False,False,True,False,False,False,False,False
24,female,Asian,25.92899513244629,1.928995132446289,18-24,True,False,True,False,False,False,False,False,False,True,False,False,False,False,False,False
28,female,Black,31.0889892578125,3.0889892578125,25-34,True,False,False,True,False,False,False,False,False,False,True,False,False,False,False,False
46,male,White,43.107975006103516,2.8920249938964844,45-64,False,True,False,False,False,False,True,False,False,False,False,False,True,False,False,False
28,male,White,28.814512252807617,0.8145122528076172,25-34,False,True,False,False,False,False,True,False,False,False,True,False,False,False,False,False
33,female,White,35.663841247558594,2.6638412475585938,25-34,True,False,False,False,False,False,True,False,False,False,True,False,False,False,False,False
49,male,Indian,45.053314208984375,3.946685791015625,45-64,False,True,False,False,True,False,False,False,False,False,False,False,True,False,False,False
9,male,White,6.22409725189209,2.77590274810791,5-17,False,True,False,False,False,False,True,False,True,False,False,False,False,False,False,False
9,male,Black,19.67534637451172,10.675346374511719,5-17,False,True,False,True,False,False,False,False,True,False,False,False,False,False,False,False
26,male,Black,46.31016540527344,20.310165405273438,25-34,False,True,False,True,False,False,False,False,False,False,True,False,False,False,False,False
55,male,Indian,38.441192626953125,16.558807373046875,45-64,False,True,False,False,True,False,False,False,False,False,False,False,True,False,False,False
30,female,White,26.162090301513672,3.837909698486328,25-34,True,False,False,False,False,False,True,False,False,False,True,False,False,False,False,False
71,male,White,65.08821105957031,5.9117889404296875,65-84,False,True,False,False,False,False,True,False,False,False,False,False,False,True,False,False
21,female,Black,15.336692810058594,5.663307189941406,18-24,True,False,False,True,False,False,False,False,False,True,False,False,False,False,False,False
30,male,Asian,27.851484298706055,2.1485157012939453,25-34,False,True,True,False,False,False,False,False,False,False,True,False,False,False,False,False
32,male,White,39.3416748046875,7.3416748046875,25-34,False,True,False,False,False,False,True,False,False,False,True,False,False,False,False,False
26,female,White,29.122468948364258,3.122468948364258,25-34,True,False,False,False,False,False,True,False,False,False,True,False,False,False,False,False
54,male,White,53.207908630371094,0.7920913696289062,45-64,False,True,False,False,False,False,True,False,False,False,False,False,True,False,False,False
28,female,Black,26.349130630493164,1.650869369506836,25-34,True,False,False,True,False,False,False,False,False,False,True,False,False,False,False,False
55,male,Indian,46.96925354003906,8.030746459960938,45-64,False,True,False,False,True,False,False,False,False,False,False,False,True,False,False,False
7,male,White,4.51971435546875,2.48028564453125,5-17,False,True,False,False,False,False,True,False,True,False,False,False,False,False,False,False
1,male,White,0.9136828184127808,0.08631718158721924,0-4,False,True,False,False,False,False,True,True,False,False,False,False,False,False,False,False
30,male,White,23.191146850585938,6.8088531494140625,25-34,False,True,False,False,False,False,True,False,False,False,True,False,False,False,False,False
66,female,White,50.578208923339844,15.421791076660156,65-84,True,False,False,False,False,False,True,False,False,False,False,False,False,True,False,False
62,female,White,67.47503662109375,5.47503662109375,45-64,True,False,False,False,False,False,True,False,False,False,False,False,True,False,False,False
45,male,White,49.54194641113281,4.5419464111328125,45-64,False,True,False,False,False,False,True,False,False,False,False,False,True,False,False,False
49,female,White,46.099952697753906,2.9000473022460938,45-64,True,False,False,False,False,False,True,False,False,False,False,False,True,False,False,False
38,female,Indian,26.459054946899414,11.540945053100586,35-44,True,False,False,False,True,False,False,False,False,False,False,True,False,False,False,False
2,female,White,4.811204433441162,2.811204433441162,0-4,True,False,False,False,False,False,True,True,False,False,False,False,False,False,False,False
26,male,White,34.402076721191406,8.402076721191406,25-34,False,True,False,False,False,False,True,False,False,False,True,False,False,False,False,False
26,female,Indian,24.745431900024414,1.254568099975586,25-34,True,False,False,False,True,False,False,False,False,False,True,False,False,False,False,False
28,female,White,33.28770065307617,5.287700653076172,25-34,True,False,False,False,False,False,True,False,False,False,True,False,False,False,False,False
25,female,Asian,22.041383743286133,2.958616256713867,25-34,True,False,True,False,False,False,False,False,False,False,True,False,False,False,False,False
28,female,White,42.44839096069336,14.44839096069336,25-34,True,False,False,False,False,False,True,False,False,False,True,False,False,False,False,False
36,female,White,32.83196258544922,3.1680374145507812,35-44,True,False,False,False,False,False,True,False,False,False,False,True,False,False,False,False
75,female,White,70.15333557128906,4.8466644287109375,65-84,True,False,False,False,False,False,True,False,False,False,False,False,False,True,False,False
34,female,Black,29.631505966186523,4.368494033813477,25-34,True,False,False,True,False,False,False,False,False,False,True,False,False,False,False,False
29,female,White,17.461339950561523,11.538660049438477,25-34,True,False,False,False,False,False,True,False,False,False,True,False,False,False,False,False
6,female,Others,3.2038607597351074,2.7961392402648926,5-17,True,False,False,False,False,True,False,False,True,False,False,False,False,False,False,False
42,male,Indian,52.11228561401367,10.112285614013672,35-44,False,True,False,False,True,False,False,False,False,False,False,True,False,False,False,False
6,female,White,3.899726629257202,2.100273370742798,5-17,True,False,False,False,False,False,True,False,True,False,False,False,False,False,False,False
58,male,Indian,57.28057098388672,0.7194290161132812,45-64,False,True,False,False,True,False,False,False,False,False,False,False,True,False,False,False
24,male,Black,23.053232192993164,0.9467678070068359,18-24,False,True,False,True,False,False,False,False,False,True,False,False,False,False,False,False
1,female,Asian,0.36691534519195557,0.6330846548080444,0-4,True,False,True,False,False,False,False,True,False,False,False,False,False,False,False,False
32,female,White,24.910961151123047,7.089038848876953,25-34,True,False,False,False,False,False,True,False,False,False,True,False,False,False,False,False
18,female,White,23.226125717163086,5.226125717163086,18-24,True,False,False,False,False,False,True,False,False,True,False,False,False,False,False,False
1,female,White,-0.22912222146987915,1.2291222214698792,0-4,True,False,False,False,False,False,True,True,False,False,False,False,False,False,False,False
25,female,Asian,31.43449592590332,6.43449592590332,25-34,True,False,True,False,False,False,False,False,False,False,True,False,False,False,False,False
12,female,White,13.310979843139648,1.3109798431396484,5-17,True,False,False,False,False,False,True,False,True,False,False,False,False,False,False,False
3,female,White,2.705902576446533,0.2940974235534668,0-4,True,False,False,False,False,False,True,True,False,False,False,False,False,False,False,False
48,male,Black,49.13429641723633,1.1342964172363281,45-64,False,True,False,True,False,False,False,False,False,False,False,False,True,False,False,False
86,male,Asian,55.809181213378906,30.190818786621094,85-99,False,True,True,False,False,False,False,False,False,False,False,False,False,False,True,False
56,female,Black,36.240333557128906,19.759666442871094,45-64,True,False,False,True,False,False,False,False,False,False,False,False,True,False,False,False
85,male,White,74.2881088256836,10.711891174316406,85-99,False,True,False,False,False,False,True,False,False,False,False,False,False,False,True,False
35,male,Indian,14.244638442993164,20.755361557006836,35-44,False,True,False,False,True,False,False,False,False,False,False,True,False,False,False,False
25,male,Black,26.414445877075195,1.4144458770751953,25-34,False,True,False,True,False,False,False,False,False,False,True,False,False,False,False,False
53,male,White,63.906036376953125,10.906036376953125,45-64,False,True,False,False,False,False,True,False,False,False,False,False,True,False,False,False
1,male,Others,3.431551933288574,2.431551933288574,0-4,False,True,False,False,False,True,False,True,False,False,False,False,False,False,False,False
29,female,Black,25.953664779663086,3.046335220336914,25-34,True,False,False,True,False,False,False,False,False,False,True,False,False,False,False,False
18,female,Others,21.151262283325195,3.1512622833251953,18-24,True,False,False,False,False,True,False,False,False,True,False,False,False,False,False,False
31,female,Black,26.905607223510742,4.094392776489258,25-34,True,False,False,True,False,False,False,False,False,False,True,False,False,False,False,False
26,male,White,29.605653762817383,3.605653762817383,25-34,False,True,False,False,False,False,True,False,False,False,True,False,False,False,False,False
30,male,White,31.489744186401367,1.4897441864013672,25-34,False,True,False,False,False,False,True,False,False,False,True,False,False,False,False,False
24,female,Black,26.205568313598633,2.205568313598633,18-24,True,False,False,True,False,False,False,False,False,True,False,False,False,False,False,False
24,male,Black,25.88978385925293,1.8897838592529297,18-24,False,True,False,True,False,False,False,False,False,True,False,False,False,False,False,False
55,male,White,46.031551361083984,8.968448638916016,45-64,False,True,False,False,False,False,True,False,False,False,False,False,True,False,False,False
42,female,Black,29.904438018798828,12.095561981201172,35-44,True,False,False,True,False,False,False,False,False,False,False,True,False,False,False,False
43,male,White,52.74427032470703,9.744270324707031,35-44,False,True,False,False,False,False,True,False,False,False,False,True,False,False,False,False
28,male,Black,26.280134201049805,1.7198657989501953,25-34,False,True,False,True,False,False,False,False,False,False,True,False,False,False,False,False
28,female,Asian,23.035634994506836,4.964365005493164,25-34,True,False,True,False,False,False,False,False,False,False,True,False,False,False,False,False
26,male,Black,26.74555778503418,0.7455577850341797,25-34,False,True,False,True,False,False,False,False,False,False,True,False,False,False,False,False
26,female,White,19.997461318969727,6.002538681030273,25-34,True,False,False,False,False,False,True,False,False,False,True,False,False,False,False,False
57,male,Indian,61.85334396362305,4.853343963623047,45-64,False,True,False,False,True,False,False,False,False,False,False,False,True,False,False,False
28,male,Indian,23.9732723236084,4.026727676391602,25-34,False,True,False,False,True,False,False,False,False,False,True,False,False,False,False,False
29,female,Asian,25.097501754760742,3.902498245239258,25-34,True,False,True,False,False,False,False,False,False,False,True,False,False,False,False,False
1,female,White,2.9235572814941406,1.9235572814941406,0-4,True,False,False,False,False,False,True,True,False,False,False,False,False,False,False,False
54,male,White,30.346437454223633,23.653562545776367,45-64,False,True,False,False,False,False,True,False,False,False,False,False,True,False,False,False
65,male,Indian,48.10748291015625,16.89251708984375,65-84,False,True,False,False,True,False,False,False,False,False,False,False,False,True,False,False
26,male,Indian,27.83854866027832,1.8385486602783203,25-34,False,True,False,False,True,False,False,False,False,False,True,False,False,False,False,False
18,female,Others,18.647008895874023,0.6470088958740234,18-24,True,False,False,False,False,True,False,False,False,True,False,False,False,False,False,False
25,female,Black,28.129079818725586,3.129079818725586,25-34,True,False,False,True,False,False,False,False,False,False,True,False,False,False,False,False
20,female,Indian,19.15889549255371,0.8411045074462891,18-24,True,False,False,False,True,False,False,False,False,True,False,False,False,False,False,False
24,female,Others,27.544858932495117,3.544858932495117,18-24,True,False,False,False,False,True,False,False,False,True,False,False,False,False,False,False
30,female,Indian,22.85199546813965,7.148004531860352,25-34,True,False,False,False,True,False,False,False,False,False,True,False,False,False,False,False
60,female,Indian,46.54077911376953,13.459220886230469,45-64,True,False,False,False,True,False,False,False,False,False,False,False,True,False,False,False
63,male,White,61.896209716796875,1.103790283203125,45-64,False,True,False,False,False,False,True,False,False,False,False,False,True,False,False,False
50,female,Asian,40.753578186035156,9.246421813964844,45-64,True,False,True,False,False,False,False,False,False,False,False,False,True,False,False,False
28,female,Others,28.007116317749023,0.0071163177490234375,25-34,True,False,False,False,False,True,False,False,False,False,True,False,False,False,False,False
9,female,Indian,20.2841854095459,11.284185409545898,5-17,True,False,False,False,True,False,False,False,True,False,False,False,False,False,False,False
5,male,Indian,5.166608810424805,0.1666088104248047,5-17,False,True,False,False,True,False,False,False,True,False,False,False,False,False,False,False
50,male,Asian,46.4736213684082,3.526378631591797,45-64,False,True,True,False,False,False,False,False,False,False,False,False,True,False,False,False
60,male,White,48.89018249511719,11.109817504882812,45-64,False,True,False,False,False,False,True,False,False,False,False,False,True,False,False,False
38,female,White,30.379180908203125,7.620819091796875,35-44,True,False,False,False,False,False,True,False,False,False,False,True,False,False,False,False
21,female,White,24.69269561767578,3.6926956176757812,18-24,True,False,False,False,False,False,True,False,False,True,False,False,False,False,False,False
56,female,White,47.152923583984375,8.847076416015625,45-64,True,False,False,False,False,False,True,False,False,False,False,False,True,False,False,False
26,female,Asian,25.895002365112305,0.10499763488769531,25-34,True,False,True,False,False,False,False,False,False,False,True,False,False,False,False,False
4,male,White,6.154179573059082,2.154179573059082,0-4,False,True,False,False,False,False,True,True,False,False,False,False,False,False,False,False
25,male,Indian,30.719297409057617,5.719297409057617,25-34,False,True,False,False,True,False,False,False,False,False,True,False,False,False,False,False
12,female,Asian,24.046030044555664,12.046030044555664,5-17,True,False,True,False,False,False,False,False,True,False,False,False,False,False,False,False
4,male,Asian,1.2975049018859863,2.7024950981140137,0-4,False,True,True,False,False,False,False,True,False,False,False,False,False,False,False,False
40,male,White,30.133974075317383,9.866025924682617,35-44,False,True,False,False,False,False,True,False,False,False,False,True,False,False,False,False
38,female,Others,30.416250228881836,7.583749771118164,35-44,True,False,False,False,False,True,False,False,False,False,False,True,False,False,False,False
36,male,Indian,36.34510040283203,0.34510040283203125,35-44,False,True,False,False,True,False,False,False,False,False,False,True,False,False,False,False
35,female,Black,27.862092971801758,7.137907028198242,35-44,True,False,False,True,False,False,False,False,False,False,False,True,False,False,False,False
33,female,White,42.215003967285156,9.215003967285156,25-34,True,False,False,False,False,False,True,False,False,False,True,False,False,False,False,False
85,female,White,85.90245819091797,0.9024581909179688,85-99,True,False,False,False,False,False,True,False,False,False,False,False,False,False,True,False
67,male,Indian,62.912803649902344,4.087196350097656,65-84,False,True,False,False,True,False,False,False,False,False,False,False,False,True,False,False
35,male,Asian,35.83556365966797,0.8355636596679688,35-44,False,True,True,False,False,False,False,False,False,False,False,True,False,False,False,False
24,female,White,25.058319091796875,1.058319091796875,18-24,True,False,False,False,False,False,True,False,False,True,False,False,False,False,False,False
30,male,White,32.06239318847656,2.0623931884765625,25-34,False,True,False,False,False,False,True,False,False,False,True,False,False,False,False,False
26,male,Indian,25.092945098876953,0.9070549011230469,25-34,False,True,False,False,True,False,False,False,False,False,True,False,False,False,False,False
1,male,Indian,30.65237045288086,29.65237045288086,0-4,False,True,False,False,True,False,False,True,False,False,False,False,False,False,False,False
80,female,White,76.48416900634766,3.5158309936523438,65-84,True,False,False,False,False,False,True,False,False,False,False,False,False,True,False,False
26,female,Black,23.907567977905273,2.0924320220947266,25-34,True,False,False,True,False,False,False,False,False,False,True,False,False,False,False,False
25,female,White,24.086790084838867,0.9132099151611328,25-34,True,False,False,False,False,False,True,False,False,False,True,False,False,False,False,False
56,male,Black,39.399192810058594,16.600807189941406,45-64,False,True,False,True,False,False,False,False,False,False,False,False,True,False,False,False
32,female,Black,26.48734474182129,5.512655258178711,25-34,True,False,False,True,False,False,False,False,False,False,True,False,False,False,False,False
34,male,Black,28.753355026245117,5.246644973754883,25-34,False,True,False,True,False,False,False,False,False,False,True,False,False,False,False,False
26,female,Asian,34.399051666259766,8.399051666259766,25-34,True,False,True,False,False,False,False,False,False,False,True,False,False,False,False,False
1,male,Asian,0.24475979804992676,0.7552402019500732,0-4,False,True,True,False,False,False,False,True,False,False,False,False,False,False,False,False
23,female,Asian,24.79743003845215,1.7974300384521484,18-24,True,False,True,False,False,False,False,False,False,True,False,False,False,False,False,False
27,male,Black,28.005863189697266,1.0058631896972656,25-34,False,True,False,True,False,False,False,False,False,False,True,False,False,False,False,False
37,male,White,25.324609756469727,11.675390243530273,35-44,False,True,False,False,False,False,True,False,False,False,False,True,False,False,False,False
32,male,White,47.228782653808594,15.228782653808594,25-34,False,True,False,False,False,False,True,False,False,False,True,False,False,False,False,False
42,female,White,36.908233642578125,5.091766357421875,35-44,True,False,False,False,False,False,True,False,False,False,False,True,False,False,False,False
1,male,Asian,1.5910975933074951,0.5910975933074951,0-4,False,True,True,False,False,False,False,True,False,False,False,False,False,False,False,False
35,male,Indian,34.16621780395508,0.8337821960449219,35-44,False,True,False,False,True,False,False,False,False,False,False,True,False,False,False,False
21,male,Asian,33.071224212646484,12.071224212646484,18-24,False,True,True,False,False,False,False,False,False,True,False,False,False,False,False,False
30,female,White,24.130537033081055,5.869462966918945,25-34,True,False,False,False,False,False,True,False,False,False,True,False,False,False,False,False
53,male,Indian,35.3283576965332,17.671642303466797,45-64,False,True,False,False,True,False,False,False,False,False,False,False,True,False,False,False
26,female,Black,19.82339859008789,6.176601409912109,25-34,True,False,False,True,False,False,False,False,False,False,True,False,False,False,False,False
3,female,Indian,14.374439239501953,11.374439239501953,0-4,True,False,False,False,True,False,False,True,False,False,False,False,False,False,False,False
26,female,Indian,26.883298873901367,0.8832988739013672,25-34,True,False,False,False,True,False,False,False,False,False,True,False,False,False,False,False
30,female,Asian,14.804866790771484,15.195133209228516,25-34,True,False,True,False,False,False,False,False,False,False,True,False,False,False,False,False
42,male,White,46.15797424316406,4.1579742431640625,35-44,False,True,False,False,False,False,True,False,False,False,False,True,False,False,False,False
22,female,White,16.390043258666992,5.609956741333008,18-24,True,False,False,False,False,False,True,False,False,True,False,False,False,False,False,False
76,male,Black,66.801025390625,9.198974609375,65-84,False,True,False,True,False,False,False,False,False,False,False,False,False,True,False,False
26,female,Indian,36.12733459472656,10.127334594726562,25-34,True,False,False,False,True,False,False,False,False,False,True,False,False,False,False,False
100,female,White,78.18610382080078,21.81389617919922,100-119,True,False,False,False,False,False,True,False,False,False,False,False,False,False,False,True
25,female,Indian,25.234277725219727,0.23427772521972656,25-34,True,False,False,False,True,False,False,False,False,False,True,False,False,False,False,False
24,male,Black,25.774581909179688,1.7745819091796875,18-24,False,True,False,True,False,False,False,False,False,True,False,False,False,False,False,False
42,male,Indian,34.35477828979492,7.645221710205078,35-44,False,True,False,False,True,False,False,False,False,False,False,True,False,False,False,False
72,female,White,69.96050262451172,2.0394973754882812,65-84,True,False,False,False,False,False,True,False,False,False,False,False,False,True,False,False
26,male,Black,35.42185974121094,9.421859741210938,25-34,False,True,False,True,False,False,False,False,False,False,True,False,False,False,False,False
29,female,White,27.6026668548584,1.3973331451416016,25-34,True,False,False,False,False,False,True,False,False,False,True,False,False,False,False,False
16,male,White,10.5894775390625,5.4105224609375,5-17,False,True,False,False,False,False,True,False,True,False,False,False,False,False,False,False
29,male,Black,30.01638412475586,1.0163841247558594,25-34,False,True,False,True,False,False,False,False,False,False,True,False,False,False,False,False
1,male,White,3.306323528289795,2.306323528289795,0-4,False,True,False,False,False,False,True,True,False,False,False,False,False,False,False,False
27,male,Black,27.075239181518555,0.07523918151855469,25-34,False,True,False,True,False,False,False,False,False,False,True,False,False,False,False,False
52,female,Black,58.95602035522461,6.956020355224609,45-64,True,False,False,True,False,False,False,False,False,False,False,False,True,False,False,False
26,female,Indian,27.063390731811523,1.0633907318115234,25-34,True,False,False,False,True,False,False,False,False,False,True,False,False,False,False,False
58,male,White,56.104248046875,1.895751953125,45-64,False,True,False,False,False,False,True,False,False,False,False,False,True,False,False,False
26,male,White,25.638391494750977,0.36160850524902344,25-34,False,True,False,False,False,False,True,False,False,False,True,False,False,False,False,False
25,female,Black,26.82349967956543,1.8234996795654297,25-34,True,False,False,True,False,False,False,False,False,False,True,False,False,False,False,False
42,female,White,40.70758819580078,1.2924118041992188,35-44,True,False,False,False,False,False,True,False,False,False,False,True,False,False,False,False
25,female,White,28.50934600830078,3.5093460083007812,25-34,True,False,False,False,False,False,True,False,False,False,True,False,False,False,False,False
30,female,Others,25.814271926879883,4.185728073120117,25-34,True,False,False,False,False,True,False,False,False,False,True,False,False,False,False,False
28,male,Indian,27.036497116088867,0.9635028839111328,25-34,False,True,False,False,True,False,False,False,False,False,True,False,False,False,False,False
54,female,White,44.20686340332031,9.793136596679688,45-64,True,False,False,False,False,False,True,False,False,False,False,False,True,False,False,False
47,female,Others,38.91593933105469,8.084060668945312,45-64,True,False,False,False,False,True,False,False,False,False,False,False,True,False,False,False
26,male,Indian,27.209980010986328,1.2099800109863281,25-34,False,True,False,False,True,False,False,False,False,False,True,False,False,False,False,False
24,female,Asian,25.94927406311035,1.9492740631103516,18-24,True,False,True,False,False,False,False,False,False,True,False,False,False,False,False,False
26,male,Asian,29.708311080932617,3.708311080932617,25-34,False,True,True,False,False,False,False,False,False,False,True,False,False,False,False,False
26,female,Black,22.833452224731445,3.1665477752685547,25-34,True,False,False,True,False,False,False,False,False,False,True,False,False,False,False,False
58,female,White,47.683799743652344,10.316200256347656,45-64,True,False,False,False,False,False,True,False,False,False,False,False,True,False,False,False
27,female,Black,26.762266159057617,0.2377338409423828,25-34,True,False,False,True,False,False,False,False,False,False,True,False,False,False,False,False
1,female,Indian,1.548811912536621,0.5488119125366211,0-4,True,False,False,False,True,False,False,True,False,False,False,False,False,False,False,False
28,male,Black,27.78761100769043,0.2123889923095703,25-34,False,True,False,True,False,False,False,False,False,False,True,False,False,False,False,False
33,male,White,28.063337326049805,4.936662673950195,25-34,False,True,False,False,False,False,True,False,False,False,True,False,False,False,False,False
8,female,Indian,16.43214988708496,8.432149887084961,5-17,True,False,False,False,True,False,False,False,True,False,False,False,False,False,False,False
16,male,White,25.867952346801758,9.867952346801758,5-17,False,True,False,False,False,False,True,False,True,False,False,False,False,False,False,False
8,female,White,10.912759780883789,2.912759780883789,5-17,True,False,False,False,False,False,True,False,True,False,False,False,False,False,False,False
51,male,White,45.98970031738281,5.0102996826171875,45-64,False,True,False,False,False,False,True,False,False,False,False,False,True,False,False,False
26,male,Black,31.793867111206055,5.793867111206055,25-34,False,True,False,True,False,False,False,False,False,False,True,False,False,False,False,False
12,female,White,18.420549392700195,6.420549392700195,5-17,True,False,False,False,False,False,True,False,True,False,False,False,False,False,False,False
21,male,Indian,27.9246883392334,6.924688339233398,18-24,False,True,False,False,True,False,False,False,False,True,False,False,False,False,False,False
45,female,Black,37.05677032470703,7.943229675292969,45-64,True,False,False,True,False,False,False,False,False,False,False,False,True,False,False,False
81,female,White,82.3075942993164,1.3075942993164062,65-84,True,False,False,False,False,False,True,False,False,False,False,False,False,True,False,False
76,male,White,79.36913299560547,3.3691329956054688,65-84,False,True,False,False,False,False,True,False,False,False,False,False,False,True,False,False
26,male,Black,25.777257919311523,0.22274208068847656,25-34,False,True,False,True,False,False,False,False,False,False,True,False,False,False,False,False
41,male,White,35.25574493408203,5.744255065917969,35-44,False,True,False,False,False,False,True,False,False,False,False,True,False,False,False,False
1,male,Asian,0.5388194918632507,0.46118050813674927,0-4,False,True,True,False,False,False,False,True,False,False,False,False,False,False,False,False
14,male,Others,12.535901069641113,1.4640989303588867,5-17,False,True,False,False,False,True,False,False,True,False,False,False,False,False,False,False
26,female,Asian,25.64548110961914,0.3545188903808594,25-34,True,False,True,False,False,False,False,False,False,False,True,False,False,False,False,False
46,female,Black,49.7935791015625,3.7935791015625,45-64,True,False,False,True,False,False,False,False,False,False,False,False,True,False,False,False
48,female,White,50.63263702392578,2.6326370239257812,45-64,True,False,False,False,False,False,True,False,False,False,False,False,True,False,False,False
41,male,White,38.753501892089844,2.2464981079101562,35-44,False,True,False,False,False,False,True,False,False,False,False,True,False,False,False,False
43,male,White,24.9777889251709,18.0222110748291,35-44,False,True,False,False,False,False,True,False,False,False,False,True,False,False,False,False
25,male,White,26.74150276184082,1.7415027618408203,25-34,False,True,False,False,False,False,True,False,False,False,True,False,False,False,False,False
90,male,White,80.1087417602539,9.891258239746094,85-99,False,True,False,False,False,False,True,False,False,False,False,False,False,False,True,False
28,female,White,25.129091262817383,2.870908737182617,25-34,True,False,False,False,False,False,True,False,False,False,True,False,False,False,False,False
22,male,White,23.284883499145508,1.2848834991455078,18-24,False,True,False,False,False,False,True,False,False,True,False,False,False,False,False,False
76,female,White,71.52638244628906,4.4736175537109375,65-84,True,False,False,False,False,False,True,False,False,False,False,False,False,True,False,False
61,female,White,64.10610961914062,3.106109619140625,45-64,True,False,False,False,False,False,True,False,False,False,False,False,True,False,False,False
50,male,White,30.076887130737305,19.923112869262695,45-64,False,True,False,False,False,False,True,False,False,False,False,False,True,False,False,False
60,male,Indian,57.926361083984375,2.073638916015625,45-64,False,True,False,False,True,False,False,False,False,False,False,False,True,False,False,False
26,male,Black,34.22233581542969,8.222335815429688,25-34,False,True,False,True,False,False,False,False,False,False,True,False,False,False,False,False
19,male,Others,25.69854164123535,6.698541641235352,18-24,False,True,False,False,False,True,False,False,False,True,False,False,False,False,False,False
61,female,White,48.06123352050781,12.938766479492188,45-64,True,False,False,False,False,False,True,False,False,False,False,False,True,False,False,False
40,male,Indian,35.95398712158203,4.046012878417969,35-44,False,True,False,False,True,False,False,False,False,False,False,True,False,False,False,False
26,female,Black,22.00886344909668,3.9911365509033203,25-34,True,False,False,True,False,False,False,False,False,False,True,False,False,False,False,False
28,male,Black,29.646276473999023,1.6462764739990234,25-34,False,True,False,True,False,False,False,False,False,False,True,False,False,False,False,False
17,male,White,14.744466781616211,2.255533218383789,5-17,False,True,False,False,False,False,True,False,True,False,False,False,False,False,False,False
19,female,Others,14.928414344787598,4.071585655212402,18-24,True,False,False,False,False,True,False,False,False,True,False,False,False,False,False,False
25,female,Indian,28.349401473999023,3.3494014739990234,25-34,True,False,False,False,True,False,False,False,False,False,True,False,False,False,False,False
2,male,Others,1.6520557403564453,0.3479442596435547,0-4,False,True,False,False,False,True,False,True,False,False,False,False,False,False,False,False
28,female,Asian,25.49993324279785,2.5000667572021484,25-34,True,False,True,False,False,False,False,False,False,False,True,False,False,False,False,False
22,female,Indian,23.262388229370117,1.2623882293701172,18-24,True,False,False,False,True,False,False,False,False,True,False,False,False,False,False,False
85,female,White,65.60823822021484,19.391761779785156,85-99,True,False,False,False,False,False,True,False,False,False,False,False,False,False,True,False
18,female,White,16.781383514404297,1.2186164855957031,18-24,True,False,False,False,False,False,True,False,False,True,False,False,False,False,False,False
60,female,White,31.119409561157227,28.880590438842773,45-64,True,False,False,False,False,False,True,False,False,False,False,False,True,False,False,False
35,male,White,31.047353744506836,3.952646255493164,35-44,False,True,False,False,False,False,True,False,False,False,False,True,False,False,False,False
38,male,White,35.25706481933594,2.7429351806640625,35-44,False,True,False,False,False,False,True,False,False,False,False,True,False,False,False,False
28,female,White,36.80298614501953,8.802986145019531,25-34,True,False,False,False,False,False,True,False,False,False,True,False,False,False,False,False
24,male,Asian,20.825149536132812,3.1748504638671875,18-24,False,True,True,False,False,False,False,False,False,True,False,False,False,False,False,False
58,male,White,49.19253921508789,8.80746078491211,45-64,False,True,False,False,False,False,True,False,False,False,False,False,True,False,False,False
35,male,White,39.980255126953125,4.980255126953125,35-44,False,True,False,False,False,False,True,False,False,False,False,True,False,False,False,False
26,male,Indian,25.321758270263672,0.6782417297363281,25-34,False,True,False,False,True,False,False,False,False,False,True,False,False,False,False,False
31,male,White,25.260770797729492,5.739229202270508,25-34,False,True,False,False,False,False,True,False,False,False,True,False,False,False,False,False
50,male,Indian,45.62743377685547,4.372566223144531,45-64,False,True,False,False,True,False,False,False,False,False,False,False,True,False,False,False
1,female,White,1.8748753070831299,0.8748753070831299,0-4,True,False,False,False,False,False,True,True,False,False,False,False,False,False,False,False
27,female,Black,27.140697479248047,0.14069747924804688,25-34,True,False,False,True,False,False,False,False,False,False,True,False,False,False,False,False
32,male,Black,28.142122268676758,3.857877731323242,25-34,False,True,False,True,False,False,False,False,False,False,True,False,False,False,False,False
31,female,Indian,25.71149253845215,5.288507461547852,25-34,True,False,False,False,True,False,False,False,False,False,True,False,False,False,False,False
24,female,Indian,24.637187957763672,0.6371879577636719,18-24,True,False,False,False,True,False,False,False,False,True,False,False,False,False,False,False
29,female,Indian,23.93116569519043,5.06883430480957,25-34,True,False,False,False,True,False,False,False,False,False,True,False,False,False,False,False
41,male,Indian,36.01807403564453,4.981925964355469,35-44,False,True,False,False,True,False,False,False,False,False,False,True,False,False,False,False
31,male,White,35.44321823120117,4.443218231201172,25-34,False,True,False,False,False,False,True,False,False,False,True,False,False,False,False,False
11,male,White,20.207441329956055,9.207441329956055,5-17,False,True,False,False,False,False,True,False,True,False,False,False,False,False,False,False
14,male,Others,7.057705402374268,6.942294597625732,5-17,False,True,False,False,False,True,False,False,True,False,False,False,False,False,False,False
36,male,Black,33.63798522949219,2.3620147705078125,35-44,False,True,False,True,False,False,False,False,False,False,False,True,False,False,False,False
8,male,Indian,22.599716186523438,14.599716186523438,5-17,False,True,False,False,True,False,False,False,True,False,False,False,False,False,False,False
66,female,White,68.5749282836914,2.5749282836914062,65-84,True,False,False,False,False,False,True,False,False,False,False,False,False,True,False,False
26,male,White,25.9471435546875,0.0528564453125,25-34,False,True,False,False,False,False,True,False,False,False,True,False,False,False,False,False
26,female,White,17.33100128173828,8.668998718261719,25-34,True,False,False,False,False,False,True,False,False,False,True,False,False,False,False,False
48,male,Asian,45.602516174316406,2.3974838256835938,45-64,False,True,True,False,False,False,False,False,False,False,False,False,True,False,False,False
32,male,Black,22.861417770385742,9.138582229614258,25-34,False,True,False,True,False,False,False,False,False,False,True,False,False,False,False,False
32,male,Black,25.1133975982666,6.886602401733398,25-34,False,True,False,True,False,False,False,False,False,False,True,False,False,False,False,False
36,male,White,52.53984451293945,16.539844512939453,35-44,False,True,False,False,False,False,True,False,False,False,False,True,False,False,False,False
37,female,Asian,30.34528350830078,6.654716491699219,35-44,True,False,True,False,False,False,False,False,False,False,False,True,False,False,False,False
26,male,White,37.04876708984375,11.04876708984375,25-34,False,True,False,False,False,False,True,False,False,False,True,False,False,False,False,False
2,female,Indian,6.344907760620117,4.344907760620117,0-4,True,False,False,False,True,False,False,True,False,False,False,False,False,False,False,False
58,male,Asian,52.67131423950195,5.328685760498047,45-64,False,True,True,False,False,False,False,False,False,False,False,False,True,False,False,False
2,female,Indian,1.747489094734192,0.2525109052658081,0-4,True,False,False,False,True,False,False,True,False,False,False,False,False,False,False,False
40,male,White,69.0400161743164,29.040016174316406,35-44,False,True,False,False,False,False,True,False,False,False,False,True,False,False,False,False
8,male,White,19.129169464111328,11.129169464111328,5-17,False,True,False,False,False,False,True,False,True,False,False,False,False,False,False,False
1,male,Black,4.4204230308532715,3.4204230308532715,0-4,False,True,False,True,False,False,False,True,False,False,False,False,False,False,False,False
90,female,Black,73.71985626220703,16.28014373779297,85-99,True,False,False,True,False,False,False,False,False,False,False,False,False,False,True,False
34,male,White,29.882129669189453,4.117870330810547,25-34,False,True,False,False,False,False,True,False,False,False,True,False,False,False,False,False
39,male,White,38.91348648071289,0.08651351928710938,35-44,False,True,False,False,False,False,True,False,False,False,False,True,False,False,False,False
60,male,Black,38.84762191772461,21.15237808227539,45-64,False,True,False,True,False,False,False,False,False,False,False,False,True,False,False,False
1,female,Indian,0.49387145042419434,0.5061285495758057,0-4,True,False,False,False,True,False,False,True,False,False,False,False,False,False,False,False
34,female,White,27.14223289489746,6.857767105102539,25-34,True,False,False,False,False,False,True,False,False,False,True,False,False,False,False,False
22,female,Asian,20.029010772705078,1.9709892272949219,18-24,True,False,True,False,False,False,False,False,False,True,False,False,False,False,False,False
35,male,Black,23.230270385742188,11.769729614257812,35-44,False,True,False,True,False,False,False,False,False,False,False,True,False,False,False,False
42,male,Black,41.75189971923828,0.24810028076171875,35-44,False,True,False,True,False,False,False,False,False,False,False,True,False,False,False,False
35,male,Indian,38.77709197998047,3.7770919799804688,35-44,False,True,False,False,True,False,False,False,False,False,False,True,False,False,False,False
44,male,White,40.9256591796875,3.0743408203125,35-44,False,True,False,False,False,False,True,False,False,False,False,True,False,False,False,False
30,male,Black,31.87384033203125,1.87384033203125,25-34,False,True,False,True,False,False,False,False,False,False,True,False,False,False,False,False
35,male,Asian,27.47040367126465,7.529596328735352,35-44,False,True,True,False,False,False,False,False,False,False,False,True,False,False,False,False
35,male,Indian,29.60819435119629,5.391805648803711,35-44,False,True,False,False,True,False,False,False,False,False,False,True,False,False,False,False
88,male,Asian,74.68694305419922,13.313056945800781,85-99,False,True,True,False,False,False,False,False,False,False,False,False,False,False,True,False
28,male,Black,31.04545021057129,3.045450210571289,25-34,False,True,False,True,False,False,False,False,False,False,True,False,False,False,False,False
37,male,Indian,36.81614685058594,0.1838531494140625,35-44,False,True,False,False,True,False,False,False,False,False,False,True,False,False,False,False
80,female,White,73.65796661376953,6.342033386230469,65-84,True,False,False,False,False,False,True,False,False,False,False,False,False,True,False,False
27,male,White,27.153108596801758,0.1531085968017578,25-34,False,True,False,False,False,False,True,False,False,False,True,False,False,False,False,False
29,male,Asian,26.133466720581055,2.8665332794189453,25-34,False,True,True,False,False,False,False,False,False,False,True,False,False,False,False,False
95,female,White,68.94326782226562,26.056732177734375,85-99,True,False,False,False,False,False,True,False,False,False,False,False,False,False,True,False
28,male,Black,21.275087356567383,6.724912643432617,25-34,False,True,False,True,False,False,False,False,False,False,True,False,False,False,False,False
24,male,White,21.737863540649414,2.262136459350586,18-24,False,True,False,False,False,False,True,False,False,True,False,False,False,False,False,False
25,female,White,25.02942657470703,0.02942657470703125,25-34,True,False,False,False,False,False,True,False,False,False,True,False,False,False,False,False
1,male,White,3.642813205718994,2.642813205718994,0-4,False,True,False,False,False,False,True,True,False,False,False,False,False,False,False,False
32,male,Black,23.66559410095215,8.334405899047852,25-34,False,True,False,True,False,False,False,False,False,False,True,False,False,False,False,False
23,female,Indian,28.115501403808594,5.115501403808594,18-24,True,False,False,False,True,False,False,False,False,True,False,False,False,False,False,False
38,male,Indian,36.445648193359375,1.554351806640625,35-44,False,True,False,False,True,False,False,False,False,False,False,True,False,False,False,False
7,female,White,5.101495742797852,1.8985042572021484,5-17,True,False,False,False,False,False,True,False,True,False,False,False,False,False,False,False
51,male,White,52.701168060302734,1.7011680603027344,45-64,False,True,False,False,False,False,True,False,False,False,False,False,True,False,False,False
65,male,White,70.25279235839844,5.2527923583984375,65-84,False,True,False,False,False,False,True,False,False,False,False,False,False,True,False,False
21,female,Others,24.67182159423828,3.6718215942382812,18-24,True,False,False,False,False,True,False,False,False,True,False,False,False,False,False,False
21,female,Asian,20.352121353149414,0.6478786468505859,18-24,True,False,True,False,False,False,False,False,False,True,False,False,False,False,False,False
26,female,Black,30.720396041870117,4.720396041870117,25-34,True,False,False,True,False,False,False,False,False,False,True,False,False,False,False,False
40,male,Indian,40.31783676147461,0.3178367614746094,35-44,False,True,False,False,True,False,False,False,False,False,False,True,False,False,False,False
35,male,White,35.00166702270508,0.001667022705078125,35-44,False,True,False,False,False,False,True,False,False,False,False,True,False,False,False,False
30,female,White,23.720476150512695,6.279523849487305,25-34,True,False,False,False,False,False,True,False,False,False,True,False,False,False,False,False
40,male,White,32.38933181762695,7.610668182373047,35-44,False,True,False,False,False,False,True,False,False,False,False,True,False,False,False,False
28,male,Black,30.44243049621582,2.4424304962158203,25-34,False,True,False,True,False,False,False,False,False,False,True,False,False,False,False,False
9,male,White,16.02144432067871,7.021444320678711,5-17,False,True,False,False,False,False,True,False,True,False,False,False,False,False,False,False
60,male,White,64.3272476196289,4.327247619628906,45-64,False,True,False,False,False,False,True,False,False,False,False,False,True,False,False,False
25,female,Indian,28.731454849243164,3.731454849243164,25-34,True,False,False,False,True,False,False,False,False,False,True,False,False,False,False,False
25,female,Indian,24.218202590942383,0.7817974090576172,25-34,True,False,False,False,True,False,False,False,False,False,True,False,False,False,False,False
34,female,White,34.15745162963867,0.15745162963867188,25-34,True,False,False,False,False,False,True,False,False,False,True,False,False,False,False,False
3,male,White,2.4575278759002686,0.5424721240997314,0-4,False,True,False,False,False,False,True,True,False,False,False,False,False,False,False,False
27,male,White,27.896211624145508,0.8962116241455078,25-34,False,True,False,False,False,False,True,False,False,False,True,False,False,False,False,False
30,male,White,34.088233947753906,4.088233947753906,25-34,False,True,False,False,False,False,True,False,False,False,True,False,False,False,False,False
9,female,White,22.279451370239258,13.279451370239258,5-17,True,False,False,False,False,False,True,False,True,False,False,False,False,False,False,False
24,female,White,34.47945785522461,10.47945785522461,18-24,True,False,False,False,False,False,True,False,False,True,False,False,False,False,False,False
7,female,White,7.051105976104736,0.05110597610473633,5-17,True,False,False,False,False,False,True,False,True,False,False,False,False,False,False,False
17,female,Others,21.876300811767578,4.876300811767578,5-17,True,False,False,False,False,True,False,False,True,False,False,False,False,False,False,False
26,male,Indian,25.964885711669922,0.035114288330078125,25-34,False,True,False,False,True,False,False,False,False,False,True,False,False,False,False,False
24,female,Black,22.834054946899414,1.165945053100586,18-24,True,False,False,True,False,False,False,False,False,True,False,False,False,False,False,False
31,male,Black,34.94490432739258,3.944904327392578,25-34,False,True,False,True,False,False,False,False,False,False,True,False,False,False,False,False
24,male,Others,24.677629470825195,0.6776294708251953,18-24,False,True,False,False,False,True,False,False,False,True,False,False,False,False,False,False
26,female,Asian,21.62151527404785,4.378484725952148,25-34,True,False,True,False,False,False,False,False,False,False,True,False,False,False,False,False
35,female,Others,21.626039505004883,13.373960494995117,35-44,True,False,False,False,False,True,False,False,False,False,False,True,False,False,False,False
1,male,Indian,2.0867221355438232,1.0867221355438232,0-4,False,True,False,False,True,False,False,True,False,False,False,False,False,False,False,False
32,female,White,45.614036560058594,13.614036560058594,25-34,True,False,False,False,False,False,True,False,False,False,True,False,False,False,False,False
57,female,White,55.85723876953125,1.14276123046875,45-64,True,False,False,False,False,False,True,False,False,False,False,False,True,False,False,False
11,male,White,13.95037841796875,2.95037841796875,5-17,False,True,False,False,False,False,True,False,True,False,False,False,False,False,False,False
21,female,White,39.22212219238281,18.222122192382812,18-24,True,False,False,False,False,False,True,False,False,True,False,False,False,False,False,False
48,female,Black,39.289791107177734,8.710208892822266,45-64,True,False,False,True,False,False,False,False,False,False,False,False,True,False,False,False
55,male,Indian,57.19044876098633,2.190448760986328,45-64,False,True,False,False,True,False,False,False,False,False,False,False,True,False,False,False
24,male,Asian,27.900182723999023,3.9001827239990234,18-24,False,True,True,False,False,False,False,False,False,True,False,False,False,False,False,False
1,female,Asian,0.13936972618103027,0.8606302738189697,0-4,True,False,True,False,False,False,False,True,False,False,False,False,False,False,False,False
26,female,Indian,24.457321166992188,1.5426788330078125,25-34,True,False,False,False,True,False,False,False,False,False,True,False,False,False,False,False
16,female,White,13.686717987060547,2.313282012939453,5-17,True,False,False,False,False,False,True,False,True,False,False,False,False,False,False,False
13,male,White,29.559812545776367,16.559812545776367,5-17,False,True,False,False,False,False,True,False,True,False,False,False,False,False,False,False
30,female,Indian,34.64214324951172,4.642143249511719,25-34,True,False,False,False,True,False,False,False,False,False,True,False,False,False,False,False
26,female,Indian,24.27431869506836,1.7256813049316406,25-34,True,False,False,False,True,False,False,False,False,False,True,False,False,False,False,False
1,male,Others,2.82161283493042,1.82161283493042,0-4,False,True,False,False,False,True,False,True,False,False,False,False,False,False,False,False
26,female,Others,27.97046661376953,1.9704666137695312,25-34,True,False,False,False,False,True,False,False,False,False,True,False,False,False,False,False
35,male,White,50.28797149658203,15.287971496582031,35-44,False,True,False,False,False,False,True,False,False,False,False,True,False,False,False,False
53,female,White,61.738037109375,8.738037109375,45-64,True,False,False,False,False,False,True,False,False,False,False,False,True,False,False,False
26,female,Black,31.39360809326172,5.393608093261719,25-34,True,False,False,True,False,False,False,False,False,False,True,False,False,False,False,False
28,male,Indian,35.501617431640625,7.501617431640625,25-34,False,True,False,False,True,False,False,False,False,False,True,False,False,False,False,False
53,male,White,58.028194427490234,5.028194427490234,45-64,False,True,False,False,False,False,True,False,False,False,False,False,True,False,False,False
27,male,Asian,31.81145668029785,4.811456680297852,25-34,False,True,True,False,False,False,False,False,False,False,True,False,False,False,False,False
2,male,White,0.46287965774536133,1.5371203422546387,0-4,False,True,False,False,False,False,True,True,False,False,False,False,False,False,False,False
25,female,Asian,19.635356903076172,5.364643096923828,25-34,True,False,True,False,False,False,False,False,False,False,True,False,False,False,False,False
26,female,Black,28.195865631103516,2.1958656311035156,25-34,True,False,False,True,False,False,False,False,False,False,True,False,False,False,False,False
57,female,White,41.08633041381836,15.91366958618164,45-64,True,False,False,False,False,False,True,False,False,False,False,False,True,False,False,False
27,female,Black,21.620275497436523,5.379724502563477,25-34,True,False,False,True,False,False,False,False,False,False,True,False,False,False,False,False
52,male,White,43.93304443359375,8.06695556640625,45-64,False,True,False,False,False,False,True,False,False,False,False,False,True,False,False,False
28,female,Black,29.80307960510254,1.803079605102539,25-34,True,False,False,True,False,False,False,False,False,False,True,False,False,False,False,False
38,male,Black,42.849544525146484,4.849544525146484,35-44,False,True,False,True,False,False,False,False,False,False,False,True,False,False,False,False
20,female,Others,19.28382682800293,0.7161731719970703,18-24,True,False,False,False,False,True,False,False,False,True,False,False,False,False,False,False
50,male,Indian,49.281517028808594,0.7184829711914062,45-64,False,True,False,False,True,False,False,False,False,False,False,False,True,False,False,False
51,male,White,50.34007263183594,0.6599273681640625,45-64,False,True,False,False,False,False,True,False,False,False,False,False,True,False,False,False
8,female,White,6.337608337402344,1.6623916625976562,5-17,True,False,False,False,False,False,True,False,True,False,False,False,False,False,False,False
82,male,White,78.77776336669922,3.2222366333007812,65-84,False,True,False,False,False,False,True,False,False,False,False,False,False,True,False,False
63,male,White,72.4545669555664,9.454566955566406,45-64,False,True,False,False,False,False,True,False,False,False,False,False,True,False,False,False
53,male,White,47.90342712402344,5.0965728759765625,45-64,False,True,False,False,False,False,True,False,False,False,False,False,True,False,False,False
53,male,White,44.73879623413086,8.26120376586914,45-64,False,True,False,False,False,False,True,False,False,False,False,False,True,False,False,False
28,female,Others,25.073497772216797,2.926502227783203,25-34,True,False,False,False,False,True,False,False,False,False,True,False,False,False,False,False
65,male,White,61.26826858520508,3.731731414794922,65-84,False,True,False,False,False,False,True,False,False,False,False,False,False,True,False,False
58,male,White,55.976348876953125,2.023651123046875,45-64,False,True,False,False,False,False,True,False,False,False,False,False,True,False,False,False
65,male,White,76.00972747802734,11.009727478027344,65-84,False,True,False,False,False,False,True,False,False,False,False,False,False,True,False,False
18,female,Others,23.577117919921875,5.577117919921875,18-24,True,False,False,False,False,True,False,False,False,True,False,False,False,False,False,False
12,male,White,32.285987854003906,20.285987854003906,5-17,False,True,False,False,False,False,True,False,True,False,False,False,False,False,False,False
58,male,White,48.54759216308594,9.452407836914062,45-64,False,True,False,False,False,False,True,False,False,False,False,False,True,False,False,False
25,male,Black,30.075265884399414,5.075265884399414,25-34,False,True,False,True,False,False,False,False,False,False,True,False,False,False,False,False
50,male,Indian,48.271644592285156,1.7283554077148438,45-64,False,True,False,False,True,False,False,False,False,False,False,False,True,False,False,False
60,male,Black,50.54371643066406,9.456283569335938,45-64,False,True,False,True,False,False,False,False,False,False,False,False,True,False,False,False
58,male,Others,54.175132751464844,3.8248672485351562,45-64,False,True,False,False,False,True,False,False,False,False,False,False,True,False,False,False
26,male,Black,23.561412811279297,2.438587188720703,25-34,False,True,False,True,False,False,False,False,False,False,True,False,False,False,False,False
90,female,Asian,88.12317657470703,1.8768234252929688,85-99,True,False,True,False,False,False,False,False,False,False,False,False,False,False,True,False
27,male,White,22.92314338684082,4.07685661315918,25-34,False,True,False,False,False,False,True,False,False,False,True,False,False,False,False,False
29,male,White,35.950279235839844,6.950279235839844,25-34,False,True,False,False,False,False,True,False,False,False,True,False,False,False,False,False
39,male,Indian,44.16139221191406,5.1613922119140625,35-44,False,True,False,False,True,False,False,False,False,False,False,True,False,False,False,False
30,male,White,44.53038024902344,14.530380249023438,25-34,False,True,False,False,False,False,True,False,False,False,True,False,False,False,False,False
24,male,Others,26.573640823364258,2.573640823364258,18-24,False,True,False,False,False,True,False,False,False,True,False,False,False,False,False,False
47,male,Indian,33.21113204956055,13.788867950439453,45-64,False,True,False,False,True,False,False,False,False,False,False,False,True,False,False,False
23,female,White,26.512149810791016,3.5121498107910156,18-24,True,False,False,False,False,False,True,False,False,True,False,False,False,False,False,False
53,female,White,35.75368881225586,17.24631118774414,45-64,True,False,False,False,False,False,True,False,False,False,False,False,True,False,False,False
34,male,Indian,30.83690643310547,3.1630935668945312,25-34,False,True,False,False,True,False,False,False,False,False,True,False,False,False,False,False
34,female,Black,24.1326961517334,9.867303848266602,25-34,True,False,False,True,False,False,False,False,False,False,True,False,False,False,False,False
25,female,White,24.981969833374023,0.018030166625976562,25-34,True,False,False,False,False,False,True,False,False,False,True,False,False,False,False,False
32,female,White,33.65038299560547,1.6503829956054688,25-34,True,False,False,False,False,False,True,False,False,False,True,False,False,False,False,False
24,female,Indian,29.04874610900879,5.048746109008789,18-24,True,False,False,False,True,False,False,False,False,True,False,False,False,False,False,False
63,male,White,62.82689666748047,0.17310333251953125,45-64,False,True,False,False,False,False,True,False,False,False,False,False,True,False,False,False
2,female,Others,19.615453720092773,17.615453720092773,0-4,True,False,False,False,False,True,False,True,False,False,False,False,False,False,False,False
22,male,White,22.10664939880371,0.10664939880371094,18-24,False,True,False,False,False,False,True,False,False,True,False,False,False,False,False,False
38,female,Black,49.66105270385742,11.661052703857422,35-44,True,False,False,True,False,False,False,False,False,False,False,True,False,False,False,False
26,female,Black,29.07026481628418,3.0702648162841797,25-34,True,False,False,True,False,False,False,False,False,False,True,False,False,False,False,False
26,male,Black,32.173553466796875,6.173553466796875,25-34,False,True,False,True,False,False,False,False,False,False,True,False,False,False,False,False
32,female,Black,23.520793914794922,8.479206085205078,25-34,True,False,False,True,False,False,False,False,False,False,True,False,False,False,False,False
8,male,White,6.546051979064941,1.4539480209350586,5-17,False,True,False,False,False,False,True,False,True,False,False,False,False,False,False,False
15,female,Black,20.122766494750977,5.122766494750977,5-17,True,False,False,True,False,False,False,False,True,False,False,False,False,False,False,False
56,female,White,53.99170684814453,2.0082931518554688,45-64,True,False,False,False,False,False,True,False,False,False,False,False,True,False,False,False
26,male,Others,26.349557876586914,0.34955787658691406,25-34,False,True,False,False,False,True,False,False,False,False,True,False,False,False,False,False
49,male,Others,44.931915283203125,4.068084716796875,45-64,False,True,False,False,False,True,False,False,False,False,False,False,True,False,False,False
29,female,Black,23.432523727416992,5.567476272583008,25-34,True,False,False,True,False,False,False,False,False,False,True,False,False,False,False,False
23,male,Indian,33.36969757080078,10.369697570800781,18-24,False,True,False,False,True,False,False,False,False,True,False,False,False,False,False,False
26,female,Black,27.14189338684082,1.1418933868408203,25-34,True,False,False,True,False,False,False,False,False,False,True,False,False,False,False,False
46,female,Indian,43.30980682373047,2.6901931762695312,45-64,True,False,False,False,True,False,False,False,False,False,False,False,True,False,False,False
1,female,Asian,4.136260509490967,3.136260509490967,0-4,True,False,True,False,False,False,False,True,False,False,False,False,False,False,False,False
29,male,White,46.225730895996094,17.225730895996094,25-34,False,True,False,False,False,False,True,False,False,False,True,False,False,False,False,False
22,female,Indian,22.437210083007812,0.4372100830078125,18-24,True,False,False,False,True,False,False,False,False,True,False,False,False,False,False,False
16,male,White,14.300785064697266,1.6992149353027344,5-17,False,True,False,False,False,False,True,False,True,False,False,False,False,False,False,False
60,male,White,56.59843063354492,3.401569366455078,45-64,False,True,False,False,False,False,True,False,False,False,False,False,True,False,False,False
18,female,White,18.021955490112305,0.021955490112304688,18-24,True,False,False,False,False,False,True,False,False,True,False,False,False,False,False,False
60,female,White,55.491981506347656,4.508018493652344,45-64,True,False,False,False,False,False,True,False,False,False,False,False,True,False,False,False
26,female,Others,23.774553298950195,2.2254467010498047,25-34,True,False,False,False,False,True,False,False,False,False,True,False,False,False,False,False
25,male,Black,27.529417037963867,2.529417037963867,25-34,False,True,False,True,False,False,False,False,False,False,True,False,False,False,False,False
85,female,Asian,81.1677017211914,3.8322982788085938,85-99,True,False,True,False,False,False,False,False,False,False,False,False,False,False,True,False
55,male,Indian,46.60918426513672,8.390815734863281,45-64,False,True,False,False,True,False,False,False,False,False,False,False,True,False,False,False
29,male,White,42.41199493408203,13.411994934082031,25-34,False,True,False,False,False,False,True,False,False,False,True,False,False,False,False,False
3,male,White,5.320086479187012,2.3200864791870117,0-4,False,True,False,False,False,False,True,True,False,False,False,False,False,False,False,False
1,female,White,2.0303168296813965,1.0303168296813965,0-4,True,False,False,False,False,False,True,True,False,False,False,False,False,False,False,False
62,male,Black,42.91303253173828,19.08696746826172,45-64,False,True,False,True,False,False,False,False,False,False,False,False,True,False,False,False
1,female,White,2.3514657020568848,1.3514657020568848,0-4,True,False,False,False,False,False,True,True,False,False,False,False,False,False,False,False
32,female,Black,33.1713752746582,1.1713752746582031,25-34,True,False,False,True,False,False,False,False,False,False,True,False,False,False,False,False
48,female,Indian,27.554777145385742,20.445222854614258,45-64,True,False,False,False,True,False,False,False,False,False,False,False,True,False,False,False
22,female,Asian,23.774457931518555,1.7744579315185547,18-24,True,False,True,False,False,False,False,False,False,True,False,False,False,False,False,False
2,female,Indian,3.2048232555389404,1.2048232555389404,0-4,True,False,False,False,True,False,False,True,False,False,False,False,False,False,False,False
6,female,Indian,7.3261518478393555,1.3261518478393555,5-17,True,False,False,False,True,False,False,False,True,False,False,False,False,False,False,False
24,female,Asian,23.549989700317383,0.4500102996826172,18-24,True,False,True,False,False,False,False,False,False,True,False,False,False,False,False,False
13,male,White,6.514264106750488,6.485735893249512,5-17,False,True,False,False,False,False,True,False,True,False,False,False,False,False,False,False
52,male,White,37.93721008300781,14.062789916992188,45-64,False,True,False,False,False,False,True,False,False,False,False,False,True,False,False,False
80,male,White,70.79845428466797,9.201545715332031,65-84,False,True,False,False,False,False,True,False,False,False,False,False,False,True,False,False
28,female,White,20.18425178527832,7.81574821472168,25-34,True,False,False,False,False,False,True,False,False,False,True,False,False,False,False,False
58,male,White,53.6839714050293,4.316028594970703,45-64,False,True,False,False,False,False,True,False,False,False,False,False,True,False,False,False
51,male,White,52.496070861816406,1.4960708618164062,45-64,False,True,False,False,False,False,True,False,False,False,False,False,True,False,False,False
22,female,Indian,19.953155517578125,2.046844482421875,18-24,True,False,False,False,True,False,False,False,False,True,False,False,False,False,False,False
28,male,Black,47.3973388671875,19.3973388671875,25-34,False,True,False,True,False,False,False,False,False,False,True,False,False,False,False,False
32,male,White,22.581205368041992,9.418794631958008,25-34,False,True,False,False,False,False,True,False,False,False,True,False,False,False,False,False
35,male,Others,33.11277770996094,1.8872222900390625,35-44,False,True,False,False,False,True,False,False,False,False,False,True,False,False,False,False
65,male,Black,53.33877944946289,11.66122055053711,65-84,False,True,False,True,False,False,False,False,False,False,False,False,False,True,False,False
52,male,White,60.04683303833008,8.046833038330078,45-64,False,True,False,False,False,False,True,False,False,False,False,False,True,False,False,False
4,female,White,2.574690818786621,1.425309181213379,0-4,True,False,False,False,False,False,True,True,False,False,False,False,False,False,False,False
60,male,White,35.29353713989258,24.706462860107422,45-64,False,True,False,False,False,False,True,False,False,False,False,False,True,False,False,False
62,female,White,59.72608947753906,2.2739105224609375,45-64,True,False,False,False,False,False,True,False,False,False,False,False,True,False,False,False
34,male,Black,37.509620666503906,3.5096206665039062,25-34,False,True,False,True,False,False,False,False,False,False,True,False,False,False,False,False
61,male,Indian,56.83760452270508,4.162395477294922,45-64,False,True,False,False,True,False,False,False,False,False,False,False,True,False,False,False
6,female,Indian,8.433238983154297,2.433238983154297,5-17,True,False,False,False,True,False,False,False,True,False,False,False,False,False,False,False
21,female,Indian,19.193540573120117,1.8064594268798828,18-24,True,False,False,False,True,False,False,False,False,True,False,False,False,False,False,False
78,male,White,78.4054183959961,0.40541839599609375,65-84,False,True,False,False,False,False,True,False,False,False,False,False,False,True,False,False
27,female,Black,32.41631317138672,5.416313171386719,25-34,True,False,False,True,False,False,False,False,False,False,True,False,False,False,False,False
49,male,White,50.80721664428711,1.8072166442871094,45-64,False,True,False,False,False,False,True,False,False,False,False,False,True,False,False,False
26,female,Indian,22.102069854736328,3.897930145263672,25-34,True,False,False,False,True,False,False,False,False,False,True,False,False,False,False,False
85,female,White,72.52173614501953,12.478263854980469,85-99,True,False,False,False,False,False,True,False,False,False,False,False,False,False,True,False
39,male,White,38.88777160644531,0.1122283935546875,35-44,False,True,False,False,False,False,True,False,False,False,False,True,False,False,False,False
29,male,White,36.76197052001953,7.761970520019531,25-34,False,True,False,False,False,False,True,False,False,False,True,False,False,False,False,False
34,female,Indian,31.482582092285156,2.5174179077148438,25-34,True,False,False,False,True,False,False,False,False,False,True,False,False,False,False,False
22,female,Others,28.420068740844727,6.420068740844727,18-24,True,False,False,False,False,True,False,False,False,True,False,False,False,False,False,False
32,male,Indian,46.52622604370117,14.526226043701172,25-34,False,True,False,False,True,False,False,False,False,False,True,False,False,False,False,False
63,male,White,67.43981170654297,4.439811706542969,45-64,False,True,False,False,False,False,True,False,False,False,False,False,True,False,False,False
14,female,White,18.365150451660156,4.365150451660156,5-17,True,False,False,False,False,False,True,False,True,False,False,False,False,False,False,False
35,female,Asian,38.22029113769531,3.2202911376953125,35-44,True,False,True,False,False,False,False,False,False,False,False,True,False,False,False,False
55,male,White,44.683868408203125,10.316131591796875,45-64,False,True,False,False,False,False,True,False,False,False,False,False,True,False,False,False
27,male,White,25.27289581298828,1.7271041870117188,25-34,False,True,False,False,False,False,True,False,False,False,True,False,False,False,False,False
31,male,Indian,32.070472717285156,1.0704727172851562,25-34,False,True,False,False,True,False,False,False,False,False,True,False,False,False,False,False
72,male,White,53.668182373046875,18.331817626953125,65-84,False,True,False,False,False,False,True,False,False,False,False,False,False,True,False,False
25,male,White,28.846818923950195,3.8468189239501953,25-34,False,True,False,False,False,False,True,False,False,False,True,False,False,False,False,False
26,female,Black,34.82637405395508,8.826374053955078,25-34,True,False,False,True,False,False,False,False,False,False,True,False,False,False,False,False
56,male,Black,55.54725646972656,0.4527435302734375,45-64,False,True,False,True,False,False,False,False,False,False,False,False,True,False,False,False
24,female,White,21.237211227416992,2.762788772583008,18-24,True,False,False,False,False,False,True,False,False,True,False,False,False,False,False,False
25,male,White,25.888154983520508,0.8881549835205078,25-34,False,True,False,False,False,False,True,False,False,False,True,False,False,False,False,False
28,male,Black,38.453163146972656,10.453163146972656,25-34,False,True,False,True,False,False,False,False,False,False,True,False,False,False,False,False
80,female,White,46.84975814819336,33.15024185180664,65-84,True,False,False,False,False,False,True,False,False,False,False,False,False,True,False,False
39,female,White,31.014986038208008,7.985013961791992,35-44,True,False,False,False,False,False,True,False,False,False,False,True,False,False,False,False
26,male,Indian,28.061784744262695,2.0617847442626953,25-34,False,True,False,False,True,False,False,False,False,False,True,False,False,False,False,False
9,male,Black,19.873493194580078,10.873493194580078,5-17,False,True,False,True,False,False,False,False,True,False,False,False,False,False,False,False
26,male,Indian,33.615936279296875,7.615936279296875,25-34,False,True,False,False,True,False,False,False,False,False,True,False,False,False,False,False
32,male,Indian,31.64544105529785,0.35455894470214844,25-34,False,True,False,False,True,False,False,False,False,False,True,False,False,False,False,False
26,male,Black,33.73997497558594,7.7399749755859375,25-34,False,True,False,True,False,False,False,False,False,False,True,False,False,False,False,False
39,female,Indian,24.858604431152344,14.141395568847656,35-44,True,False,False,False,True,False,False,False,False,False,False,True,False,False,False,False
5,male,Indian,5.524630069732666,0.524630069732666,5-17,False,True,False,False,True,False,False,False,True,False,False,False,False,False,False,False
52,male,White,52.3859977722168,0.3859977722167969,45-64,False,True,False,False,False,False,True,False,False,False,False,False,True,False,False,False
31,female,Others,29.166067123413086,1.833932876586914,25-34,True,False,False,False,False,True,False,False,False,False,True,False,False,False,False,False
1,female,White,0.19555208086967468,0.8044479191303253,0-4,True,False,False,False,False,False,True,True,False,False,False,False,False,False,False,False
26,male,Others,28.114652633666992,2.114652633666992,25-34,False,True,False,False,False,True,False,False,False,False,True,False,False,False,False,False
42,male,White,42.29145050048828,0.29145050048828125,35-44,False,True,False,False,False,False,True,False,False,False,False,True,False,False,False,False
20,female,White,23.251977920532227,3.2519779205322266,18-24,True,False,False,False,False,False,True,False,False,True,False,False,False,False,False,False
26,male,Black,30.580961227416992,4.580961227416992,25-34,False,True,False,True,False,False,False,False,False,False,True,False,False,False,False,False
28,male,Indian,20.994680404663086,7.005319595336914,25-34,False,True,False,False,True,False,False,False,False,False,True,False,False,False,False,False
3,female,White,3.0185093879699707,0.018509387969970703,0-4,True,False,False,False,False,False,True,True,False,False,False,False,False,False,False,False
1,male,Indian,1.6916481256484985,0.6916481256484985,0-4,False,True,False,False,True,False,False,True,False,False,False,False,False,False,False,False
17,male,Black,23.954763412475586,6.954763412475586,5-17,False,True,False,True,False,False,False,False,True,False,False,False,False,False,False,False
30,female,White,27.234460830688477,2.7655391693115234,25-34,True,False,False,False,False,False,True,False,False,False,True,False,False,False,False,False
85,female,White,81.5319595336914,3.4680404663085938,85-99,True,False,False,False,False,False,True,False,False,False,False,False,False,False,True,False
46,male,White,40.81958770751953,5.180412292480469,45-64,False,True,False,False,False,False,True,False,False,False,False,False,True,False,False,False
49,male,Black,44.50433349609375,4.49566650390625,45-64,False,True,False,True,False,False,False,False,False,False,False,False,True,False,False,False
3,male,Indian,7.232934951782227,4.232934951782227,0-4,False,True,False,False,True,False,False,True,False,False,False,False,False,False,False,False
17,female,Others,33.476409912109375,16.476409912109375,5-17,True,False,False,False,False,True,False,False,True,False,False,False,False,False,False,False
24,female,Black,21.199926376342773,2.8000736236572266,18-24,True,False,False,True,False,False,False,False,False,True,False,False,False,False,False,False
25,male,Black,26.77763557434082,1.7776355743408203,25-34,False,True,False,True,False,False,False,False,False,False,True,False,False,False,False,False
22,male,White,28.43479347229004,6.434793472290039,18-24,False,True,False,False,False,False,True,False,False,True,False,False,False,False,False,False
26,female,Asian,31.015243530273438,5.0152435302734375,25-34,True,False,True,False,False,False,False,False,False,False,True,False,False,False,False,False
65,female,White,65.10672760009766,0.10672760009765625,65-84,True,False,False,False,False,False,True,False,False,False,False,False,False,True,False,False
40,female,White,41.7741813659668,1.7741813659667969,35-44,True,False,False,False,False,False,True,False,False,False,False,True,False,False,False,False
62,male,Black,43.303977966308594,18.696022033691406,45-64,False,True,False,True,False,False,False,False,False,False,False,False,True,False,False,False
26,male,Indian,35.60826873779297,9.608268737792969,25-34,False,True,False,False,True,False,False,False,False,False,True,False,False,False,False,False
18,female,White,15.141717910766602,2.8582820892333984,18-24,True,False,False,False,False,False,True,False,False,True,False,False,False,False,False,False
50,male,White,48.52988052368164,1.4701194763183594,45-64,False,True,False,False,False,False,True,False,False,False,False,False,True,False,False,False
54,female,Black,47.0518913269043,6.948108673095703,45-64,True,False,False,True,False,False,False,False,False,False,False,False,True,False,False,False
25,female,Black,20.423070907592773,4.576929092407227,25-34,True,False,False,True,False,False,False,False,False,False,True,False,False,False,False,False
20,female,Black,29.007495880126953,9.007495880126953,18-24,True,False,False,True,False,False,False,False,False,True,False,False,False,False,False,False
25,female,Indian,30.7385196685791,5.738519668579102,25-34,True,False,False,False,True,False,False,False,False,False,True,False,False,False,False,False
35,female,Black,32.07139205932617,2.928607940673828,35-44,True,False,False,True,False,False,False,False,False,False,False,True,False,False,False,False
70,male,White,72.34025573730469,2.3402557373046875,65-84,False,True,False,False,False,False,True,False,False,False,False,False,False,True,False,False
27,male,White,30.644498825073242,3.644498825073242,25-34,False,True,False,False,False,False,True,False,False,False,True,False,False,False,False,False
25,female,Others,20.378793716430664,4.621206283569336,25-34,True,False,False,False,False,True,False,False,False,False,True,False,False,False,False,False
24,male,White,34.01398849487305,10.013988494873047,18-24,False,True,False,False,False,False,True,False,False,True,False,False,False,False,False,False
29,female,Black,37.43571472167969,8.435714721679688,25-34,True,False,False,True,False,False,False,False,False,False,True,False,False,False,False,False
20,female,Asian,17.850379943847656,2.1496200561523438,18-24,True,False,True,False,False,False,False,False,False,True,False,False,False,False,False,False
28,female,White,26.314184188842773,1.6858158111572266,25-34,True,False,False,False,False,False,True,False,False,False,True,False,False,False,False,False
8,female,White,9.620078086853027,1.6200780868530273,5-17,True,False,False,False,False,False,True,False,True,False,False,False,False,False,False,False
26,female,Indian,27.76325798034668,1.7632579803466797,25-34,True,False,False,False,True,False,False,False,False,False,True,False,False,False,False,False
10,male,White,11.849045753479004,1.849045753479004,5-17,False,True,False,False,False,False,True,False,True,False,False,False,False,False,False,False
34,female,Asian,31.211715698242188,2.7882843017578125,25-34,True,False,True,False,False,False,False,False,False,False,True,False,False,False,False,False
45,female,White,33.48065948486328,11.519340515136719,45-64,True,False,False,False,False,False,True,False,False,False,False,False,True,False,False,False
36,male,Indian,28.703964233398438,7.2960357666015625,35-44,False,True,False,False,True,False,False,False,False,False,False,True,False,False,False,False
1,male,Asian,1.4743818044662476,0.47438180446624756,0-4,False,True,True,False,False,False,False,True,False,False,False,False,False,False,False,False
25,male,Asian,24.782392501831055,0.2176074981689453,25-34,False,True,True,False,False,False,False,False,False,False,True,False,False,False,False,False
29,male,Black,28.006046295166016,0.9939537048339844,25-34,False,True,False,True,False,False,False,False,False,False,True,False,False,False,False,False
1,male,Asian,0.17035657167434692,0.8296434283256531,0-4,False,True,True,False,False,False,False,True,False,False,False,False,False,False,False,False
34,male,Black,26.984201431274414,7.015798568725586,25-34,False,True,False,True,False,False,False,False,False,False,True,False,False,False,False,False
27,female,Black,26.946964263916016,0.053035736083984375,25-34,True,False,False,True,False,False,False,False,False,False,True,False,False,False,False,False
8,male,Indian,5.282166004180908,2.717833995819092,5-17,False,True,False,False,True,False,False,False,True,False,False,False,False,False,False,False
15,female,Asian,27.57685661315918,12.57685661315918,5-17,True,False,True,False,False,False,False,False,True,False,False,False,False,False,False,False
45,male,White,42.14166259765625,2.85833740234375,45-64,False,True,False,False,False,False,True,False,False,False,False,False,True,False,False,False
30,male,Asian,39.60175323486328,9.601753234863281,25-34,False,True,True,False,False,False,False,False,False,False,True,False,False,False,False,False
12,male,White,33.65901565551758,21.659015655517578,5-17,False,True,False,False,False,False,True,False,True,False,False,False,False,False,False,False
1,female,White,0.44109317660331726,0.5589068233966827,0-4,True,False,False,False,False,False,True,True,False,False,False,False,False,False,False,False
3,female,Others,7.959314823150635,4.959314823150635,0-4,True,False,False,False,False,True,False,True,False,False,False,False,False,False,False,False
26,female,Others,28.115468978881836,2.115468978881836,25-34,True,False,False,False,False,True,False,False,False,False,True,False,False,False,False,False
61,male,Indian,57.788055419921875,3.211944580078125,45-64,False,True,False,False,True,False,False,False,False,False,False,False,True,False,False,False
1,female,Asian,0.1345295011997223,0.8654704988002777,0-4,True,False,True,False,False,False,False,True,False,False,False,False,False,False,False,False
30,male,White,30.345888137817383,0.3458881378173828,25-34,False,True,False,False,False,False,True,False,False,False,True,False,False,False,False,False
7,female,Others,10.915874481201172,3.915874481201172,5-17,True,False,False,False,False,True,False,False,True,False,False,False,False,False,False,False
19,male,White,25.489397048950195,6.489397048950195,18-24,False,True,False,False,False,False,True,False,False,True,False,False,False,False,False,False
5,male,Asian,3.9674582481384277,1.0325417518615723,5-17,False,True,True,False,False,False,False,False,True,False,False,False,False,False,False,False
18,male,Indian,21.54902458190918,3.5490245819091797,18-24,False,True,False,False,True,False,False,False,False,True,False,False,False,False,False,False
1,male,Asian,0.11562561988830566,0.8843743801116943,0-4,False,True,True,False,False,False,False,True,False,False,False,False,False,False,False,False
22,female,White,24.94708824157715,2.9470882415771484,18-24,True,False,False,False,False,False,True,False,False,True,False,False,False,False,False,False
26,male,White,26.419374465942383,0.4193744659423828,25-34,False,True,False,False,False,False,True,False,False,False,True,False,False,False,False,False
85,female,White,82.70586395263672,2.2941360473632812,85-99,True,False,False,False,False,False,True,False,False,False,False,False,False,False,True,False
3,female,Asian,5.076284408569336,2.076284408569336,0-4,True,False,True,False,False,False,False,True,False,False,False,False,False,False,False,False
54,female,Asian,52.55487060546875,1.44512939453125,45-64,True,False,True,False,False,False,False,False,False,False,False,False,True,False,False,False
50,female,White,33.29576110839844,16.704238891601562,45-64,True,False,False,False,False,False,True,False,False,False,False,False,True,False,False,False
1,male,Asian,1.072119951248169,0.07211995124816895,0-4,False,True,True,False,False,False,False,True,False,False,False,False,False,False,False,False
56,female,White,48.6683349609375,7.3316650390625,45-64,True,False,False,False,False,False,True,False,False,False,False,False,True,False,False,False
28,male,Black,28.24532127380371,0.24532127380371094,25-34,False,True,False,True,False,False,False,False,False,False,True,False,False,False,False,False
55,male,Indian,34.01372528076172,20.98627471923828,45-64,False,True,False,False,True,False,False,False,False,False,False,False,True,False,False,False
54,male,Indian,61.673553466796875,7.673553466796875,45-64,False,True,False,False,True,False,False,False,False,False,False,False,True,False,False,False
37,female,Black,29.975080490112305,7.024919509887695,35-44,True,False,False,True,False,False,False,False,False,False,False,True,False,False,False,False
35,male,Indian,32.93922424316406,2.0607757568359375,35-44,False,True,False,False,True,False,False,False,False,False,False,True,False,False,False,False
28,male,White,27.945552825927734,0.054447174072265625,25-34,False,True,False,False,False,False,True,False,False,False,True,False,False,False,False,False
36,female,Others,32.706092834472656,3.2939071655273438,35-44,True,False,False,False,False,True,False,False,False,False,False,True,False,False,False,False
4,female,Asian,4.115272045135498,0.11527204513549805,0-4,True,False,True,False,False,False,False,True,False,False,False,False,False,False,False,False
36,female,Indian,23.504138946533203,12.495861053466797,35-44,True,False,False,False,True,False,False,False,False,False,False,True,False,False,False,False
9,male,White,7.218402862548828,1.7815971374511719,5-17,False,True,False,False,False,False,True,False,True,False,False,False,False,False,False,False
7,female,White,4.109247207641602,2.8907527923583984,5-17,True,False,False,False,False,False,True,False,True,False,False,False,False,False,False,False
36,male,Black,48.23847198486328,12.238471984863281,35-44,False,True,False,True,False,False,False,False,False,False,False,True,False,False,False,False
26,male,Black,23.70032501220703,2.2996749877929688,25-34,False,True,False,True,False,False,False,False,False,False,True,False,False,False,False,False
24,male,Black,30.739238739013672,6.739238739013672,18-24,False,True,False,True,False,False,False,False,False,True,False,False,False,False,False,False
25,male,Black,36.995216369628906,11.995216369628906,25-34,False,True,False,True,False,False,False,False,False,False,True,False,False,False,False,False
27,female,Black,24.427976608276367,2.572023391723633,25-34,True,False,False,True,False,False,False,False,False,False,True,False,False,False,False,False
30,female,White,31.227415084838867,1.2274150848388672,25-34,True,False,False,False,False,False,True,False,False,False,True,False,False,False,False,False
67,male,White,66.3236312866211,0.6763687133789062,65-84,False,True,False,False,False,False,True,False,False,False,False,False,False,True,False,False
70,female,Indian,66.00410461425781,3.9958953857421875,65-84,True,False,False,False,True,False,False,False,False,False,False,False,False,True,False,False
39,female,White,36.460227966308594,2.5397720336914062,35-44,True,False,False,False,False,False,True,False,False,False,False,True,False,False,False,False
28,female,White,30.31134605407715,2.3113460540771484,25-34,True,False,False,False,False,False,True,False,False,False,True,False,False,False,False,False
42,female,Asian,31.808862686157227,10.191137313842773,35-44,True,False,True,False,False,False,False,False,False,False,False,True,False,False,False,False
62,female,Indian,46.74933624267578,15.250663757324219,45-64,True,False,False,False,True,False,False,False,False,False,False,False,True,False,False,False
39,female,White,30.548797607421875,8.451202392578125,35-44,True,False,False,False,False,False,True,False,False,False,False,True,False,False,False,False
32,male,Black,30.84406280517578,1.1559371948242188,25-34,False,True,False,True,False,False,False,False,False,False,True,False,False,False,False,False
39,female,Others,31.543245315551758,7.456754684448242,35-44,True,False,False,False,False,True,False,False,False,False,False,True,False,False,False,False
72,female,White,52.79857635498047,19.20142364501953,65-84,True,False,False,False,False,False,True,False,False,False,False,False,False,True,False,False
63,male,Asian,51.22736358642578,11.772636413574219,45-64,False,True,True,False,False,False,False,False,False,False,False,False,True,False,False,False
6,female,White,7.336997032165527,1.3369970321655273,5-17,True,False,False,False,False,False,True,False,True,False,False,False,False,False,False,False
34,male,Black,35.54635238647461,1.5463523864746094,25-34,False,True,False,True,False,False,False,False,False,False,True,False,False,False,False,False
46,male,White,34.599815368652344,11.400184631347656,45-64,False,True,False,False,False,False,True,False,False,False,False,False,True,False,False,False
24,female,Black,19.722230911254883,4.277769088745117,18-24,True,False,False,True,False,False,False,False,False,True,False,False,False,False,False,False
55,female,White,60.430877685546875,5.430877685546875,45-64,True,False,False,False,False,False,True,False,False,False,False,False,True,False,False,False
1,female,White,4.483670234680176,3.483670234680176,0-4,True,False,False,False,False,False,True,True,False,False,False,False,False,False,False,False
26,female,Black,41.73804473876953,15.738044738769531,25-34,True,False,False,True,False,False,False,False,False,False,True,False,False,False,False,False
77,female,White,76.52709197998047,0.47290802001953125,65-84,True,False,False,False,False,False,True,False,False,False,False,False,False,True,False,False
47,male,White,32.80144500732422,14.198554992675781,45-64,False,True,False,False,False,False,True,False,False,False,False,False,True,False,False,False
62,female,White,60.63938903808594,1.3606109619140625,45-64,True,False,False,False,False,False,True,False,False,False,False,False,True,False,False,False
45,female,Asian,24.805234909057617,20.194765090942383,45-64,True,False,True,False,False,False,False,False,False,False,False,False,True,False,False,False
52,male,White,53.58073806762695,1.5807380676269531,45-64,False,True,False,False,False,False,True,False,False,False,False,False,True,False,False,False
43,female,Black,24.66550636291504,18.33449363708496,35-44,True,False,False,True,False,False,False,False,False,False,False,True,False,False,False,False
37,male,Indian,26.410810470581055,10.589189529418945,35-44,False,True,False,False,True,False,False,False,False,False,False,True,False,False,False,False
70,male,White,57.928924560546875,12.071075439453125,65-84,False,True,False,False,False,False,True,False,False,False,False,False,False,True,False,False
21,male,Indian,20.16139030456543,0.8386096954345703,18-24,False,True,False,False,True,False,False,False,False,True,False,False,False,False,False,False
67,female,White,52.208255767822266,14.791744232177734,65-84,True,False,False,False,False,False,True,False,False,False,False,False,False,True,False,False
31,male,Indian,27.395170211791992,3.604829788208008,25-34,False,True,False,False,True,False,False,False,False,False,True,False,False,False,False,False
6,female,Asian,6.47672700881958,0.4767270088195801,5-17,True,False,True,False,False,False,False,False,True,False,False,False,False,False,False,False
22,female,White,27.076324462890625,5.076324462890625,18-24,True,False,False,False,False,False,True,False,False,True,False,False,False,False,False,False
96,female,White,74.81993865966797,21.18006134033203,85-99,True,False,False,False,False,False,True,False,False,False,False,False,False,False,True,False
5,male,White,15.232004165649414,10.232004165649414,5-17,False,True,False,False,False,False,True,False,True,False,False,False,False,False,False,False
68,male,Black,54.388511657714844,13.611488342285156,65-84,False,True,False,True,False,False,False,False,False,False,False,False,False,True,False,False
24,female,Asian,20.238327026367188,3.7616729736328125,18-24,True,False,True,False,False,False,False,False,False,True,False,False,False,False,False,False
41,female,Indian,38.59717559814453,2.4028244018554688,35-44,True,False,False,False,True,False,False,False,False,False,False,True,False,False,False,False
7,female,Indian,17.288162231445312,10.288162231445312,5-17,True,False,False,False,True,False,False,False,True,False,False,False,False,False,False,False
25,male,Indian,29.16194725036621,4.161947250366211,25-34,False,True,False,False,True,False,False,False,False,False,True,False,False,False,False,False
23,male,Indian,25.26261329650879,2.262613296508789,18-24,False,True,False,False,True,False,False,False,False,True,False,False,False,False,False,False
40,male,White,44.73444747924805,4.734447479248047,35-44,False,True,False,False,False,False,True,False,False,False,False,True,False,False,False,False
56,male,White,54.92265701293945,1.0773429870605469,45-64,False,True,False,False,False,False,True,False,False,False,False,False,True,False,False,False
17,male,White,25.049795150756836,8.049795150756836,5-17,False,True,False,False,False,False,True,False,True,False,False,False,False,False,False,False
55,male,White,47.95331954956055,7.046680450439453,45-64,False,True,False,False,False,False,True,False,False,False,False,False,True,False,False,False
69,male,White,75.03900146484375,6.03900146484375,65-84,False,True,False,False,False,False,True,False,False,False,False,False,False,True,False,False
26,female,Black,18.831035614013672,7.168964385986328,25-34,True,False,False,True,False,False,False,False,False,False,True,False,False,False,False,False
37,male,White,39.04695510864258,2.046955108642578,35-44,False,True,False,False,False,False,True,False,False,False,False,True,False,False,False,False
56,male,White,51.45928955078125,4.54071044921875,45-64,False,True,False,False,False,False,True,False,False,False,False,False,True,False,False,False
33,female,White,41.35665512084961,8.35665512084961,25-34,True,False,False,False,False,False,True,False,False,False,True,False,False,False,False,False
1,male,Others,1.3917542695999146,0.39175426959991455,0-4,False,True,False,False,False,True,False,True,False,False,False,False,False,False,False,False
25,female,White,20.80722999572754,4.192770004272461,25-34,True,False,False,False,False,False,True,False,False,False,True,False,False,False,False,False
40,female,Black,30.4567928314209,9.543207168579102,35-44,True,False,False,True,False,False,False,False,False,False,False,True,False,False,False,False
15,female,Black,34.545654296875,19.545654296875,5-17,True,False,False,True,False,False,False,False,True,False,False,False,False,False,False,False
24,female,Asian,21.581857681274414,2.418142318725586,18-24,True,False,True,False,False,False,False,False,False,True,False,False,False,False,False,False
26,female,Black,6.976062774658203,19.023937225341797,25-34,True,False,False,True,False,False,False,False,False,False,True,False,False,False,False,False
31,female,White,41.985721588134766,10.985721588134766,25-34,True,False,False,False,False,False,True,False,False,False,True,False,False,False,False,False
29,female,White,29.538894653320312,0.5388946533203125,25-34,True,False,False,False,False,False,True,False,False,False,True,False,False,False,False,False
38,female,White,35.11753845214844,2.8824615478515625,35-44,True,False,False,False,False,False,True,False,False,False,False,True,False,False,False,False
54,male,White,50.013118743896484,3.9868812561035156,45-64,False,True,False,False,False,False,True,False,False,False,False,False,True,False,False,False
20,female,Asian,21.49899673461914,1.4989967346191406,18-24,True,False,True,False,False,False,False,False,False,True,False,False,False,False,False,False
25,female,White,23.25336265563965,1.7466373443603516,25-34,True,False,False,False,False,False,True,False,False,False,True,False,False,False,False,False
60,male,White,73.82022857666016,13.820228576660156,45-64,False,True,False,False,False,False,True,False,False,False,False,False,True,False,False,False
26,female,Asian,33.21833038330078,7.218330383300781,25-34,True,False,True,False,False,False,False,False,False,False,True,False,False,False,False,False
26,male,Others,31.73195457458496,5.731954574584961,25-34,False,True,False,False,False,True,False,False,False,False,True,False,False,False,False,False
72,male,Black,60.314292907714844,11.685707092285156,65-84,False,True,False,True,False,False,False,False,False,False,False,False,False,True,False,False
29,male,Indian,23.769390106201172,5.230609893798828,25-34,False,True,False,False,True,False,False,False,False,False,True,False,False,False,False,False
2,female,White,0.46943342685699463,1.5305665731430054,0-4,True,False,False,False,False,False,True,True,False,False,False,False,False,False,False,False
27,female,Others,34.999324798583984,7.999324798583984,25-34,True,False,False,False,False,True,False,False,False,False,True,False,False,False,False,False
25,female,Indian,24.62379264831543,0.3762073516845703,25-34,True,False,False,False,True,False,False,False,False,False,True,False,False,False,False,False
37,male,Black,31.927173614501953,5.072826385498047,35-44,False,True,False,True,False,False,False,False,False,False,False,True,False,False,False,False
63,male,White,47.69151306152344,15.308486938476562,45-64,False,True,False,False,False,False,True,False,False,False,False,False,True,False,False,False
13,female,Asian,17.2325496673584,4.232549667358398,5-17,True,False,True,False,False,False,False,False,True,False,False,False,False,False,False,False
24,female,Black,35.12652587890625,11.12652587890625,18-24,True,False,False,True,False,False,False,False,False,True,False,False,False,False,False,False
26,male,Black,25.82194709777832,0.1780529022216797,25-34,False,True,False,True,False,False,False,False,False,False,True,False,False,False,False,False
28,female,Asian,26.218412399291992,1.7815876007080078,25-34,True,False,True,False,False,False,False,False,False,False,True,False,False,False,False,False
70,male,Black,68.97817993164062,1.021820068359375,65-84,False,True,False,True,False,False,False,False,False,False,False,False,False,True,False,False
1,female,Asian,0.02145669050514698,0.978543309494853,0-4,True,False,True,False,False,False,False,True,False,False,False,False,False,False,False,False
40,male,White,36.840293884277344,3.1597061157226562,35-44,False,True,False,False,False,False,True,False,False,False,False,True,False,False,False,False
30,female,Black,35.44439697265625,5.44439697265625,25-34,True,False,False,True,False,False,False,False,False,False,True,False,False,False,False,False
26,female,White,33.48918914794922,7.489189147949219,25-34,True,False,False,False,False,False,True,False,False,False,True,False,False,False,False,False
35,male,Indian,30.361753463745117,4.638246536254883,35-44,False,True,False,False,True,False,False,False,False,False,False,True,False,False,False,False
28,female,White,30.158296585083008,2.158296585083008,25-34,True,False,False,False,False,False,True,False,False,False,True,False,False,False,False,False
18,female,Asian,22.07212257385254,4.072122573852539,18-24,True,False,True,False,False,False,False,False,False,True,False,False,False,False,False,False
82,male,White,72.36558532714844,9.634414672851562,65-84,False,True,False,False,False,False,True,False,False,False,False,False,False,True,False,False
18,female,Black,19.881120681762695,1.8811206817626953,18-24,True,False,False,True,False,False,False,False,False,True,False,False,False,False,False,False
32,female,White,31.19695472717285,0.8030452728271484,25-34,True,False,False,False,False,False,True,False,False,False,True,False,False,False,False,False
30,female,Black,23.32492446899414,6.675075531005859,25-34,True,False,False,True,False,False,False,False,False,False,True,False,False,False,False,False
35,male,Indian,35.150386810302734,0.15038681030273438,35-44,False,True,False,False,True,False,False,False,False,False,False,True,False,False,False,False
68,female,White,68.96588897705078,0.9658889770507812,65-84,True,False,False,False,False,False,True,False,False,False,False,False,False,True,False,False
2,female,White,1.3800426721572876,0.6199573278427124,0-4,True,False,False,False,False,False,True,True,False,False,False,False,False,False,False,False
1,female,Indian,4.388674736022949,3.388674736022949,0-4,True,False,False,False,True,False,False,True,False,False,False,False,False,False,False,False
42,male,White,39.29920959472656,2.7007904052734375,35-44,False,True,False,False,False,False,True,False,False,False,False,True,False,False,False,False
40,male,Indian,29.006635665893555,10.993364334106445,35-44,False,True,False,False,True,False,False,False,False,False,False,True,False,False,False,False
26,male,Black,22.858320236206055,3.1416797637939453,25-34,False,True,False,True,False,False,False,False,False,False,True,False,False,False,False,False
54,male,White,47.98966979980469,6.0103302001953125,45-64,False,True,False,False,False,False,True,False,False,False,False,False,True,False,False,False
27,female,Indian,26.45672035217285,0.5432796478271484,25-34,True,False,False,False,True,False,False,False,False,False,True,False,False,False,False,False
45,male,White,30.997838973999023,14.002161026000977,45-64,False,True,False,False,False,False,True,False,False,False,False,False,True,False,False,False
28,male,Asian,34.792701721191406,6.792701721191406,25-34,False,True,True,False,False,False,False,False,False,False,True,False,False,False,False,False
27,female,Asian,22.808618545532227,4.191381454467773,25-34,True,False,True,False,False,False,False,False,False,False,True,False,False,False,False,False
25,female,White,25.558372497558594,0.5583724975585938,25-34,True,False,False,False,False,False,True,False,False,False,True,False,False,False,False,False
85,female,White,90.1806411743164,5.180641174316406,85-99,True,False,False,False,False,False,True,False,False,False,False,False,False,False,True,False
50,female,White,40.865440368652344,9.134559631347656,45-64,True,False,False,False,False,False,True,False,False,False,False,False,True,False,False,False
34,male,Black,31.664430618286133,2.335569381713867,25-34,False,True,False,True,False,False,False,False,False,False,True,False,False,False,False,False
1,male,Others,5.458737850189209,4.458737850189209,0-4,False,True,False,False,False,True,False,True,False,False,False,False,False,False,False,False
26,female,Asian,25.382654190063477,0.6173458099365234,25-34,True,False,True,False,False,False,False,False,False,False,True,False,False,False,False,False
14,male,Others,13.697036743164062,0.3029632568359375,5-17,False,True,False,False,False,True,False,False,True,False,False,False,False,False,False,False
26,female,Black,28.251760482788086,2.251760482788086,25-34,True,False,False,True,False,False,False,False,False,False,True,False,False,False,False,False
26,male,Asian,29.76345443725586,3.7634544372558594,25-34,False,True,True,False,False,False,False,False,False,False,True,False,False,False,False,False
27,male,Black,20.595678329467773,6.404321670532227,25-34,False,True,False,True,False,False,False,False,False,False,True,False,False,False,False,False
8,female,White,9.297628402709961,1.297628402709961,5-17,True,False,False,False,False,False,True,False,True,False,False,False,False,False,False,False
22,male,White,22.55500602722168,0.5550060272216797,18-24,False,True,False,False,False,False,True,False,False,True,False,False,False,False,False,False
54,male,Indian,42.39061737060547,11.609382629394531,45-64,False,True,False,False,True,False,False,False,False,False,False,False,True,False,False,False
16,male,White,21.415515899658203,5.415515899658203,5-17,False,True,False,False,False,False,True,False,True,False,False,False,False,False,False,False
16,female,White,16.495779037475586,0.49577903747558594,5-17,True,False,False,False,False,False,True,False,True,False,False,False,False,False,False,False
48,female,Black,43.375335693359375,4.624664306640625,45-64,True,False,False,True,False,False,False,False,False,False,False,False,True,False,False,False
1,male,Indian,15.666088104248047,14.666088104248047,0-4,False,True,False,False,True,False,False,True,False,False,False,False,False,False,False,False
12,female,White,22.193788528442383,10.193788528442383,5-17,True,False,False,False,False,False,True,False,True,False,False,False,False,False,False,False
23,male,Others,19.04188346862793,3.9581165313720703,18-24,False,True,False,False,False,True,False,False,False,True,False,False,False,False,False,False
40,male,White,22.3568058013916,17.6431941986084,35-44,False,True,False,False,False,False,True,False,False,False,False,True,False,False,False,False
50,male,White,54.37800216674805,4.378002166748047,45-64,False,True,False,False,False,False,True,False,False,False,False,False,True,False,False,False
26,male,Asian,30.801042556762695,4.801042556762695,25-34,False,True,True,False,False,False,False,False,False,False,True,False,False,False,False,False
23,female,Asian,27.686174392700195,4.686174392700195,18-24,True,False,True,False,False,False,False,False,False,True,False,False,False,False,False,False
45,male,Indian,33.57344055175781,11.426559448242188,45-64,False,True,False,False,True,False,False,False,False,False,False,False,True,False,False,False
52,male,White,50.7032470703125,1.2967529296875,45-64,False,True,False,False,False,False,True,False,False,False,False,False,True,False,False,False
66,female,White,46.5543327331543,19.445667266845703,65-84,True,False,False,False,False,False,True,False,False,False,False,False,False,True,False,False
25,female,Asian,15.772748947143555,9.227251052856445,25-34,True,False,True,False,False,False,False,False,False,False,True,False,False,False,False,False
22,female,Asian,29.556392669677734,7.556392669677734,18-24,True,False,True,False,False,False,False,False,False,True,False,False,False,False,False,False
1,female,White,1.577769160270691,0.5777691602706909,0-4,True,False,False,False,False,False,True,True,False,False,False,False,False,False,False,False
82,male,White,63.51509475708008,18.484905242919922,65-84,False,True,False,False,False,False,True,False,False,False,False,False,False,True,False,False
26,female,Others,26.193750381469727,0.19375038146972656,25-34,True,False,False,False,False,True,False,False,False,False,True,False,False,False,False,False
40,female,White,39.58211135864258,0.4178886413574219,35-44,True,False,False,False,False,False,True,False,False,False,False,True,False,False,False,False
25,female,Indian,28.693994522094727,3.6939945220947266,25-34,True,False,False,False,True,False,False,False,False,False,True,False,False,False,False,False
36,male,Black,41.62372970581055,5.623729705810547,35-44,False,True,False,True,False,False,False,False,False,False,False,True,False,False,False,False
31,female,Asian,26.37891960144043,4.62108039855957,25-34,True,False,True,False,False,False,False,False,False,False,True,False,False,False,False,False
24,male,Asian,19.934782028198242,4.065217971801758,18-24,False,True,True,False,False,False,False,False,False,True,False,False,False,False,False,False
40,female,Black,42.7337646484375,2.7337646484375,35-44,True,False,False,True,False,False,False,False,False,False,False,True,False,False,False,False
1,female,Others,5.024284362792969,4.024284362792969,0-4,True,False,False,False,False,True,False,True,False,False,False,False,False,False,False,False
55,male,Indian,42.0850830078125,12.9149169921875,45-64,False,True,False,False,True,False,False,False,False,False,False,False,True,False,False,False
25,female,Indian,34.574913024902344,9.574913024902344,25-34,True,False,False,False,True,False,False,False,False,False,True,False,False,False,False,False
35,male,White,52.41613006591797,17.41613006591797,35-44,False,True,False,False,False,False,True,False,False,False,False,True,False,False,False,False
48,male,Black,51.18083953857422,3.1808395385742188,45-64,False,True,False,True,False,False,False,False,False,False,False,False,True,False,False,False
50,male,White,46.72740936279297,3.2725906372070312,45-64,False,True,False,False,False,False,True,False,False,False,False,False,True,False,False,False
23,male,Black,32.74308776855469,9.743087768554688,18-24,False,True,False,True,False,False,False,False,False,True,False,False,False,False,False,False
2,female,Others,16.681228637695312,14.681228637695312,0-4,True,False,False,False,False,True,False,True,False,False,False,False,False,False,False,False
24,female,Indian,24.805734634399414,0.8057346343994141,18-24,True,False,False,False,True,False,False,False,False,True,False,False,False,False,False,False
60,female,White,49.812129974365234,10.187870025634766,45-64,True,False,False,False,False,False,True,False,False,False,False,False,True,False,False,False
27,female,White,35.61750030517578,8.617500305175781,25-34,True,False,False,False,False,False,True,False,False,False,True,False,False,False,False,False
21,female,Others,30.00640106201172,9.006401062011719,18-24,True,False,False,False,False,True,False,False,False,True,False,False,False,False,False,False
36,male,Indian,43.456153869628906,7.456153869628906,35-44,False,True,False,False,True,False,False,False,False,False,False,True,False,False,False,False
15,female,White,10.255556106567383,4.744443893432617,5-17,True,False,False,False,False,False,True,False,True,False,False,False,False,False,False,False
75,female,White,79.9774398803711,4.977439880371094,65-84,True,False,False,False,False,False,True,False,False,False,False,False,False,True,False,False
29,male,Indian,30.90913963317871,1.909139633178711,25-34,False,True,False,False,True,False,False,False,False,False,True,False,False,False,False,False
28,male,White,33.89729309082031,5.8972930908203125,25-34,False,True,False,False,False,False,True,False,False,False,True,False,False,False,False,False
28,male,Indian,25.104394912719727,2.8956050872802734,25-34,False,True,False,False,True,False,False,False,False,False,True,False,False,False,False,False
32,male,Asian,28.055566787719727,3.9444332122802734,25-34,False,True,True,False,False,False,False,False,False,False,True,False,False,False,False,False
42,male,Indian,33.75950622558594,8.240493774414062,35-44,False,True,False,False,True,False,False,False,False,False,False,True,False,False,False,False
28,male,Indian,27.785240173339844,0.21475982666015625,25-34,False,True,False,False,True,False,False,False,False,False,True,False,False,False,False,False
30,female,White,30.429841995239258,0.4298419952392578,25-34,True,False,False,False,False,False,True,False,False,False,True,False,False,False,False,False
35,male,Indian,32.74703598022461,2.2529640197753906,35-44,False,True,False,False,True,False,False,False,False,False,False,True,False,False,False,False
54,male,Black,44.740562438964844,9.259437561035156,45-64,False,True,False,True,False,False,False,False,False,False,False,False,True,False,False,False
24,male,Indian,37.776885986328125,13.776885986328125,18-24,False,True,False,False,True,False,False,False,False,True,False,False,False,False,False,False
29,male,Asian,31.17453956604004,2.174539566040039,25-34,False,True,True,False,False,False,False,False,False,False,True,False,False,False,False,False
8,female,Others,1.6076905727386475,6.3923094272613525,5-17,True,False,False,False,False,True,False,False,True,False,False,False,False,False,False,False
3,female,White,2.2491884231567383,0.7508115768432617,0-4,True,False,False,False,False,False,True,True,False,False,False,False,False,False,False,False
26,male,White,32.44681167602539,6.446811676025391,25-34,False,True,False,False,False,False,True,False,False,False,True,False,False,False,False,False
67,female,White,68.7155990600586,1.7155990600585938,65-84,True,False,False,False,False,False,True,False,False,False,False,False,False,True,False,False
56,male,White,49.259796142578125,6.740203857421875,45-64,False,True,False,False,False,False,True,False,False,False,False,False,True,False,False,False
6,female,White,9.796387672424316,3.7963876724243164,5-17,True,False,False,False,False,False,True,False,True,False,False,False,False,False,False,False
6,female,Asian,9.342535018920898,3.3425350189208984,5-17,True,False,True,False,False,False,False,False,True,False,False,False,False,False,False,False
45,female,Others,30.187162399291992,14.812837600708008,45-64,True,False,False,False,False,True,False,False,False,False,False,False,True,False,False,False
50,male,Black,41.11830139160156,8.881698608398438,45-64,False,True,False,True,False,False,False,False,False,False,False,False,True,False,False,False
29,male,Black,33.46815872192383,4.468158721923828,25-34,False,True,False,True,False,False,False,False,False,False,True,False,False,False,False,False
24,male,Asian,23.923933029174805,0.07606697082519531,18-24,False,True,True,False,False,False,False,False,False,True,False,False,False,False,False,False
32,female,Black,30.2255802154541,1.7744197845458984,25-34,True,False,False,True,False,False,False,False,False,False,True,False,False,False,False,False
20,male,Black,25.502296447753906,5.502296447753906,18-24,False,True,False,True,False,False,False,False,False,True,False,False,False,False,False,False
18,female,White,17.77496910095215,0.22503089904785156,18-24,True,False,False,False,False,False,True,False,False,True,False,False,False,False,False,False
1,female,White,-0.16349954903125763,1.1634995490312576,0-4,True,False,False,False,False,False,True,True,False,False,False,False,False,False,False,False
26,male,Black,26.739442825317383,0.7394428253173828,25-34,False,True,False,True,False,False,False,False,False,False,True,False,False,False,False,False
34,female,Black,25.167184829711914,8.832815170288086,25-34,True,False,False,True,False,False,False,False,False,False,True,False,False,False,False,False
13,male,White,9.467546463012695,3.5324535369873047,5-17,False,True,False,False,False,False,True,False,True,False,False,False,False,False,False,False
35,male,Asian,28.625349044799805,6.374650955200195,35-44,False,True,True,False,False,False,False,False,False,False,False,True,False,False,False,False
22,female,Asian,28.236469268798828,6.236469268798828,18-24,True,False,True,False,False,False,False,False,False,True,False,False,False,False,False,False
9,male,White,6.943870544433594,2.0561294555664062,5-17,False,True,False,False,False,False,True,False,True,False,False,False,False,False,False,False
24,male,Others,18.34378433227539,5.656215667724609,18-24,False,True,False,False,False,True,False,False,False,True,False,False,False,False,False,False
5,male,White,10.243412017822266,5.243412017822266,5-17,False,True,False,False,False,False,True,False,True,False,False,False,False,False,False,False
1,female,White,0.9865668416023254,0.01343315839767456,0-4,True,False,False,False,False,False,True,True,False,False,False,False,False,False,False,False
25,female,Indian,25.207433700561523,0.20743370056152344,25-34,True,False,False,False,True,False,False,False,False,False,True,False,False,False,False,False
25,female,Black,35.07649230957031,10.076492309570312,25-34,True,False,False,True,False,False,False,False,False,False,True,False,False,False,False,False
2,female,Indian,1.0813030004501343,0.9186969995498657,0-4,True,False,False,False,True,False,False,True,False,False,False,False,False,False,False,False
43,female,Black,32.23915100097656,10.760848999023438,35-44,True,False,False,True,False,False,False,False,False,False,False,True,False,False,False,False
23,female,White,45.81781005859375,22.81781005859375,18-24,True,False,False,False,False,False,True,False,False,True,False,False,False,False,False,False
39,male,Asian,38.40039825439453,0.5996017456054688,35-44,False,True,True,False,False,False,False,False,False,False,False,True,False,False,False,False
26,female,White,26.612825393676758,0.6128253936767578,25-34,True,False,False,False,False,False,True,False,False,False,True,False,False,False,False,False
42,male,White,34.496456146240234,7.503543853759766,35-44,False,True,False,False,False,False,True,False,False,False,False,True,False,False,False,False
56,male,White,47.87263107299805,8.127368927001953,45-64,False,True,False,False,False,False,True,False,False,False,False,False,True,False,False,False
47,male,White,51.629154205322266,4.629154205322266,45-64,False,True,False,False,False,False,True,False,False,False,False,False,True,False,False,False
2,female,Asian,1.8079842329025269,0.19201576709747314,0-4,True,False,True,False,False,False,False,True,False,False,False,False,False,False,False,False
28,male,Black,22.849870681762695,5.150129318237305,25-34,False,True,False,True,False,False,False,False,False,False,True,False,False,False,False,False
42,female,White,32.77454376220703,9.225456237792969,35-44,True,False,False,False,False,False,True,False,False,False,False,True,False,False,False,False
58,male,White,58.100685119628906,0.10068511962890625,45-64,False,True,False,False,False,False,True,False,False,False,False,False,True,False,False,False
59,female,Asian,49.950157165527344,9.049842834472656,45-64,True,False,True,False,False,False,False,False,False,False,False,False,True,False,False,False
28,male,White,28.852149963378906,0.8521499633789062,25-34,False,True,False,False,False,False,True,False,False,False,True,False,False,False,False,False
25,female,Asian,22.753582000732422,2.246417999267578,25-34,True,False,True,False,False,False,False,False,False,False,True,False,False,False,False,False
32,male,White,32.331085205078125,0.331085205078125,25-34,False,True,False,False,False,False,True,False,False,False,True,False,False,False,False,False
27,female,Others,47.271141052246094,20.271141052246094,25-34,True,False,False,False,False,True,False,False,False,False,True,False,False,False,False,False
24,male,Asian,24.719785690307617,0.7197856903076172,18-24,False,True,True,False,False,False,False,False,False,True,False,False,False,False,False,False
103,male,Asian,92.77994537353516,10.220054626464844,100-119,False,True,True,False,False,False,False,False,False,False,False,False,False,False,False,True
55,female,Indian,22.84737205505371,32.15262794494629,45-64,True,False,False,False,True,False,False,False,False,False,False,False,True,False,False,False
38,female,Asian,30.655550003051758,7.344449996948242,35-44,True,False,True,False,False,False,False,False,False,False,False,True,False,False,False,False
26,female,White,27.5744686126709,1.5744686126708984,25-34,True,False,False,False,False,False,True,False,False,False,True,False,False,False,False,False
50,male,White,56.71137237548828,6.711372375488281,45-64,False,True,False,False,False,False,True,False,False,False,False,False,True,False,False,False
26,female,Asian,25.294675827026367,0.7053241729736328,25-34,True,False,True,False,False,False,False,False,False,False,True,False,False,False,False,False
53,male,Indian,66.63520050048828,13.635200500488281,45-64,False,True,False,False,True,False,False,False,False,False,False,False,True,False,False,False
47,male,White,50.516937255859375,3.516937255859375,45-64,False,True,False,False,False,False,True,False,False,False,False,False,True,False,False,False
19,female,White,10.067049026489258,8.932950973510742,18-24,True,False,False,False,False,False,True,False,False,True,False,False,False,False,False,False
27,female,White,25.453956604003906,1.5460433959960938,25-34,True,False,False,False,False,False,True,False,False,False,True,False,False,False,False,False
26,male,White,27.899761199951172,1.8997611999511719,25-34,False,True,False,False,False,False,True,False,False,False,True,False,False,False,False,False
6,female,Black,6.488466739654541,0.488466739654541,5-17,True,False,False,True,False,False,False,False,True,False,False,False,False,False,False,False
28,female,White,26.23719596862793,1.7628040313720703,25-34,True,False,False,False,False,False,True,False,False,False,True,False,False,False,False,False
24,female,Black,26.34398078918457,2.3439807891845703,18-24,True,False,False,True,False,False,False,False,False,True,False,False,False,False,False,False
38,male,Asian,36.51240539550781,1.4875946044921875,35-44,False,True,True,False,False,False,False,False,False,False,False,True,False,False,False,False
49,male,White,52.49515914916992,3.495159149169922,45-64,False,True,False,False,False,False,True,False,False,False,False,False,True,False,False,False
58,male,White,50.74955749511719,7.2504425048828125,45-64,False,True,False,False,False,False,True,False,False,False,False,False,True,False,False,False
96,female,White,81.58258056640625,14.41741943359375,85-99,True,False,False,False,False,False,True,False,False,False,False,False,False,False,True,False
43,male,White,35.72870635986328,7.271293640136719,35-44,False,True,False,False,False,False,True,False,False,False,False,True,False,False,False,False
65,female,Black,38.71567916870117,26.284320831298828,65-84,True,False,False,True,False,False,False,False,False,False,False,False,False,True,False,False
14,female,Black,22.909793853759766,8.909793853759766,5-17,True,False,False,True,False,False,False,False,True,False,False,False,False,False,False,False
42,male,Others,41.96762466430664,0.032375335693359375,35-44,False,True,False,False,False,True,False,False,False,False,False,True,False,False,False,False
50,female,White,38.24086380004883,11.759136199951172,45-64,True,False,False,False,False,False,True,False,False,False,False,False,True,False,False,False
6,female,Asian,4.999428749084473,1.0005712509155273,5-17,True,False,True,False,False,False,False,False,True,False,False,False,False,False,False,False
36,male,Asian,47.83830261230469,11.838302612304688,35-44,False,True,True,False,False,False,False,False,False,False,False,True,False,False,False,False
25,male,Black,27.94554328918457,2.9455432891845703,25-34,False,True,False,True,False,False,False,False,False,False,True,False,False,False,False,False
45,male,Black,46.93309020996094,1.9330902099609375,45-64,False,True,False,True,False,False,False,False,False,False,False,False,True,False,False,False
25,female,Black,23.960689544677734,1.0393104553222656,25-34,True,False,False,True,False,False,False,False,False,False,True,False,False,False,False,False
26,male,Asian,24.673810958862305,1.3261890411376953,25-34,False,True,True,False,False,False,False,False,False,False,True,False,False,False,False,False
2,male,Asian,0.27270814776420593,1.727291852235794,0-4,False,True,True,False,False,False,False,True,False,False,False,False,False,False,False,False
20,female,White,21.65315055847168,1.6531505584716797,18-24,True,False,False,False,False,False,True,False,False,True,False,False,False,False,False,False
8,female,White,10.836799621582031,2.8367996215820312,5-17,True,False,False,False,False,False,True,False,True,False,False,False,False,False,False,False
50,female,White,36.42738342285156,13.572616577148438,45-64,True,False,False,False,False,False,True,False,False,False,False,False,True,False,False,False
26,female,Indian,25.424741744995117,0.5752582550048828,25-34,True,False,False,False,True,False,False,False,False,False,True,False,False,False,False,False
19,male,White,26.734546661376953,7.734546661376953,18-24,False,True,False,False,False,False,True,False,False,True,False,False,False,False,False,False
24,male,Black,25.97465705871582,1.9746570587158203,18-24,False,True,False,True,False,False,False,False,False,True,False,False,False,False,False,False
29,female,White,25.204984664916992,3.795015335083008,25-34,True,False,False,False,False,False,True,False,False,False,True,False,False,False,False,False
2,male,Others,2.840590715408325,0.8405907154083252,0-4,False,True,False,False,False,True,False,True,False,False,False,False,False,False,False,False
30,female,Indian,20.426298141479492,9.573701858520508,25-34,True,False,False,False,True,False,False,False,False,False,True,False,False,False,False,False
3,male,White,3.025474786758423,0.02547478675842285,0-4,False,True,False,False,False,False,True,True,False,False,False,False,False,False,False,False
30,male,Black,32.74692153930664,2.7469215393066406,25-34,False,True,False,True,False,False,False,False,False,False,True,False,False,False,False,False
52,male,Black,51.20916748046875,0.79083251953125,45-64,False,True,False,True,False,False,False,False,False,False,False,False,True,False,False,False
4,male,Indian,5.067943572998047,1.0679435729980469,0-4,False,True,False,False,True,False,False,True,False,False,False,False,False,False,False,False
30,female,White,39.854087829589844,9.854087829589844,25-34,True,False,False,False,False,False,True,False,False,False,True,False,False,False,False,False
26,male,Asian,22.9796199798584,3.0203800201416016,25-34,False,True,True,False,False,False,False,False,False,False,True,False,False,False,False,False
26,male,White,29.51795196533203,3.5179519653320312,25-34,False,True,False,False,False,False,True,False,False,False,True,False,False,False,False,False
7,male,White,20.569427490234375,13.569427490234375,5-17,False,True,False,False,False,False,True,False,True,False,False,False,False,False,False,False
32,male,Indian,27.589488983154297,4.410511016845703,25-34,False,True,False,False,True,False,False,False,False,False,True,False,False,False,False,False
26,female,White,32.820255279541016,6.820255279541016,25-34,True,False,False,False,False,False,True,False,False,False,True,False,False,False,False,False
8,female,Asian,7.12220573425293,0.8777942657470703,5-17,True,False,True,False,False,False,False,False,True,False,False,False,False,False,False,False
1,male,Others,2.3880345821380615,1.3880345821380615,0-4,False,True,False,False,False,True,False,True,False,False,False,False,False,False,False,False
18,female,Asian,20.38017463684082,2.3801746368408203,18-24,True,False,True,False,False,False,False,False,False,True,False,False,False,False,False,False
61,male,White,53.3957405090332,7.604259490966797,45-64,False,True,False,False,False,False,True,False,False,False,False,False,True,False,False,False
19,male,Others,29.141080856323242,10.141080856323242,18-24,False,True,False,False,False,True,False,False,False,True,False,False,False,False,False,False
40,male,White,40.223876953125,0.223876953125,35-44,False,True,False,False,False,False,True,False,False,False,False,True,False,False,False,False
21,male,White,27.968196868896484,6.968196868896484,18-24,False,True,False,False,False,False,True,False,False,True,False,False,False,False,False,False
50,male,White,54.161006927490234,4.161006927490234,45-64,False,True,False,False,False,False,True,False,False,False,False,False,True,False,False,False
1,male,Asian,-0.9002130627632141,1.9002130627632141,0-4,False,True,True,False,False,False,False,True,False,False,False,False,False,False,False,False
40,male,Black,38.63157272338867,1.3684272766113281,35-44,False,True,False,True,False,False,False,False,False,False,False,True,False,False,False,False
26,female,Indian,25.609323501586914,0.39067649841308594,25-34,True,False,False,False,True,False,False,False,False,False,True,False,False,False,False,False
58,male,Black,57.1268196105957,0.8731803894042969,45-64,False,True,False,True,False,False,False,False,False,False,False,False,True,False,False,False
26,female,Black,26.678892135620117,0.6788921356201172,25-34,True,False,False,True,False,False,False,False,False,False,True,False,False,False,False,False
30,female,Indian,26.835676193237305,3.1643238067626953,25-34,True,False,False,False,True,False,False,False,False,False,True,False,False,False,False,False
51,male,White,45.88495635986328,5.115043640136719,45-64,False,True,False,False,False,False,True,False,False,False,False,False,True,False,False,False
25,female,White,25.973751068115234,0.9737510681152344,25-34,True,False,False,False,False,False,True,False,False,False,True,False,False,False,False,False
2,male,Asian,0.7565476298332214,1.2434523701667786,0-4,False,True,True,False,False,False,False,True,False,False,False,False,False,False,False,False
35,female,Asian,26.887224197387695,8.112775802612305,35-44,True,False,True,False,False,False,False,False,False,False,False,True,False,False,False,False
73,male,Indian,63.953372955322266,9.046627044677734,65-84,False,True,False,False,True,False,False,False,False,False,False,False,False,True,False,False
42,male,Asian,34.657958984375,7.342041015625,35-44,False,True,True,False,False,False,False,False,False,False,False,True,False,False,False,False
5,female,Black,13.46070671081543,8.46070671081543,5-17,True,False,False,True,False,False,False,False,True,False,False,False,False,False,False,False
32,female,White,50.5311279296875,18.5311279296875,25-34,True,False,False,False,False,False,True,False,False,False,True,False,False,False,False,False
35,female,Others,40.7652587890625,5.7652587890625,35-44,True,False,False,False,False,True,False,False,False,False,False,True,False,False,False,False
26,male,White,32.056602478027344,6.056602478027344,25-34,False,True,False,False,False,False,True,False,False,False,True,False,False,False,False,False
4,female,Black,4.802935600280762,0.8029356002807617,0-4,True,False,False,True,False,False,False,True,False,False,False,False,False,False,False,False
53,female,Others,29.81121826171875,23.18878173828125,45-64,True,False,False,False,False,True,False,False,False,False,False,False,True,False,False,False
16,male,Black,7.564767837524414,8.435232162475586,5-17,False,True,False,True,False,False,False,False,True,False,False,False,False,False,False,False
40,female,Black,26.27195167541504,13.728048324584961,35-44,True,False,False,True,False,False,False,False,False,False,False,True,False,False,False,False
50,male,White,54.617820739746094,4.617820739746094,45-64,False,True,False,False,False,False,True,False,False,False,False,False,True,False,False,False
36,female,White,20.918359756469727,15.081640243530273,35-44,True,False,False,False,False,False,True,False,False,False,False,True,False,False,False,False
8,female,White,15.200727462768555,7.200727462768555,5-17,True,False,False,False,False,False,True,False,True,False,False,False,False,False,False,False
23,male,Black,20.704389572143555,2.2956104278564453,18-24,False,True,False,True,False,False,False,False,False,True,False,False,False,False,False,False
28,male,Black,42.2393684387207,14.239368438720703,25-34,False,True,False,True,False,False,False,False,False,False,True,False,False,False,False,False
2,female,White,2.042750835418701,0.04275083541870117,0-4,True,False,False,False,False,False,True,True,False,False,False,False,False,False,False,False
37,male,White,26.063188552856445,10.936811447143555,35-44,False,True,False,False,False,False,True,False,False,False,False,True,False,False,False,False
45,male,White,42.78097152709961,2.2190284729003906,45-64,False,True,False,False,False,False,True,False,False,False,False,False,True,False,False,False
28,male,Indian,30.41436195373535,2.4143619537353516,25-34,False,True,False,False,True,False,False,False,False,False,True,False,False,False,False,False
35,male,Black,27.245820999145508,7.754179000854492,35-44,False,True,False,True,False,False,False,False,False,False,False,True,False,False,False,False
26,female,White,24.673017501831055,1.3269824981689453,25-34,True,False,False,False,False,False,True,False,False,False,True,False,False,False,False,False
80,female,White,62.4393196105957,17.560680389404297,65-84,True,False,False,False,False,False,True,False,False,False,False,False,False,True,False,False
49,female,Black,47.536659240722656,1.4633407592773438,45-64,True,False,False,True,False,False,False,False,False,False,False,False,True,False,False,False
21,female,Black,20.049894332885742,0.9501056671142578,18-24,True,False,False,True,False,False,False,False,False,True,False,False,False,False,False,False
20,female,White,26.0284481048584,6.028448104858398,18-24,True,False,False,False,False,False,True,False,False,True,False,False,False,False,False,False
45,male,Black,33.12693786621094,11.873062133789062,45-64,False,True,False,True,False,False,False,False,False,False,False,False,True,False,False,False
42,male,White,49.683807373046875,7.683807373046875,35-44,False,True,False,False,False,False,True,False,False,False,False,True,False,False,False,False
23,male,White,18.91787338256836,4.082126617431641,18-24,False,True,False,False,False,False,True,False,False,True,False,False,False,False,False,False
32,female,White,27.88530921936035,4.114690780639648,25-34,True,False,False,False,False,False,True,False,False,False,True,False,False,False,False,False
27,male,Indian,24.37787628173828,2.6221237182617188,25-34,False,True,False,False,True,False,False,False,False,False,True,False,False,False,False,False
30,male,Indian,30.697294235229492,0.6972942352294922,25-34,False,True,False,False,True,False,False,False,False,False,True,False,False,False,False,False
31,female,Black,22.855180740356445,8.144819259643555,25-34,True,False,False,True,False,False,False,False,False,False,True,False,False,False,False,False
28,male,White,28.218515396118164,0.21851539611816406,25-34,False,True,False,False,False,False,True,False,False,False,True,False,False,False,False,False
31,male,Asian,26.606901168823242,4.393098831176758,25-34,False,True,True,False,False,False,False,False,False,False,True,False,False,False,False,False
27,female,White,26.16119956970215,0.8388004302978516,25-34,True,False,False,False,False,False,True,False,False,False,True,False,False,False,False,False
25,male,White,25.47294044494629,0.47294044494628906,25-34,False,True,False,False,False,False,True,False,False,False,True,False,False,False,False,False
1,male,Asian,0.1583077311515808,0.8416922688484192,0-4,False,True,True,False,False,False,False,True,False,False,False,False,False,False,False,False
70,female,White,66.79854583740234,3.2014541625976562,65-84,True,False,False,False,False,False,True,False,False,False,False,False,False,True,False,False
28,male,Black,23.07765007019043,4.92234992980957,25-34,False,True,False,True,False,False,False,False,False,False,True,False,False,False,False,False
32,female,White,40.491844177246094,8.491844177246094,25-34,True,False,False,False,False,False,True,False,False,False,True,False,False,False,False,False
62,male,White,64.03742218017578,2.0374221801757812,45-64,False,True,False,False,False,False,True,False,False,False,False,False,True,False,False,False
3,male,White,10.341453552246094,7.341453552246094,0-4,False,True,False,False,False,False,True,True,False,False,False,False,False,False,False,False
26,female,Black,25.655115127563477,0.34488487243652344,25-34,True,False,False,True,False,False,False,False,False,False,True,False,False,False,False,False
24,female,Others,28.947656631469727,4.947656631469727,18-24,True,False,False,False,False,True,False,False,False,True,False,False,False,False,False,False
39,female,Black,34.286712646484375,4.713287353515625,35-44,True,False,False,True,False,False,False,False,False,False,False,True,False,False,False,False
15,female,White,16.378671646118164,1.378671646118164,5-17,True,False,False,False,False,False,True,False,True,False,False,False,False,False,False,False
85,female,White,81.11115264892578,3.8888473510742188,85-99,True,False,False,False,False,False,True,False,False,False,False,False,False,False,True,False
25,female,Indian,39.1982421875,14.1982421875,25-34,True,False,False,False,True,False,False,False,False,False,True,False,False,False,False,False
26,female,Asian,24.341596603393555,1.6584033966064453,25-34,True,False,True,False,False,False,False,False,False,False,True,False,False,False,False,False
5,female,White,3.462785005569458,1.537214994430542,5-17,True,False,False,False,False,False,True,False,True,False,False,False,False,False,False,False
40,male,Others,32.74703598022461,7.252964019775391,35-44,False,True,False,False,False,True,False,False,False,False,False,True,False,False,False,False
32,female,Others,27.068891525268555,4.931108474731445,25-34,True,False,False,False,False,True,False,False,False,False,True,False,False,False,False,False
44,female,Indian,38.68058395385742,5.319416046142578,35-44,True,False,False,False,True,False,False,False,False,False,False,True,False,False,False,False
17,male,Black,25.353078842163086,8.353078842163086,5-17,False,True,False,True,False,False,False,False,True,False,False,False,False,False,False,False
31,female,Black,31.865217208862305,0.8652172088623047,25-34,True,False,False,True,False,False,False,False,False,False,True,False,False,False,False,False
60,female,White,41.27392578125,18.72607421875,45-64,True,False,False,False,False,False,True,False,False,False,False,False,True,False,False,False
40,male,White,53.78936767578125,13.78936767578125,35-44,False,True,False,False,False,False,True,False,False,False,False,True,False,False,False,False
10,female,White,13.138139724731445,3.1381397247314453,5-17,True,False,False,False,False,False,True,False,True,False,False,False,False,False,False,False
32,female,Black,27.253135681152344,4.746864318847656,25-34,True,False,False,True,False,False,False,False,False,False,True,False,False,False,False,False
32,male,White,37.00859832763672,5.008598327636719,25-34,False,True,False,False,False,False,True,False,False,False,True,False,False,False,False,False
36,male,White,42.4830322265625,6.4830322265625,35-44,False,True,False,False,False,False,True,False,False,False,False,True,False,False,False,False
1,male,Indian,1.0464727878570557,0.046472787857055664,0-4,False,True,False,False,True,False,False,True,False,False,False,False,False,False,False,False
27,male,White,23.67344093322754,3.326559066772461,25-34,False,True,False,False,False,False,True,False,False,False,True,False,False,False,False,False
53,female,White,48.67940902709961,4.320590972900391,45-64,True,False,False,False,False,False,True,False,False,False,False,False,True,False,False,False
8,female,Others,16.898338317871094,8.898338317871094,5-17,True,False,False,False,False,True,False,False,True,False,False,False,False,False,False,False
17,male,White,16.476905822753906,0.5230941772460938,5-17,False,True,False,False,False,False,True,False,True,False,False,False,False,False,False,False
60,female,White,50.4556884765625,9.5443115234375,45-64,True,False,False,False,False,False,True,False,False,False,False,False,True,False,False,False
68,female,Black,26.712419509887695,41.287580490112305,65-84,True,False,False,True,False,False,False,False,False,False,False,False,False,True,False,False
20,female,Black,27.846729278564453,7.846729278564453,18-24,True,False,False,True,False,False,False,False,False,True,False,False,False,False,False,False
18,female,White,14.685389518737793,3.314610481262207,18-24,True,False,False,False,False,False,True,False,False,True,False,False,False,False,False,False
2,male,Asian,2.9938082695007324,0.9938082695007324,0-4,False,True,True,False,False,False,False,True,False,False,False,False,False,False,False,False
75,male,White,60.469627380371094,14.530372619628906,65-84,False,True,False,False,False,False,True,False,False,False,False,False,False,True,False,False
26,male,White,20.443689346313477,5.556310653686523,25-34,False,True,False,False,False,False,True,False,False,False,True,False,False,False,False,False
44,male,Asian,50.44837951660156,6.4483795166015625,35-44,False,True,True,False,False,False,False,False,False,False,False,True,False,False,False,False
55,male,White,60.760162353515625,5.760162353515625,45-64,False,True,False,False,False,False,True,False,False,False,False,False,True,False,False,False
24,female,Indian,15.90948486328125,8.09051513671875,18-24,True,False,False,False,True,False,False,False,False,True,False,False,False,False,False,False
26,male,White,30.086366653442383,4.086366653442383,25-34,False,True,False,False,False,False,True,False,False,False,True,False,False,False,False,False
3,male,Indian,18.36586570739746,15.365865707397461,0-4,False,True,False,False,True,False,False,True,False,False,False,False,False,False,False,False
59,male,White,49.093475341796875,9.906524658203125,45-64,False,True,False,False,False,False,True,False,False,False,False,False,True,False,False,False
61,male,White,48.47229766845703,12.527702331542969,45-64,False,True,False,False,False,False,True,False,False,False,False,False,True,False,False,False
51,female,White,51.37348175048828,0.37348175048828125,45-64,True,False,False,False,False,False,True,False,False,False,False,False,True,False,False,False
26,male,Black,26.463958740234375,0.463958740234375,25-34,False,True,False,True,False,False,False,False,False,False,True,False,False,False,False,False
27,male,Others,27.970773696899414,0.9707736968994141,25-34,False,True,False,False,False,True,False,False,False,False,True,False,False,False,False,False
59,male,White,58.87981033325195,0.12018966674804688,45-64,False,True,False,False,False,False,True,False,False,False,False,False,True,False,False,False
27,female,Asian,29.832109451293945,2.8321094512939453,25-34,True,False,True,False,False,False,False,False,False,False,True,False,False,False,False,False
24,female,Black,20.139463424682617,3.860536575317383,18-24,True,False,False,True,False,False,False,False,False,True,False,False,False,False,False,False
27,female,White,26.202791213989258,0.7972087860107422,25-34,True,False,False,False,False,False,True,False,False,False,True,False,False,False,False,False
14,male,Others,17.610145568847656,3.6101455688476562,5-17,False,True,False,False,False,True,False,False,True,False,False,False,False,False,False,False
35,female,Others,24.786212921142578,10.213787078857422,35-44,True,False,False,False,False,True,False,False,False,False,False,True,False,False,False,False
90,female,White,79.84008026123047,10.159919738769531,85-99,True,False,False,False,False,False,True,False,False,False,False,False,False,False,True,False
20,female,White,30.664670944213867,10.664670944213867,18-24,True,False,False,False,False,False,True,False,False,True,False,False,False,False,False,False
24,male,Black,25.224287033081055,1.2242870330810547,18-24,False,True,False,True,False,False,False,False,False,True,False,False,False,False,False,False
26,male,White,31.170778274536133,5.170778274536133,25-34,False,True,False,False,False,False,True,False,False,False,True,False,False,False,False,False
26,female,White,25.698768615722656,0.30123138427734375,25-34,True,False,False,False,False,False,True,False,False,False,True,False,False,False,False,False
21,male,Black,24.73955726623535,3.7395572662353516,18-24,False,True,False,True,False,False,False,False,False,True,False,False,False,False,False,False
12,female,White,8.063737869262695,3.9362621307373047,5-17,True,False,False,False,False,False,True,False,True,False,False,False,False,False,False,False
3,female,Indian,11.282264709472656,8.282264709472656,0-4,True,False,False,False,True,False,False,True,False,False,False,False,False,False,False,False
56,female,White,38.77688980102539,17.22311019897461,45-64,True,False,False,False,False,False,True,False,False,False,False,False,True,False,False,False
26,female,Indian,28.037233352661133,2.037233352661133,25-34,True,False,False,False,True,False,False,False,False,False,True,False,False,False,False,False
49,female,White,56.406463623046875,7.406463623046875,45-64,True,False,False,False,False,False,True,False,False,False,False,False,True,False,False,False
67,female,White,67.5782241821289,0.5782241821289062,65-84,True,False,False,False,False,False,True,False,False,False,False,False,False,True,False,False
38,female,White,32.063072204589844,5.936927795410156,35-44,True,False,False,False,False,False,True,False,False,False,False,True,False,False,False,False
36,male,White,38.04694366455078,2.0469436645507812,35-44,False,True,False,False,False,False,True,False,False,False,False,True,False,False,False,False
29,male,Black,23.656801223754883,5.343198776245117,25-34,False,True,False,True,False,False,False,False,False,False,True,False,False,False,False,False
55,male,Indian,34.42308044433594,20.576919555664062,45-64,False,True,False,False,True,False,False,False,False,False,False,False,True,False,False,False
45,male,Indian,36.91777801513672,8.082221984863281,45-64,False,True,False,False,True,False,False,False,False,False,False,False,True,False,False,False
24,female,Asian,25.05217742919922,1.0521774291992188,18-24,True,False,True,False,False,False,False,False,False,True,False,False,False,False,False,False
24,female,Indian,17.25173568725586,6.748264312744141,18-24,True,False,False,False,True,False,False,False,False,True,False,False,False,False,False,False
25,female,White,30.80226707458496,5.802267074584961,25-34,True,False,False,False,False,False,True,False,False,False,True,False,False,False,False,False
10,male,White,19.224130630493164,9.224130630493164,5-17,False,True,False,False,False,False,True,False,True,False,False,False,False,False,False,False
65,male,White,59.790992736816406,5.209007263183594,65-84,False,True,False,False,False,False,True,False,False,False,False,False,False,True,False,False
62,male,Black,63.845733642578125,1.845733642578125,45-64,False,True,False,True,False,False,False,False,False,False,False,False,True,False,False,False
26,male,Others,21.97169303894043,4.02830696105957,25-34,False,True,False,False,False,True,False,False,False,False,True,False,False,False,False,False
25,female,Black,27.743640899658203,2.743640899658203,25-34,True,False,False,True,False,False,False,False,False,False,True,False,False,False,False,False
26,male,Black,24.509851455688477,1.4901485443115234,25-34,False,True,False,True,False,False,False,False,False,False,True,False,False,False,False,False
27,female,White,27.099870681762695,0.09987068176269531,25-34,True,False,False,False,False,False,True,False,False,False,True,False,False,False,False,False
33,female,Indian,24.330223083496094,8.669776916503906,25-34,True,False,False,False,True,False,False,False,False,False,True,False,False,False,False,False
58,female,White,59.44875717163086,1.4487571716308594,45-64,True,False,False,False,False,False,True,False,False,False,False,False,True,False,False,False
25,female,Indian,27.08710289001465,2.0871028900146484,25-34,True,False,False,False,True,False,False,False,False,False,True,False,False,False,False,False
83,female,White,64.27771759033203,18.72228240966797,65-84,True,False,False,False,False,False,True,False,False,False,False,False,False,True,False,False
36,female,White,35.998374938964844,0.00162506103515625,35-44,True,False,False,False,False,False,True,False,False,False,False,True,False,False,False,False
57,female,Black,51.55318832397461,5.446811676025391,45-64,True,False,False,True,False,False,False,False,False,False,False,False,True,False,False,False
26,male,Asian,18.614635467529297,7.385364532470703,25-34,False,True,True,False,False,False,False,False,False,False,True,False,False,False,False,False
27,female,Asian,23.601459503173828,3.398540496826172,25-34,True,False,True,False,False,False,False,False,False,False,True,False,False,False,False,False
28,female,Black,26.314804077148438,1.6851959228515625,25-34,True,False,False,True,False,False,False,False,False,False,True,False,False,False,False,False
47,male,White,61.06646728515625,14.06646728515625,45-64,False,True,False,False,False,False,True,False,False,False,False,False,True,False,False,False
6,female,White,1.8220750093460083,4.177924990653992,5-17,True,False,False,False,False,False,True,False,True,False,False,False,False,False,False,False
62,female,Black,42.79144287109375,19.20855712890625,45-64,True,False,False,True,False,False,False,False,False,False,False,False,True,False,False,False
7,female,Others,19.878597259521484,12.878597259521484,5-17,True,False,False,False,False,True,False,False,True,False,False,False,False,False,False,False
39,female,White,43.2608528137207,4.260852813720703,35-44,True,False,False,False,False,False,True,False,False,False,False,True,False,False,False,False
4,female,Others,5.065354347229004,1.065354347229004,0-4,True,False,False,False,False,True,False,True,False,False,False,False,False,False,False,False
35,female,Black,25.04319190979004,9.956808090209961,35-44,True,False,False,True,False,False,False,False,False,False,False,True,False,False,False,False
50,male,Asian,58.87091827392578,8.870918273925781,45-64,False,True,True,False,False,False,False,False,False,False,False,False,True,False,False,False
6,female,White,6.397793769836426,0.3977937698364258,5-17,True,False,False,False,False,False,True,False,True,False,False,False,False,False,False,False
35,male,White,31.45686912536621,3.543130874633789,35-44,False,True,False,False,False,False,True,False,False,False,False,True,False,False,False,False
60,male,Asian,60.473655700683594,0.47365570068359375,45-64,False,True,True,False,False,False,False,False,False,False,False,False,True,False,False,False
15,female,Others,24.53473472595215,9.534734725952148,5-17,True,False,False,False,False,True,False,False,True,False,False,False,False,False,False,False
2,male,White,2.521092414855957,0.521092414855957,0-4,False,True,False,False,False,False,True,True,False,False,False,False,False,False,False,False
58,female,Black,68.9548110961914,10.954811096191406,45-64,True,False,False,True,False,False,False,False,False,False,False,False,True,False,False,False
21,male,White,32.55113220214844,11.551132202148438,18-24,False,True,False,False,False,False,True,False,False,True,False,False,False,False,False,False
40,female,Black,24.54136085510254,15.458639144897461,35-44,True,False,False,True,False,False,False,False,False,False,False,True,False,False,False,False
88,female,Indian,78.7826919555664,9.217308044433594,85-99,True,False,False,False,True,False,False,False,False,False,False,False,False,False,True,False
23,male,White,24.858531951904297,1.8585319519042969,18-24,False,True,False,False,False,False,True,False,False,True,False,False,False,False,False,False
26,female,Indian,16.98710823059082,9.01289176940918,25-34,True,False,False,False,True,False,False,False,False,False,True,False,False,False,False,False
1,male,Others,4.06351375579834,3.06351375579834,0-4,False,True,False,False,False,True,False,True,False,False,False,False,False,False,False,False
23,male,Black,23.4561710357666,0.45617103576660156,18-24,False,True,False,True,False,False,False,False,False,True,False,False,False,False,False,False
40,female,White,35.29957580566406,4.7004241943359375,35-44,True,False,False,False,False,False,True,False,False,False,False,True,False,False,False,False
35,female,White,25.841230392456055,9.158769607543945,35-44,True,False,False,False,False,False,True,False,False,False,False,True,False,False,False,False
85,female,White,78.6623764038086,6.337623596191406,85-99,True,False,False,False,False,False,True,False,False,False,False,False,False,False,True,False
40,male,Asian,30.58234977722168,9.41765022277832,35-44,False,True,True,False,False,False,False,False,False,False,False,True,False,False,False,False
18,male,White,23.2428035736084,5.242803573608398,18-24,False,True,False,False,False,False,True,False,False,True,False,False,False,False,False,False
24,female,Others,24.645944595336914,0.6459445953369141,18-24,True,False,False,False,False,True,False,False,False,True,False,False,False,False,False,False
60,male,White,51.208744049072266,8.791255950927734,45-64,False,True,False,False,False,False,True,False,False,False,False,False,True,False,False,False
27,male,Indian,33.946937561035156,6.946937561035156,25-34,False,True,False,False,True,False,False,False,False,False,True,False,False,False,False,False
45,male,Indian,34.61128234863281,10.388717651367188,45-64,False,True,False,False,True,False,False,False,False,False,False,False,True,False,False,False
40,male,White,30.804370880126953,9.195629119873047,35-44,False,True,False,False,False,False,True,False,False,False,False,True,False,False,False,False
27,male,Black,35.82499313354492,8.824993133544922,25-34,False,True,False,True,False,False,False,False,False,False,True,False,False,False,False,False
4,male,Indian,2.5694708824157715,1.4305291175842285,0-4,False,True,False,False,True,False,False,True,False,False,False,False,False,False,False,False
35,male,White,55.357139587402344,20.357139587402344,35-44,False,True,False,False,False,False,True,False,False,False,False,True,False,False,False,False
55,male,Indian,50.51247024536133,4.487529754638672,45-64,False,True,False,False,True,False,False,False,False,False,False,False,True,False,False,False
16,female,White,21.869951248168945,5.869951248168945,5-17,True,False,False,False,False,False,True,False,True,False,False,False,False,False,False,False
4,female,Black,6.393503189086914,2.393503189086914,0-4,True,False,False,True,False,False,False,True,False,False,False,False,False,False,False,False
38,female,Black,25.498319625854492,12.501680374145508,35-44,True,False,False,True,False,False,False,False,False,False,False,True,False,False,False,False
23,female,Asian,25.5076961517334,2.5076961517333984,18-24,True,False,True,False,False,False,False,False,False,True,False,False,False,False,False,False
28,male,Others,31.354995727539062,3.3549957275390625,25-34,False,True,False,False,False,True,False,False,False,False,True,False,False,False,False,False
55,female,White,53.56002426147461,1.4399757385253906,45-64,True,False,False,False,False,False,True,False,False,False,False,False,True,False,False,False
36,male,White,41.95689392089844,5.9568939208984375,35-44,False,True,False,False,False,False,True,False,False,False,False,True,False,False,False,False
8,female,Black,27.577425003051758,19.577425003051758,5-17,True,False,False,True,False,False,False,False,True,False,False,False,False,False,False,False
4,male,White,5.4352922439575195,1.4352922439575195,0-4,False,True,False,False,False,False,True,True,False,False,False,False,False,False,False,False
12,female,Others,18.90590476989746,6.905904769897461,5-17,True,False,False,False,False,True,False,False,True,False,False,False,False,False,False,False
23,female,Indian,24.904043197631836,1.904043197631836,18-24,True,False,False,False,True,False,False,False,False,True,False,False,False,False,False,False
8,male,White,6.752752304077148,1.2472476959228516,5-17,False,True,False,False,False,False,True,False,True,False,False,False,False,False,False,False
36,male,Black,27.69742774963379,8.302572250366211,35-44,False,True,False,True,False,False,False,False,False,False,False,True,False,False,False,False
1,male,Indian,2.149996757507324,1.1499967575073242,0-4,False,True,False,False,True,False,False,True,False,False,False,False,False,False,False,False
60,female,White,60.75107955932617,0.7510795593261719,45-64,True,False,False,False,False,False,True,False,False,False,False,False,True,False,False,False
35,male,White,34.45756530761719,0.5424346923828125,35-44,False,True,False,False,False,False,True,False,False,False,False,True,False,False,False,False
35,male,Black,39.60370635986328,4.603706359863281,35-44,False,True,False,True,False,False,False,False,False,False,False,True,False,False,False,False
29,male,White,23.280363082885742,5.719636917114258,25-34,False,True,False,False,False,False,True,False,False,False,True,False,False,False,False,False
30,female,White,32.75189971923828,2.7518997192382812,25-34,True,False,False,False,False,False,True,False,False,False,True,False,False,False,False,False
24,female,Others,27.475656509399414,3.475656509399414,18-24,True,False,False,False,False,True,False,False,False,True,False,False,False,False,False,False
35,male,Indian,28.753999710083008,6.246000289916992,35-44,False,True,False,False,True,False,False,False,False,False,False,True,False,False,False,False
28,female,White,33.392616271972656,5.392616271972656,25-34,True,False,False,False,False,False,True,False,False,False,True,False,False,False,False,False
50,male,White,45.29703903198242,4.702960968017578,45-64,False,True,False,False,False,False,True,False,False,False,False,False,True,False,False,False
49,female,Black,32.180137634277344,16.819862365722656,45-64,True,False,False,True,False,False,False,False,False,False,False,False,True,False,False,False
28,male,Black,25.65431785583496,2.345682144165039,25-34,False,True,False,True,False,False,False,False,False,False,True,False,False,False,False,False
56,female,White,56.12453079223633,0.12453079223632812,45-64,True,False,False,False,False,False,True,False,False,False,False,False,True,False,False,False
35,female,Black,27.572444915771484,7.427555084228516,35-44,True,False,False,True,False,False,False,False,False,False,False,True,False,False,False,False
26,male,Indian,43.50786209106445,17.507862091064453,25-34,False,True,False,False,True,False,False,False,False,False,True,False,False,False,False,False
24,male,White,22.461442947387695,1.5385570526123047,18-24,False,True,False,False,False,False,True,False,False,True,False,False,False,False,False,False
20,female,Black,26.318401336669922,6.318401336669922,18-24,True,False,False,True,False,False,False,False,False,True,False,False,False,False,False,False
20,female,White,23.016698837280273,3.0166988372802734,18-24,True,False,False,False,False,False,True,False,False,True,False,False,False,False,False,False
10,female,White,6.705718040466309,3.2942819595336914,5-17,True,False,False,False,False,False,True,False,True,False,False,False,False,False,False,False
26,female,Black,32.10479736328125,6.10479736328125,25-34,True,False,False,True,False,False,False,False,False,False,True,False,False,False,False,False
50,male,Black,27.674259185791016,22.325740814208984,45-64,False,True,False,True,False,False,False,False,False,False,False,False,True,False,False,False
35,male,White,25.18825340270996,9.811746597290039,35-44,False,True,False,False,False,False,True,False,False,False,False,True,False,False,False,False
25,female,Asian,18.816957473754883,6.183042526245117,25-34,True,False,True,False,False,False,False,False,False,False,True,False,False,False,False,False
2,male,Asian,1.3877676725387573,0.6122323274612427,0-4,False,True,True,False,False,False,False,True,False,False,False,False,False,False,False,False
28,male,Black,32.257118225097656,4.257118225097656,25-34,False,True,False,True,False,False,False,False,False,False,True,False,False,False,False,False
24,female,Indian,24.464946746826172,0.4649467468261719,18-24,True,False,False,False,True,False,False,False,False,True,False,False,False,False,False,False
1,female,Indian,0.8315807580947876,0.1684192419052124,0-4,True,False,False,False,True,False,False,True,False,False,False,False,False,False,False,False
8,female,White,7.546976566314697,0.45302343368530273,5-17,True,False,False,False,False,False,True,False,True,False,False,False,False,False,False,False
25,female,White,37.634498596191406,12.634498596191406,25-34,True,False,False,False,False,False,True,False,False,False,True,False,False,False,False,False
14,male,White,10.26246452331543,3.7375354766845703,5-17,False,True,False,False,False,False,True,False,True,False,False,False,False,False,False,False
30,female,Black,29.111656188964844,0.8883438110351562,25-34,True,False,False,True,False,False,False,False,False,False,True,False,False,False,False,False
1,male,Asian,1.0676792860031128,0.06767928600311279,0-4,False,True,True,False,False,False,False,True,False,False,False,False,False,False,False,False
26,female,White,23.55336570739746,2.446634292602539,25-34,True,False,False,False,False,False,True,False,False,False,True,False,False,False,False,False
32,female,White,25.54616355895996,6.453836441040039,25-34,True,False,False,False,False,False,True,False,False,False,True,False,False,False,False,False
35,male,Asian,28.43346405029297,6.566535949707031,35-44,False,True,True,False,False,False,False,False,False,False,False,True,False,False,False,False
43,male,Others,37.8448371887207,5.155162811279297,35-44,False,True,False,False,False,True,False,False,False,False,False,True,False,False,False,False
46,female,Indian,28.483827590942383,17.516172409057617,45-64,True,False,False,False,True,False,False,False,False,False,False,False,True,False,False,False
18,female,White,14.107063293457031,3.8929367065429688,18-24,True,False,False,False,False,False,True,False,False,True,False,False,False,False,False,False
21,female,Black,30.172117233276367,9.172117233276367,18-24,True,False,False,True,False,False,False,False,False,True,False,False,False,False,False,False
21,female,Indian,30.57208824157715,9.572088241577148,18-24,True,False,False,False,True,False,False,False,False,True,False,False,False,False,False,False
47,female,Asian,42.95561981201172,4.044380187988281,45-64,True,False,True,False,False,False,False,False,False,False,False,False,True,False,False,False
9,male,White,7.1984381675720215,1.8015618324279785,5-17,False,True,False,False,False,False,True,False,True,False,False,False,False,False,False,False
60,female,Black,29.69378662109375,30.30621337890625,45-64,True,False,False,True,False,False,False,False,False,False,False,False,True,False,False,False
40,male,Asian,45.22992706298828,5.229927062988281,35-44,False,True,True,False,False,False,False,False,False,False,False,True,False,False,False,False
26,male,Asian,27.891620635986328,1.8916206359863281,25-34,False,True,True,False,False,False,False,False,False,False,True,False,False,False,False,False
55,female,White,41.66163635253906,13.338363647460938,45-64,True,False,False,False,False,False,True,False,False,False,False,False,True,False,False,False
70,female,Indian,54.56108856201172,15.438911437988281,65-84,True,False,False,False,True,False,False,False,False,False,False,False,False,True,False,False
24,female,White,22.316804885864258,1.6831951141357422,18-24,True,False,False,False,False,False,True,False,False,True,False,False,False,False,False,False
26,female,White,35.413490295410156,9.413490295410156,25-34,True,False,False,False,False,False,True,False,False,False,True,False,False,False,False,False
78,male,White,84.77811431884766,6.778114318847656,65-84,False,True,False,False,False,False,True,False,False,False,False,False,False,True,False,False
29,female,Black,30.99090003967285,1.9909000396728516,25-34,True,False,False,True,False,False,False,False,False,False,True,False,False,False,False,False
36,male,Black,30.672616958618164,5.327383041381836,35-44,False,True,False,True,False,False,False,False,False,False,False,True,False,False,False,False
59,male,White,46.98234176635742,12.017658233642578,45-64,False,True,False,False,False,False,True,False,False,False,False,False,True,False,False,False
40,male,White,30.26163673400879,9.738363265991211,35-44,False,True,False,False,False,False,True,False,False,False,False,True,False,False,False,False
2,female,Asian,2.2244157791137695,0.22441577911376953,0-4,True,False,True,False,False,False,False,True,False,False,False,False,False,False,False,False
40,male,White,42.75121307373047,2.7512130737304688,35-44,False,True,False,False,False,False,True,False,False,False,False,True,False,False,False,False
55,male,White,49.38612747192383,5.613872528076172,45-64,False,True,False,False,False,False,True,False,False,False,False,False,True,False,False,False
23,female,Asian,25.272382736206055,2.2723827362060547,18-24,True,False,True,False,False,False,False,False,False,True,False,False,False,False,False,False
26,male,Asian,27.581300735473633,1.5813007354736328,25-34,False,True,True,False,False,False,False,False,False,False,True,False,False,False,False,False
28,female,White,36.44013595581055,8.440135955810547,25-34,True,False,False,False,False,False,True,False,False,False,True,False,False,False,False,False
30,female,Indian,22.020212173461914,7.979787826538086,25-34,True,False,False,False,True,False,False,False,False,False,True,False,False,False,False,False
20,male,Black,27.505393981933594,7.505393981933594,18-24,False,True,False,True,False,False,False,False,False,True,False,False,False,False,False,False
31,female,Indian,22.325780868530273,8.674219131469727,25-34,True,False,False,False,True,False,False,False,False,False,True,False,False,False,False,False
32,female,White,49.58230972290039,17.58230972290039,25-34,True,False,False,False,False,False,True,False,False,False,True,False,False,False,False,False
49,male,White,47.951560974121094,1.0484390258789062,45-64,False,True,False,False,False,False,True,False,False,False,False,False,True,False,False,False
40,male,Others,49.3548583984375,9.3548583984375,35-44,False,True,False,False,False,True,False,False,False,False,False,True,False,False,False,False
28,female,White,33.95556640625,5.95556640625,25-34,True,False,False,False,False,False,True,False,False,False,True,False,False,False,False,False
1,male,Indian,1.7570823431015015,0.7570823431015015,0-4,False,True,False,False,True,False,False,True,False,False,False,False,False,False,False,False
32,male,Black,35.63016128540039,3.6301612854003906,25-34,False,True,False,True,False,False,False,False,False,False,True,False,False,False,False,False
26,female,Black,32.82864761352539,6.828647613525391,25-34,True,False,False,True,False,False,False,False,False,False,True,False,False,False,False,False
1,female,White,0.774555504322052,0.225444495677948,0-4,True,False,False,False,False,False,True,True,False,False,False,False,False,False,False,False
29,male,Asian,30.97890853881836,1.9789085388183594,25-34,False,True,True,False,False,False,False,False,False,False,True,False,False,False,False,False
36,female,Black,32.64558029174805,3.354419708251953,35-44,True,False,False,True,False,False,False,False,False,False,False,True,False,False,False,False
32,female,White,28.435474395751953,3.564525604248047,25-34,True,False,False,False,False,False,True,False,False,False,True,False,False,False,False,False
45,male,Indian,32.355224609375,12.644775390625,45-64,False,True,False,False,True,False,False,False,False,False,False,False,True,False,False,False
35,male,Others,26.745454788208008,8.254545211791992,35-44,False,True,False,False,False,True,False,False,False,False,False,True,False,False,False,False
11,female,White,8.759038925170898,2.2409610748291016,5-17,True,False,False,False,False,False,True,False,True,False,False,False,False,False,False,False
24,female,Black,24.617401123046875,0.617401123046875,18-24,True,False,False,True,False,False,False,False,False,True,False,False,False,False,False,False
26,male,Black,30.4829044342041,4.482904434204102,25-34,False,True,False,True,False,False,False,False,False,False,True,False,False,False,False,False
45,male,White,48.57220458984375,3.57220458984375,45-64,False,True,False,False,False,False,True,False,False,False,False,False,True,False,False,False
31,male,Black,29.426313400268555,1.5736865997314453,25-34,False,True,False,True,False,False,False,False,False,False,True,False,False,False,False,False
36,female,Black,36.283233642578125,0.283233642578125,35-44,True,False,False,True,False,False,False,False,False,False,False,True,False,False,False,False
63,male,White,74.20532989501953,11.205329895019531,45-64,False,True,False,False,False,False,True,False,False,False,False,False,True,False,False,False
1,female,White,0.03379857540130615,0.9662014245986938,0-4,True,False,False,False,False,False,True,True,False,False,False,False,False,False,False,False
19,female,Black,25.54069709777832,6.54069709777832,18-24,True,False,False,True,False,False,False,False,False,True,False,False,False,False,False,False
86,male,White,71.9549331665039,14.045066833496094,85-99,False,True,False,False,False,False,True,False,False,False,False,False,False,False,True,False
18,female,White,16.75404167175293,1.2459583282470703,18-24,True,False,False,False,False,False,True,False,False,True,False,False,False,False,False,False
59,male,White,45.929443359375,13.070556640625,45-64,False,True,False,False,False,False,True,False,False,False,False,False,True,False,False,False
22,female,Indian,23.347932815551758,1.3479328155517578,18-24,True,False,False,False,True,False,False,False,False,True,False,False,False,False,False,False
28,female,White,28.09059715270996,0.09059715270996094,25-34,True,False,False,False,False,False,True,False,False,False,True,False,False,False,False,False
17,female,White,26.539630889892578,9.539630889892578,5-17,True,False,False,False,False,False,True,False,True,False,False,False,False,False,False,False
72,female,White,71.95082092285156,0.0491790771484375,65-84,True,False,False,False,False,False,True,False,False,False,False,False,False,True,False,False
28,male,Indian,30.162073135375977,2.1620731353759766,25-34,False,True,False,False,True,False,False,False,False,False,True,False,False,False,False,False
30,female,White,28.479211807250977,1.5207881927490234,25-34,True,False,False,False,False,False,True,False,False,False,True,False,False,False,False,False
53,male,White,58.59719467163086,5.597194671630859,45-64,False,True,False,False,False,False,True,False,False,False,False,False,True,False,False,False
70,male,White,59.50815963745117,10.491840362548828,65-84,False,True,False,False,False,False,True,False,False,False,False,False,False,True,False,False
55,male,Black,44.86103439331055,10.138965606689453,45-64,False,True,False,True,False,False,False,False,False,False,False,False,True,False,False,False
19,male,White,24.773645401000977,5.773645401000977,18-24,False,True,False,False,False,False,True,False,False,True,False,False,False,False,False,False
22,female,Asian,20.570735931396484,1.4292640686035156,18-24,True,False,True,False,False,False,False,False,False,True,False,False,False,False,False,False
28,male,Indian,27.182708740234375,0.817291259765625,25-34,False,True,False,False,True,False,False,False,False,False,True,False,False,False,False,False
40,male,Others,33.77054977416992,6.229450225830078,35-44,False,True,False,False,False,True,False,False,False,False,False,True,False,False,False,False
23,female,Indian,33.26049041748047,10.260490417480469,18-24,True,False,False,False,True,False,False,False,False,True,False,False,False,False,False,False
27,female,Black,26.035802841186523,0.9641971588134766,25-34,True,False,False,True,False,False,False,False,False,False,True,False,False,False,False,False
24,female,Indian,26.185367584228516,2.1853675842285156,18-24,True,False,False,False,True,False,False,False,False,True,False,False,False,False,False,False
30,female,Indian,22.027273178100586,7.972726821899414,25-34,True,False,False,False,True,False,False,False,False,False,True,False,False,False,False,False
82,male,Asian,68.86517333984375,13.13482666015625,65-84,False,True,True,False,False,False,False,False,False,False,False,False,False,True,False,False
26,male,Black,29.640268325805664,3.640268325805664,25-34,False,True,False,True,False,False,False,False,False,False,True,False,False,False,False,False
38,male,Others,24.214391708374023,13.785608291625977,35-44,False,True,False,False,False,True,False,False,False,False,False,True,False,False,False,False
26,male,Indian,48.43052673339844,22.430526733398438,25-34,False,True,False,False,True,False,False,False,False,False,True,False,False,False,False,False
51,male,White,43.86136245727539,7.138637542724609,45-64,False,True,False,False,False,False,True,False,False,False,False,False,True,False,False,False
23,female,Indian,22.447946548461914,0.5520534515380859,18-24,True,False,False,False,True,False,False,False,False,True,False,False,False,False,False,False
68,female,White,56.870941162109375,11.129058837890625,65-84,True,False,False,False,False,False,True,False,False,False,False,False,False,True,False,False
24,female,White,28.44450569152832,4.44450569152832,18-24,True,False,False,False,False,False,True,False,False,True,False,False,False,False,False,False
8,female,Black,5.992496490478516,2.0075035095214844,5-17,True,False,False,True,False,False,False,False,True,False,False,False,False,False,False,False
1,male,Indian,0.7088949084281921,0.29110509157180786,0-4,False,True,False,False,True,False,False,True,False,False,False,False,False,False,False,False
24,male,Indian,25.943233489990234,1.9432334899902344,18-24,False,True,False,False,True,False,False,False,False,True,False,False,False,False,False,False
39,female,White,32.89226531982422,6.107734680175781,35-44,True,False,False,False,False,False,True,False,False,False,False,True,False,False,False,False
38,female,White,36.642723083496094,1.3572769165039062,35-44,True,False,False,False,False,False,True,False,False,False,False,True,False,False,False,False
2,female,Others,1.1638641357421875,0.8361358642578125,0-4,True,False,False,False,False,True,False,True,False,False,False,False,False,False,False,False
26,female,White,26.629186630249023,0.6291866302490234,25-34,True,False,False,False,False,False,True,False,False,False,True,False,False,False,False,False
30,male,Indian,42.39291000366211,12.39291000366211,25-34,False,True,False,False,True,False,False,False,False,False,True,False,False,False,False,False
54,male,White,55.96199035644531,1.9619903564453125,45-64,False,True,False,False,False,False,True,False,False,False,False,False,True,False,False,False
26,male,Black,30.293018341064453,4.293018341064453,25-34,False,True,False,True,False,False,False,False,False,False,True,False,False,False,False,False
45,male,White,43.32678985595703,1.6732101440429688,45-64,False,True,False,False,False,False,True,False,False,False,False,False,True,False,False,False
1,male,White,0.08858022093772888,0.9114197790622711,0-4,False,True,False,False,False,False,True,True,False,False,False,False,False,False,False,False
55,male,White,49.4757080078125,5.5242919921875,45-64,False,True,False,False,False,False,True,False,False,False,False,False,True,False,False,False
21,female,Black,31.46670913696289,10.46670913696289,18-24,True,False,False,True,False,False,False,False,False,True,False,False,False,False,False,False
26,male,Indian,26.8415470123291,0.8415470123291016,25-34,False,True,False,False,True,False,False,False,False,False,True,False,False,False,False,False
26,female,White,16.95011329650879,9.049886703491211,25-34,True,False,False,False,False,False,True,False,False,False,True,False,False,False,False,False
4,male,Indian,5.328976631164551,1.3289766311645508,0-4,False,True,False,False,True,False,False,True,False,False,False,False,False,False,False,False
30,male,Others,26.643630981445312,3.3563690185546875,25-34,False,True,False,False,False,True,False,False,False,False,True,False,False,False,False,False
11,male,White,10.052549362182617,0.9474506378173828,5-17,False,True,False,False,False,False,True,False,True,False,False,False,False,False,False,False
66,female,White,61.049537658691406,4.950462341308594,65-84,True,False,False,False,False,False,True,False,False,False,False,False,False,True,False,False
25,female,White,28.20479393005371,3.204793930053711,25-34,True,False,False,False,False,False,True,False,False,False,True,False,False,False,False,False
24,female,Asian,26.141218185424805,2.1412181854248047,18-24,True,False,True,False,False,False,False,False,False,True,False,False,False,False,False,False
25,female,White,32.34619903564453,7.346199035644531,25-34,True,False,False,False,False,False,True,False,False,False,True,False,False,False,False,False
14,male,White,6.537359714508057,7.462640285491943,5-17,False,True,False,False,False,False,True,False,True,False,False,False,False,False,False,False
26,male,Black,42.89799499511719,16.897994995117188,25-34,False,True,False,True,False,False,False,False,False,False,True,False,False,False,False,False
28,male,Indian,26.576414108276367,1.4235858917236328,25-34,False,True,False,False,True,False,False,False,False,False,True,False,False,False,False,False
26,female,Asian,25.703943252563477,0.29605674743652344,25-34,True,False,True,False,False,False,False,False,False,False,True,False,False,False,False,False
74,female,White,66.78116607666016,7.218833923339844,65-84,True,False,False,False,False,False,True,False,False,False,False,False,False,True,False,False
30,male,Asian,28.222593307495117,1.7774066925048828,25-34,False,True,True,False,False,False,False,False,False,False,True,False,False,False,False,False
34,male,White,32.83677673339844,1.1632232666015625,25-34,False,True,False,False,False,False,True,False,False,False,True,False,False,False,False,False
8,female,White,8.117609977722168,0.11760997772216797,5-17,True,False,False,False,False,False,True,False,True,False,False,False,False,False,False,False
26,female,Asian,26.41374969482422,0.41374969482421875,25-34,True,False,True,False,False,False,False,False,False,False,True,False,False,False,False,False
28,male,White,28.640363693237305,0.6403636932373047,25-34,False,True,False,False,False,False,True,False,False,False,True,False,False,False,False,False
53,female,Black,36.70301055908203,16.29698944091797,45-64,True,False,False,True,False,False,False,False,False,False,False,False,True,False,False,False
53,male,White,45.82292938232422,7.177070617675781,45-64,False,True,False,False,False,False,True,False,False,False,False,False,True,False,False,False
26,female,Indian,26.029924392700195,0.029924392700195312,25-34,True,False,False,False,True,False,False,False,False,False,True,False,False,False,False,False
35,male,Others,29.171417236328125,5.828582763671875,35-44,False,True,False,False,False,True,False,False,False,False,False,True,False,False,False,False
21,female,Black,24.74650001525879,3.746500015258789,18-24,True,False,False,True,False,False,False,False,False,True,False,False,False,False,False,False
26,female,Black,17.08281898498535,8.917181015014648,25-34,True,False,False,True,False,False,False,False,False,False,True,False,False,False,False,False
29,female,White,33.048397064208984,4.048397064208984,25-34,True,False,False,False,False,False,True,False,False,False,True,False,False,False,False,False
1,male,Asian,0.029505522921681404,0.9704944770783186,0-4,False,True,True,False,False,False,False,True,False,False,False,False,False,False,False,False
34,male,Indian,26.32877540588379,7.671224594116211,25-34,False,True,False,False,True,False,False,False,False,False,True,False,False,False,False,False
40,male,White,48.14631652832031,8.146316528320312,35-44,False,True,False,False,False,False,True,False,False,False,False,True,False,False,False,False
52,male,White,56.44053649902344,4.4405364990234375,45-64,False,True,False,False,False,False,True,False,False,False,False,False,True,False,False,False
75,male,White,51.666770935058594,23.333229064941406,65-84,False,True,False,False,False,False,True,False,False,False,False,False,False,True,False,False
26,male,Indian,24.310853958129883,1.6891460418701172,25-34,False,True,False,False,True,False,False,False,False,False,True,False,False,False,False,False
37,female,White,41.40726089477539,4.407260894775391,35-44,True,False,False,False,False,False,True,False,False,False,False,True,False,False,False,False
57,male,White,56.86618423461914,0.13381576538085938,45-64,False,True,False,False,False,False,True,False,False,False,False,False,True,False,False,False
65,female,Black,58.92337417602539,6.076625823974609,65-84,True,False,False,True,False,False,False,False,False,False,False,False,False,True,False,False
25,female,Indian,24.262081146240234,0.7379188537597656,25-34,True,False,False,False,True,False,False,False,False,False,True,False,False,False,False,False
27,male,White,29.2474308013916,2.2474308013916016,25-34,False,True,False,False,False,False,True,False,False,False,True,False,False,False,False,False
75,female,White,61.57788848876953,13.422111511230469,65-84,True,False,False,False,False,False,True,False,False,False,False,False,False,True,False,False
1,female,Asian,0.4054482877254486,0.5945517122745514,0-4,True,False,True,False,False,False,False,True,False,False,False,False,False,False,False,False
1,male,Indian,-0.35412025451660156,1.3541202545166016,0-4,False,True,False,False,True,False,False,True,False,False,False,False,False,False,False,False
21,female,Indian,20.964826583862305,0.03517341613769531,18-24,True,False,False,False,True,False,False,False,False,True,False,False,False,False,False,False
28,female,Asian,28.020105361938477,0.020105361938476562,25-34,True,False,True,False,False,False,False,False,False,False,True,False,False,False,False,False
21,female,Asian,25.273273468017578,4.273273468017578,18-24,True,False,True,False,False,False,False,False,False,True,False,False,False,False,False,False
27,male,Black,33.14118957519531,6.1411895751953125,25-34,False,True,False,True,False,False,False,False,False,False,True,False,False,False,False,False
78,male,White,70.0771484375,7.9228515625,65-84,False,True,False,False,False,False,True,False,False,False,False,False,False,True,False,False
26,male,Indian,32.618194580078125,6.618194580078125,25-34,False,True,False,False,True,False,False,False,False,False,True,False,False,False,False,False
25,female,Black,23.343175888061523,1.6568241119384766,25-34,True,False,False,True,False,False,False,False,False,False,True,False,False,False,False,False
21,female,Black,23.53418731689453,2.5341873168945312,18-24,True,False,False,True,False,False,False,False,False,True,False,False,False,False,False,False
60,male,Indian,55.203678131103516,4.796321868896484,45-64,False,True,False,False,True,False,False,False,False,False,False,False,True,False,False,False
4,male,Asian,1.729149580001831,2.270850419998169,0-4,False,True,True,False,False,False,False,True,False,False,False,False,False,False,False,False
55,female,White,28.071880340576172,26.928119659423828,45-64,True,False,False,False,False,False,True,False,False,False,False,False,True,False,False,False
11,female,White,9.559246063232422,1.4407539367675781,5-17,True,False,False,False,False,False,True,False,True,False,False,False,False,False,False,False
35,female,White,27.052446365356445,7.947553634643555,35-44,True,False,False,False,False,False,True,False,False,False,False,True,False,False,False,False
55,male,Indian,44.34943389892578,10.650566101074219,45-64,False,True,False,False,True,False,False,False,False,False,False,False,True,False,False,False
1,male,Indian,0.995949923992157,0.004050076007843018,0-4,False,True,False,False,True,False,False,True,False,False,False,False,False,False,False,False
27,female,Black,34.82450866699219,7.8245086669921875,25-34,True,False,False,True,False,False,False,False,False,False,True,False,False,False,False,False
34,male,White,31.044082641601562,2.9559173583984375,25-34,False,True,False,False,False,False,True,False,False,False,True,False,False,False,False,False
49,male,White,55.276039123535156,6.276039123535156,45-64,False,True,False,False,False,False,True,False,False,False,False,False,True,False,False,False
42,male,Asian,29.435956954956055,12.564043045043945,35-44,False,True,True,False,False,False,False,False,False,False,False,True,False,False,False,False
1,male,Others,0.3176848888397217,0.6823151111602783,0-4,False,True,False,False,False,True,False,True,False,False,False,False,False,False,False,False
29,female,Black,28.938215255737305,0.06178474426269531,25-34,True,False,False,True,False,False,False,False,False,False,True,False,False,False,False,False
1,male,Others,0.4479999840259552,0.5520000159740448,0-4,False,True,False,False,False,True,False,True,False,False,False,False,False,False,False,False
30,male,Black,32.37959289550781,2.3795928955078125,25-34,False,True,False,True,False,False,False,False,False,False,True,False,False,False,False,False
44,male,Indian,45.55550003051758,1.5555000305175781,35-44,False,True,False,False,True,False,False,False,False,False,False,True,False,False,False,False
73,female,White,48.187164306640625,24.812835693359375,65-84,True,False,False,False,False,False,True,False,False,False,False,False,False,True,False,False
18,female,White,33.5574951171875,15.5574951171875,18-24,True,False,False,False,False,False,True,False,False,True,False,False,False,False,False,False
38,male,Asian,29.897417068481445,8.102582931518555,35-44,False,True,True,False,False,False,False,False,False,False,False,True,False,False,False,False
50,male,White,54.74021911621094,4.7402191162109375,45-64,False,True,False,False,False,False,True,False,False,False,False,False,True,False,False,False
87,female,White,77.12966918945312,9.870330810546875,85-99,True,False,False,False,False,False,True,False,False,False,False,False,False,False,True,False
58,male,White,59.29520034790039,1.2952003479003906,45-64,False,True,False,False,False,False,True,False,False,False,False,False,True,False,False,False
85,male,White,72.36577606201172,12.634223937988281,85-99,False,True,False,False,False,False,True,False,False,False,False,False,False,False,True,False
52,female,White,55.71026611328125,3.71026611328125,45-64,True,False,False,False,False,False,True,False,False,False,False,False,True,False,False,False
76,female,White,60.968910217285156,15.031089782714844,65-84,True,False,False,False,False,False,True,False,False,False,False,False,False,True,False,False
30,male,White,40.81209182739258,10.812091827392578,25-34,False,True,False,False,False,False,True,False,False,False,True,False,False,False,False,False
26,female,Black,31.878034591674805,5.878034591674805,25-34,True,False,False,True,False,False,False,False,False,False,True,False,False,False,False,False
22,male,Indian,23.295528411865234,1.2955284118652344,18-24,False,True,False,False,True,False,False,False,False,True,False,False,False,False,False,False
50,female,White,50.14168930053711,0.14168930053710938,45-64,True,False,False,False,False,False,True,False,False,False,False,False,True,False,False,False
32,female,White,31.417715072631836,0.5822849273681641,25-34,True,False,False,False,False,False,True,False,False,False,True,False,False,False,False,False
36,male,Black,45.592872619628906,9.592872619628906,35-44,False,True,False,True,False,False,False,False,False,False,False,True,False,False,False,False
28,female,White,19.400165557861328,8.599834442138672,25-34,True,False,False,False,False,False,True,False,False,False,True,False,False,False,False,False
42,male,Asian,44.021705627441406,2.0217056274414062,35-44,False,True,True,False,False,False,False,False,False,False,False,True,False,False,False,False
35,male,White,36.753021240234375,1.753021240234375,35-44,False,True,False,False,False,False,True,False,False,False,False,True,False,False,False,False
63,male,Black,68.72657012939453,5.726570129394531,45-64,False,True,False,True,False,False,False,False,False,False,False,False,True,False,False,False
23,male,Indian,21.06645965576172,1.9335403442382812,18-24,False,True,False,False,True,False,False,False,False,True,False,False,False,False,False,False
12,female,White,7.518466472625732,4.481533527374268,5-17,True,False,False,False,False,False,True,False,True,False,False,False,False,False,False,False
23,female,Asian,27.463991165161133,4.463991165161133,18-24,True,False,True,False,False,False,False,False,False,True,False,False,False,False,False,False
40,male,White,44.41682052612305,4.416820526123047,35-44,False,True,False,False,False,False,True,False,False,False,False,True,False,False,False,False
31,female,White,27.560544967651367,3.439455032348633,25-34,True,False,False,False,False,False,True,False,False,False,True,False,False,False,False,False
25,female,Black,28.0700626373291,3.0700626373291016,25-34,True,False,False,True,False,False,False,False,False,False,True,False,False,False,False,False
27,male,Black,28.958093643188477,1.9580936431884766,25-34,False,True,False,True,False,False,False,False,False,False,True,False,False,False,False,False
46,male,Indian,42.630733489990234,3.3692665100097656,45-64,False,True,False,False,True,False,False,False,False,False,False,False,True,False,False,False
30,female,Asian,26.632009506225586,3.367990493774414,25-34,True,False,True,False,False,False,False,False,False,False,True,False,False,False,False,False
49,female,Indian,29.534500122070312,19.465499877929688,45-64,True,False,False,False,True,False,False,False,False,False,False,False,True,False,False,False
51,female,White,47.821292877197266,3.1787071228027344,45-64,True,False,False,False,False,False,True,False,False,False,False,False,True,False,False,False
44,male,Black,33.845890045166016,10.154109954833984,35-44,False,True,False,True,False,False,False,False,False,False,False,True,False,False,False,False
12,female,Asian,18.121156692504883,6.121156692504883,5-17,True,False,True,False,False,False,False,False,True,False,False,False,False,False,False,False
1,male,Indian,2.3460052013397217,1.3460052013397217,0-4,False,True,False,False,True,False,False,True,False,False,False,False,False,False,False,False
34,male,Black,44.59742736816406,10.597427368164062,25-34,False,True,False,True,False,False,False,False,False,False,True,False,False,False,False,False
13,male,Asian,26.39323616027832,13.39323616027832,5-17,False,True,True,False,False,False,False,False,True,False,False,False,False,False,False,False
30,male,Black,26.324399948120117,3.675600051879883,25-34,False,True,False,True,False,False,False,False,False,False,True,False,False,False,False,False
34,male,Black,30.716928482055664,3.283071517944336,25-34,False,True,False,True,False,False,False,False,False,False,True,False,False,False,False,False
25,female,Indian,33.75407409667969,8.754074096679688,25-34,True,False,False,False,True,False,False,False,False,False,True,False,False,False,False,False
22,female,White,22.616857528686523,0.6168575286865234,18-24,True,False,False,False,False,False,True,False,False,True,False,False,False,False,False,False
62,female,White,61.974830627441406,0.02516937255859375,45-64,True,False,False,False,False,False,True,False,False,False,False,False,True,False,False,False
22,female,Black,24.211069107055664,2.211069107055664,18-24,True,False,False,True,False,False,False,False,False,True,False,False,False,False,False,False
1,female,Asian,1.1476179361343384,0.14761793613433838,0-4,True,False,True,False,False,False,False,True,False,False,False,False,False,False,False,False
26,female,Asian,21.314165115356445,4.685834884643555,25-34,True,False,True,False,False,False,False,False,False,False,True,False,False,False,False,False
24,female,White,25.171964645385742,1.1719646453857422,18-24,True,False,False,False,False,False,True,False,False,True,False,False,False,False,False,False
39,male,White,52.49040985107422,13.490409851074219,35-44,False,True,False,False,False,False,True,False,False,False,False,True,False,False,False,False
45,male,Indian,29.07904052734375,15.92095947265625,45-64,False,True,False,False,True,False,False,False,False,False,False,False,True,False,False,False
29,male,Indian,30.77379035949707,1.7737903594970703,25-34,False,True,False,False,True,False,False,False,False,False,True,False,False,False,False,False
1,male,Others,30.10686492919922,29.10686492919922,0-4,False,True,False,False,False,True,False,True,False,False,False,False,False,False,False,False
58,female,Black,47.99736404418945,10.002635955810547,45-64,True,False,False,True,False,False,False,False,False,False,False,False,True,False,False,False
25,female,White,20.264883041381836,4.735116958618164,25-34,True,False,False,False,False,False,True,False,False,False,True,False,False,False,False,False
4,female,White,20.64747428894043,16.64747428894043,0-4,True,False,False,False,False,False,True,True,False,False,False,False,False,False,False,False
21,female,Others,24.52102279663086,3.5210227966308594,18-24,True,False,False,False,False,True,False,False,False,True,False,False,False,False,False,False
27,male,White,29.869905471801758,2.869905471801758,25-34,False,True,False,False,False,False,True,False,False,False,True,False,False,False,False,False
37,male,Black,38.661014556884766,1.6610145568847656,35-44,False,True,False,True,False,False,False,False,False,False,False,True,False,False,False,False
30,male,Asian,46.873294830322266,16.873294830322266,25-34,False,True,True,False,False,False,False,False,False,False,True,False,False,False,False,False
35,male,Others,29.19443702697754,5.805562973022461,35-44,False,True,False,False,False,True,False,False,False,False,False,True,False,False,False,False
30,female,Black,23.926166534423828,6.073833465576172,25-34,True,False,False,True,False,False,False,False,False,False,True,False,False,False,False,False
46,female,White,49.131622314453125,3.131622314453125,45-64,True,False,False,False,False,False,True,False,False,False,False,False,True,False,False,False
26,male,White,33.507789611816406,7.507789611816406,25-34,False,True,False,False,False,False,True,False,False,False,True,False,False,False,False,False
25,female,White,27.984394073486328,2.984394073486328,25-34,True,False,False,False,False,False,True,False,False,False,True,False,False,False,False,False
2,female,Indian,6.529723644256592,4.529723644256592,0-4,True,False,False,False,True,False,False,True,False,False,False,False,False,False,False,False
54,male,Black,42.508522033691406,11.491477966308594,45-64,False,True,False,True,False,False,False,False,False,False,False,False,True,False,False,False
36,male,Black,35.79381561279297,0.20618438720703125,35-44,False,True,False,True,False,False,False,False,False,False,False,True,False,False,False,False
43,female,Black,54.3187255859375,11.3187255859375,35-44,True,False,False,True,False,False,False,False,False,False,False,True,False,False,False,False
65,male,White,50.78104019165039,14.21895980834961,65-84,False,True,False,False,False,False,True,False,False,False,False,False,False,True,False,False
21,male,Black,19.895029067993164,1.104970932006836,18-24,False,True,False,True,False,False,False,False,False,True,False,False,False,False,False,False
35,female,Black,34.507423400878906,0.49257659912109375,35-44,True,False,False,True,False,False,False,False,False,False,False,True,False,False,False,False
29,female,Black,27.18001937866211,1.8199806213378906,25-34,True,False,False,True,False,False,False,False,False,False,True,False,False,False,False,False
42,male,Indian,25.422883987426758,16.577116012573242,35-44,False,True,False,False,True,False,False,False,False,False,False,True,False,False,False,False
34,female,White,31.766515731811523,2.2334842681884766,25-34,True,False,False,False,False,False,True,False,False,False,True,False,False,False,False,False
32,female,Black,26.07022476196289,5.929775238037109,25-34,True,False,False,True,False,False,False,False,False,False,True,False,False,False,False,False
40,male,Indian,28.573482513427734,11.426517486572266,35-44,False,True,False,False,True,False,False,False,False,False,False,True,False,False,False,False
66,male,White,65.23126983642578,0.7687301635742188,65-84,False,True,False,False,False,False,True,False,False,False,False,False,False,True,False,False
24,male,Black,24.00908088684082,0.009080886840820312,18-24,False,True,False,True,False,False,False,False,False,True,False,False,False,False,False,False
26,male,Indian,39.46075439453125,13.46075439453125,25-34,False,True,False,False,True,False,False,False,False,False,True,False,False,False,False,False
42,male,Asian,35.254634857177734,6.745365142822266,35-44,False,True,True,False,False,False,False,False,False,False,False,True,False,False,False,False
26,male,White,31.759910583496094,5.759910583496094,25-34,False,True,False,False,False,False,True,False,False,False,True,False,False,False,False,False
39,male,Indian,34.28736114501953,4.712638854980469,35-44,False,True,False,False,True,False,False,False,False,False,False,True,False,False,False,False
26,female,Black,24.30372428894043,1.6962757110595703,25-34,True,False,False,True,False,False,False,False,False,False,True,False,False,False,False,False
25,male,Black,26.72627830505371,1.726278305053711,25-34,False,True,False,True,False,False,False,False,False,False,True,False,False,False,False,False
36,male,Black,29.285261154174805,6.714738845825195,35-44,False,True,False,True,False,False,False,False,False,False,False,True,False,False,False,False
34,male,Indian,23.91731071472168,10.08268928527832,25-34,False,True,False,False,True,False,False,False,False,False,True,False,False,False,False,False
61,male,Asian,62.06513977050781,1.0651397705078125,45-64,False,True,True,False,False,False,False,False,False,False,False,False,True,False,False,False
26,male,Indian,37.58036804199219,11.580368041992188,25-34,False,True,False,False,True,False,False,False,False,False,True,False,False,False,False,False
36,male,Indian,30.828550338745117,5.171449661254883,35-44,False,True,False,False,True,False,False,False,False,False,False,True,False,False,False,False
30,female,Indian,29.886993408203125,0.113006591796875,25-34,True,False,False,False,True,False,False,False,False,False,True,False,False,False,False,False
28,female,White,27.073301315307617,0.9266986846923828,25-34,True,False,False,False,False,False,True,False,False,False,True,False,False,False,False,False
53,female,White,61.83536148071289,8.83536148071289,45-64,True,False,False,False,False,False,True,False,False,False,False,False,True,False,False,False
23,female,Asian,17.9359188079834,5.064081192016602,18-24,True,False,True,False,False,False,False,False,False,True,False,False,False,False,False,False
50,male,Asian,56.776817321777344,6.776817321777344,45-64,False,True,True,False,False,False,False,False,False,False,False,False,True,False,False,False
55,male,White,57.63316345214844,2.6331634521484375,45-64,False,True,False,False,False,False,True,False,False,False,False,False,True,False,False,False
1,female,Asian,0.925897479057312,0.07410252094268799,0-4,True,False,True,False,False,False,False,True,False,False,False,False,False,False,False,False
26,male,Black,36.81886291503906,10.818862915039062,25-34,False,True,False,True,False,False,False,False,False,False,True,False,False,False,False,False
65,male,White,63.28111267089844,1.7188873291015625,65-84,False,True,False,False,False,False,True,False,False,False,False,False,False,True,False,False
50,male,White,44.79756164550781,5.2024383544921875,45-64,False,True,False,False,False,False,True,False,False,False,False,False,True,False,False,False
13,male,White,16.650699615478516,3.6506996154785156,5-17,False,True,False,False,False,False,True,False,True,False,False,False,False,False,False,False
33,male,Others,43.67905807495117,10.679058074951172,25-34,False,True,False,False,False,True,False,False,False,False,True,False,False,False,False,False
59,male,White,50.439754486083984,8.560245513916016,45-64,False,True,False,False,False,False,True,False,False,False,False,False,True,False,False,False
15,female,Asian,17.771163940429688,2.7711639404296875,5-17,True,False,True,False,False,False,False,False,True,False,False,False,False,False,False,False
40,male,White,24.091474533081055,15.908525466918945,35-44,False,True,False,False,False,False,True,False,False,False,False,True,False,False,False,False
26,female,White,33.25663757324219,7.2566375732421875,25-34,True,False,False,False,False,False,True,False,False,False,True,False,False,False,False,False
32,female,Black,31.109439849853516,0.8905601501464844,25-34,True,False,False,True,False,False,False,False,False,False,True,False,False,False,False,False
45,male,White,34.05458068847656,10.945419311523438,45-64,False,True,False,False,False,False,True,False,False,False,False,False,True,False,False,False
28,male,White,28.506799697875977,0.5067996978759766,25-34,False,True,False,False,False,False,True,False,False,False,True,False,False,False,False,False
45,male,Black,40.073387145996094,4.926612854003906,45-64,False,True,False,True,False,False,False,False,False,False,False,False,True,False,False,False
16,female,White,10.347692489624023,5.652307510375977,5-17,True,False,False,False,False,False,True,False,True,False,False,False,False,False,False,False
42,female,Black,32.963470458984375,9.036529541015625,35-44,True,False,False,True,False,False,False,False,False,False,False,True,False,False,False,False
30,female,Others,28.069246292114258,1.9307537078857422,25-34,True,False,False,False,False,True,False,False,False,False,True,False,False,False,False,False
42,female,Black,27.644105911254883,14.355894088745117,35-44,True,False,False,True,False,False,False,False,False,False,False,True,False,False,False,False
17,male,Indian,23.010499954223633,6.010499954223633,5-17,False,True,False,False,True,False,False,False,True,False,False,False,False,False,False,False
21,female,Others,26.07728385925293,5.07728385925293,18-24,True,False,False,False,False,True,False,False,False,True,False,False,False,False,False,False
26,male,Others,29.358339309692383,3.358339309692383,25-34,False,True,False,False,False,True,False,False,False,False,True,False,False,False,False,False
35,male,Others,21.846439361572266,13.153560638427734,35-44,False,True,False,False,False,True,False,False,False,False,False,True,False,False,False,False
32,male,White,42.49465560913086,10.49465560913086,25-34,False,True,False,False,False,False,True,False,False,False,True,False,False,False,False,False
20,female,Others,22.616533279418945,2.6165332794189453,18-24,True,False,False,False,False,True,False,False,False,True,False,False,False,False,False,False
30,male,White,25.62477684020996,4.375223159790039,25-34,False,True,False,False,False,False,True,False,False,False,True,False,False,False,False,False
26,male,Black,24.72429084777832,1.2757091522216797,25-34,False,True,False,True,False,False,False,False,False,False,True,False,False,False,False,False
4,female,Black,3.2133147716522217,0.7866852283477783,0-4,True,False,False,True,False,False,False,True,False,False,False,False,False,False,False,False
58,male,Indian,56.41767120361328,1.5823287963867188,45-64,False,True,False,False,True,False,False,False,False,False,False,False,True,False,False,False
1,female,Others,2.1009230613708496,1.1009230613708496,0-4,True,False,False,False,False,True,False,True,False,False,False,False,False,False,False,False
20,female,White,23.137557983398438,3.1375579833984375,18-24,True,False,False,False,False,False,True,False,False,True,False,False,False,False,False,False
22,male,Black,31.247882843017578,9.247882843017578,18-24,False,True,False,True,False,False,False,False,False,True,False,False,False,False,False,False
47,male,White,40.39897155761719,6.6010284423828125,45-64,False,True,False,False,False,False,True,False,False,False,False,False,True,False,False,False
26,female,Indian,25.78575897216797,0.21424102783203125,25-34,True,False,False,False,True,False,False,False,False,False,True,False,False,False,False,False
1,male,Asian,0.32177549600601196,0.678224503993988,0-4,False,True,True,False,False,False,False,True,False,False,False,False,False,False,False,False
2,female,Others,10.613334655761719,8.613334655761719,0-4,True,False,False,False,False,True,False,True,False,False,False,False,False,False,False,False
4,male,White,1.0235804319381714,2.9764195680618286,0-4,False,True,False,False,False,False,True,True,False,False,False,False,False,False,False,False
35,male,Indian,32.99652862548828,2.0034713745117188,35-44,False,True,False,False,True,False,False,False,False,False,False,True,False,False,False,False
36,male,White,34.96245574951172,1.0375442504882812,35-44,False,True,False,False,False,False,True,False,False,False,False,True,False,False,False,False
21,female,Asian,25.412752151489258,4.412752151489258,18-24,True,False,True,False,False,False,False,False,False,True,False,False,False,False,False,False
37,female,White,36.74342346191406,0.2565765380859375,35-44,True,False,False,False,False,False,True,False,False,False,False,True,False,False,False,False
8,female,Others,11.835015296936035,3.835015296936035,5-17,True,False,False,False,False,True,False,False,True,False,False,False,False,False,False,False
42,female,Black,27.097049713134766,14.902950286865234,35-44,True,False,False,True,False,False,False,False,False,False,False,True,False,False,False,False
20,female,Others,23.98036003112793,3.9803600311279297,18-24,True,False,False,False,False,True,False,False,False,True,False,False,False,False,False,False
26,male,Black,27.100194931030273,1.1001949310302734,25-34,False,True,False,True,False,False,False,False,False,False,True,False,False,False,False,False
29,female,Black,28.0958251953125,0.9041748046875,25-34,True,False,False,True,False,False,False,False,False,False,True,False,False,False,False,False
